ISO-10303-21;
HEADER;
/* Generated by software containing ST-Developer
 * from STEP Tools, Inc. (www.steptools.com) 
 */

FILE_DESCRIPTION(
/* description */ (''),
/* implementation_level */ '2;1');

FILE_NAME(
/* name */ 'TCX5108-0111177.step',
/* time_stamp */ '2026-08-22T14:02:17+09:00',
/* author */ (''),
/* organization */ (''),
/* preprocessor_version */ 'ST-DEVELOPER v20.1',
/* originating_system */ 'Autodesk Translation Framework v15.8.0.0',
/* authorisation */ '');

FILE_SCHEMA (('AUTOMOTIVE_DESIGN { 1 0 10303 214 3 1 1 }'));
ENDSEC;

DATA;
#10=MECHANICAL_DESIGN_GEOMETRIC_PRESENTATION_REPRESENTATION('',(#118,#119,
#120,#121),#12233);
#11=CONTEXT_DEPENDENT_OVER_RIDING_STYLED_ITEM('',(#12289),#12261,#121,(#87,
#79));
#12=CONTEXT_DEPENDENT_OVER_RIDING_STYLED_ITEM('',(#12289),#12261,#121,(#87,
#80));
#13=CONTEXT_DEPENDENT_OVER_RIDING_STYLED_ITEM('',(#12289),#12261,#121,(#87,
#81));
#14=CONTEXT_DEPENDENT_OVER_RIDING_STYLED_ITEM('',(#12289),#12261,#121,(#87,
#82));
#15=CONTEXT_DEPENDENT_OVER_RIDING_STYLED_ITEM('',(#12289),#12261,#121,(#87,
#83));
#16=CONTEXT_DEPENDENT_OVER_RIDING_STYLED_ITEM('',(#12289),#12261,#121,(#87,
#84));
#17=CONTEXT_DEPENDENT_OVER_RIDING_STYLED_ITEM('',(#12289),#12261,#121,(#87,
#85));
#18=CONTEXT_DEPENDENT_OVER_RIDING_STYLED_ITEM('',(#12289),#12261,#121,(#87,
#86));
#19=MAPPED_ITEM('',#20,#7870);
#20=REPRESENTATION_MAP(#7870,#12259);
#21=B_SPLINE_SURFACE_WITH_KNOTS('',3,3,((#10568,#10569,#10570,#10571,#10572,
#10573,#10574,#10575),(#10576,#10577,#10578,#10579,#10580,#10581,#10582,
#10583),(#10584,#10585,#10586,#10587,#10588,#10589,#10590,#10591),(#10592,
#10593,#10594,#10595,#10596,#10597,#10598,#10599),(#10600,#10601,#10602,
#10603,#10604,#10605,#10606,#10607)),.UNSPECIFIED.,.F.,.F.,.F.,(4,1,4),
(4,1,1,2,4),(0.,0.5,1.),(-0.0482646076837613,-0.0289587646102568,-0.0193058430735045,
0.,0.000223608051450364),.UNSPECIFIED.);
#22=B_SPLINE_SURFACE_WITH_KNOTS('',3,3,((#10653,#10654,#10655,#10656,#10657,
#10658,#10659,#10660),(#10661,#10662,#10663,#10664,#10665,#10666,#10667,
#10668),(#10669,#10670,#10671,#10672,#10673,#10674,#10675,#10676),(#10677,
#10678,#10679,#10680,#10681,#10682,#10683,#10684)),.UNSPECIFIED.,.F.,.F.,
 .F.,(4,4),(4,2,1,1,4),(0.,1.),(-0.0792854780882917,-0.0790618700368329,
-0.0597560269633319,-0.0501031054265813,-0.0307972623530803),
 .UNSPECIFIED.);
#23=B_SPLINE_SURFACE_WITH_KNOTS('',3,3,((#10686,#10687,#10688,#10689,#10690,
#10691,#10692,#10693),(#10694,#10695,#10696,#10697,#10698,#10699,#10700,
#10701),(#10702,#10703,#10704,#10705,#10706,#10707,#10708,#10709),(#10710,
#10711,#10712,#10713,#10714,#10715,#10716,#10717)),.UNSPECIFIED.,.F.,.F.,
 .F.,(4,4),(4,2,1,1,4),(0.,1.),(-0.0803921504649919,-0.0801685424135318,
-0.0608626993400313,-0.051209777803281,-0.0319039347297804),
 .UNSPECIFIED.);
#24=B_SPLINE_SURFACE_WITH_KNOTS('',3,3,((#10733,#10734,#10735,#10736,#10737,
#10738,#10739,#10740),(#10741,#10742,#10743,#10744,#10745,#10746,#10747,
#10748),(#10749,#10750,#10751,#10752,#10753,#10754,#10755,#10756),(#10757,
#10758,#10759,#10760,#10761,#10762,#10763,#10764),(#10765,#10766,#10767,
#10768,#10769,#10770,#10771,#10772)),.UNSPECIFIED.,.F.,.F.,.F.,(4,1,4),
(4,1,1,2,4),(0.,0.5,1.),(-0.048264607683751,-0.0289587646102506,-0.0193058430735004,
0.,0.000223608051460326),.UNSPECIFIED.);
#25=ELLIPSE('',#7506,0.0707106781186548,0.05);
#26=ELLIPSE('',#7510,0.0707106781186548,0.05);
#27=ELLIPSE('',#7515,0.0707106781186544,0.05);
#28=ELLIPSE('',#7520,0.0707106781186546,0.05);
#29=ELLIPSE('',#7721,0.14142135623731,0.1);
#30=ELLIPSE('',#7723,0.14142135623731,0.1);
#31=ELLIPSE('',#7730,0.353553390593274,0.25);
#32=ELLIPSE('',#7733,0.353553390593274,0.25);
#33=ELLIPSE('',#7735,0.353553390593274,0.25);
#34=ELLIPSE('',#7737,0.353553390593274,0.25);
#35=ELLIPSE('',#7741,0.353553390593274,0.25);
#36=ELLIPSE('',#7742,0.353553390593274,0.25);
#37=ELLIPSE('',#7744,0.353553390593274,0.25);
#38=ELLIPSE('',#7746,0.353553390593274,0.25);
#39=B_SPLINE_CURVE_WITH_KNOTS('',3,(#10196,#10197,#10198,#10199,#10200,
#10201,#10202,#10203,#10204,#10205,#10206,#10207,#10208,#10209),
 .UNSPECIFIED.,.F.,.F.,(4,2,2,2,2,2,4),(0.,0.00479206755301378,0.00955865144818609,
0.0143460484455584,0.0240427423831481,0.031372074472051,0.0387248888692693),
 .UNSPECIFIED.);
#40=B_SPLINE_CURVE_WITH_KNOTS('',3,(#10247,#10248,#10249,#10250,#10251,
#10252,#10253,#10254),.UNSPECIFIED.,.F.,.F.,(4,2,1,1,4),(-0.000223608051450364,
0.,0.0193058430735045,0.0289587646102568,0.0482646076837613),
 .UNSPECIFIED.);
#41=B_SPLINE_CURVE_WITH_KNOTS('',3,(#10257,#10258,#10259,#10260,#10261,
#10262,#10263,#10264),.UNSPECIFIED.,.F.,.F.,(4,1,1,2,4),(0.0307972623530803,
0.0501031054265813,0.0597560269633319,0.0790618700368329,0.0792854780882917),
 .UNSPECIFIED.);
#42=B_SPLINE_CURVE_WITH_KNOTS('',3,(#10284,#10285,#10286,#10287,#10288,
#10289,#10290,#10291),.UNSPECIFIED.,.F.,.F.,(4,2,1,1,4),(-0.000223608051460326,
0.,0.0193058430735004,0.0289587646102506,0.048264607683751),
 .UNSPECIFIED.);
#43=B_SPLINE_CURVE_WITH_KNOTS('',3,(#10295,#10296,#10297,#10298,#10299,
#10300,#10301,#10302),.UNSPECIFIED.,.F.,.F.,(4,1,1,2,4),(0.0319039347297804,
0.051209777803281,0.0608626993400313,0.0801685424135318,0.0803921504649919),
 .UNSPECIFIED.);
#44=B_SPLINE_CURVE_WITH_KNOTS('',3,(#10608,#10609,#10610,#10611,#10612,
#10613,#10614,#10615,#10616,#10617,#10618,#10619,#10620,#10621,#10622,#10623,
#10624,#10625,#10626,#10627,#10628,#10629,#10630,#10631,#10632,#10633,#10634,
#10635,#10636,#10637,#10638,#10639,#10640,#10641,#10642,#10643,#10644,#10645,
#10646,#10647),.UNSPECIFIED.,.F.,.F.,(4,3,3,3,3,3,3,3,3,3,3,3,3,4),(0.,
0.00461073421918491,0.00936075902120159,0.00975337789979154,0.0146201649749867,
0.0192426560972931,0.0194869520501818,0.0195545214165506,0.0240828986065235,
0.0286609603448533,0.0291891574784286,0.0337072474857946,0.0380132723455404,
0.0387775078727218),.UNSPECIFIED.);
#45=B_SPLINE_CURVE_WITH_KNOTS('',3,(#10718,#10719,#10720,#10721,#10722,
#10723,#10724,#10725,#10726,#10727,#10728,#10729,#10730,#10731),
 .UNSPECIFIED.,.F.,.F.,(4,2,2,2,2,2,4),(0.,0.00479206755301428,0.00955865144818679,
0.0143460484455581,0.0240427423831453,0.0313720744720454,0.0387248888692599),
 .UNSPECIFIED.);
#46=B_SPLINE_CURVE_WITH_KNOTS('',3,(#10773,#10774,#10775,#10776,#10777,
#10778,#10779,#10780,#10781,#10782,#10783,#10784,#10785,#10786,#10787,#10788,
#10789,#10790,#10791,#10792,#10793,#10794,#10795,#10796,#10797,#10798,#10799,
#10800,#10801,#10802,#10803,#10804,#10805,#10806,#10807,#10808,#10809,#10810,
#10811,#10812),.UNSPECIFIED.,.F.,.F.,(4,3,3,3,3,3,3,3,3,3,3,3,3,4),(0.,
0.00461090500176437,0.00936087482415937,0.0097533778997911,0.0146201649749858,
0.0192422911247806,0.0194869520501805,0.0195545214165493,0.0240827989937324,
0.0286609846870414,0.0291891574784259,0.0337071573184293,0.0380130817251448,
0.0387775078727186),.UNSPECIFIED.);
#47=B_SPLINE_CURVE_WITH_KNOTS('',3,(#11542,#11543,#11544,#11545,#11546,
#11547,#11548,#11549),.UNSPECIFIED.,.F.,.F.,(4,2,2,4),(0.056258283650644,
0.0616999500206195,0.067141616390595,0.0804900856030497),.UNSPECIFIED.);
#48=B_SPLINE_CURVE_WITH_KNOTS('',3,(#11563,#11564,#11565,#11566,#11567,
#11568,#11569,#11570),.UNSPECIFIED.,.F.,.F.,(4,2,2,4),(0.,0.0133484692124547,
0.0187901355824302,0.0242318019524056),.UNSPECIFIED.);
#49=TOROIDAL_SURFACE('',#7393,1.,0.05);
#50=TOROIDAL_SURFACE('',#7400,1.1,0.05);
#51=TOROIDAL_SURFACE('',#7403,1.,0.05);
#52=TOROIDAL_SURFACE('',#7410,1.1,0.05);
#53=TOROIDAL_SURFACE('',#7412,1.225,0.05);
#54=TOROIDAL_SURFACE('',#7421,1.225,0.05);
#55=TOROIDAL_SURFACE('',#7427,1.125,0.05);
#56=TOROIDAL_SURFACE('',#7431,1.125,0.05);
#57=FACE_BOUND('',#602,.T.);
#58=FACE_BOUND('',#603,.T.);
#59=FACE_BOUND('',#613,.T.);
#60=FACE_BOUND('',#614,.T.);
#61=FACE_BOUND('',#876,.T.);
#62=FACE_BOUND('',#877,.T.);
#63=FACE_BOUND('',#878,.T.);
#64=FACE_BOUND('',#879,.T.);
#65=FACE_BOUND('',#880,.T.);
#66=FACE_BOUND('',#881,.T.);
#67=FACE_BOUND('',#882,.T.);
#68=ITEM_DEFINED_TRANSFORMATION($,$,#7314,#7334);
#69=ITEM_DEFINED_TRANSFORMATION($,$,#7314,#7335);
#70=ITEM_DEFINED_TRANSFORMATION($,$,#7314,#7336);
#71=ITEM_DEFINED_TRANSFORMATION($,$,#7314,#7337);
#72=ITEM_DEFINED_TRANSFORMATION($,$,#7314,#7338);
#73=ITEM_DEFINED_TRANSFORMATION($,$,#7314,#7339);
#74=ITEM_DEFINED_TRANSFORMATION($,$,#7314,#7340);
#75=ITEM_DEFINED_TRANSFORMATION($,$,#7314,#7341);
#76=ITEM_DEFINED_TRANSFORMATION($,$,#7313,#7867);
#77=ITEM_DEFINED_TRANSFORMATION($,$,#7342,#7868);
#78=ITEM_DEFINED_TRANSFORMATION($,$,#7667,#7869);
#79=(
REPRESENTATION_RELATIONSHIP($,$,#12261,#12260)
REPRESENTATION_RELATIONSHIP_WITH_TRANSFORMATION(#68)
SHAPE_REPRESENTATION_RELATIONSHIP()
);
#80=(
REPRESENTATION_RELATIONSHIP($,$,#12261,#12260)
REPRESENTATION_RELATIONSHIP_WITH_TRANSFORMATION(#69)
SHAPE_REPRESENTATION_RELATIONSHIP()
);
#81=(
REPRESENTATION_RELATIONSHIP($,$,#12261,#12260)
REPRESENTATION_RELATIONSHIP_WITH_TRANSFORMATION(#70)
SHAPE_REPRESENTATION_RELATIONSHIP()
);
#82=(
REPRESENTATION_RELATIONSHIP($,$,#12261,#12260)
REPRESENTATION_RELATIONSHIP_WITH_TRANSFORMATION(#71)
SHAPE_REPRESENTATION_RELATIONSHIP()
);
#83=(
REPRESENTATION_RELATIONSHIP($,$,#12261,#12260)
REPRESENTATION_RELATIONSHIP_WITH_TRANSFORMATION(#72)
SHAPE_REPRESENTATION_RELATIONSHIP()
);
#84=(
REPRESENTATION_RELATIONSHIP($,$,#12261,#12260)
REPRESENTATION_RELATIONSHIP_WITH_TRANSFORMATION(#73)
SHAPE_REPRESENTATION_RELATIONSHIP()
);
#85=(
REPRESENTATION_RELATIONSHIP($,$,#12261,#12260)
REPRESENTATION_RELATIONSHIP_WITH_TRANSFORMATION(#74)
SHAPE_REPRESENTATION_RELATIONSHIP()
);
#86=(
REPRESENTATION_RELATIONSHIP($,$,#12261,#12260)
REPRESENTATION_RELATIONSHIP_WITH_TRANSFORMATION(#75)
SHAPE_REPRESENTATION_RELATIONSHIP()
);
#87=(
REPRESENTATION_RELATIONSHIP($,$,#12260,#12259)
REPRESENTATION_RELATIONSHIP_WITH_TRANSFORMATION(#76)
SHAPE_REPRESENTATION_RELATIONSHIP()
);
#88=(
REPRESENTATION_RELATIONSHIP($,$,#12262,#12259)
REPRESENTATION_RELATIONSHIP_WITH_TRANSFORMATION(#77)
SHAPE_REPRESENTATION_RELATIONSHIP()
);
#89=(
REPRESENTATION_RELATIONSHIP($,$,#12263,#12259)
REPRESENTATION_RELATIONSHIP_WITH_TRANSFORMATION(#78)
SHAPE_REPRESENTATION_RELATIONSHIP()
);
#90=CONTEXT_DEPENDENT_SHAPE_REPRESENTATION(#79,#12246);
#91=CONTEXT_DEPENDENT_SHAPE_REPRESENTATION(#80,#12247);
#92=CONTEXT_DEPENDENT_SHAPE_REPRESENTATION(#81,#12248);
#93=CONTEXT_DEPENDENT_SHAPE_REPRESENTATION(#82,#12249);
#94=CONTEXT_DEPENDENT_SHAPE_REPRESENTATION(#83,#12250);
#95=CONTEXT_DEPENDENT_SHAPE_REPRESENTATION(#84,#12251);
#96=CONTEXT_DEPENDENT_SHAPE_REPRESENTATION(#85,#12252);
#97=CONTEXT_DEPENDENT_SHAPE_REPRESENTATION(#86,#12253);
#98=CONTEXT_DEPENDENT_SHAPE_REPRESENTATION(#87,#12256);
#99=CONTEXT_DEPENDENT_SHAPE_REPRESENTATION(#88,#12257);
#100=CONTEXT_DEPENDENT_SHAPE_REPRESENTATION(#89,#12258);
#101=NEXT_ASSEMBLY_USAGE_OCCURRENCE('contact:1','contact:1','contact:1',
#12266,#12267,'contact:1');
#102=NEXT_ASSEMBLY_USAGE_OCCURRENCE('contact:2','contact:2','contact:2',
#12266,#12267,'contact:2');
#103=NEXT_ASSEMBLY_USAGE_OCCURRENCE('contact:3','contact:3','contact:3',
#12266,#12267,'contact:3');
#104=NEXT_ASSEMBLY_USAGE_OCCURRENCE('contact:4','contact:4','contact:4',
#12266,#12267,'contact:4');
#105=NEXT_ASSEMBLY_USAGE_OCCURRENCE('contact:5','contact:5','contact:5',
#12266,#12267,'contact:5');
#106=NEXT_ASSEMBLY_USAGE_OCCURRENCE('contact:6','contact:6','contact:6',
#12266,#12267,'contact:6');
#107=NEXT_ASSEMBLY_USAGE_OCCURRENCE('contact:7','contact:7','contact:7',
#12266,#12267,'contact:7');
#108=NEXT_ASSEMBLY_USAGE_OCCURRENCE('contact:8','contact:8','contact:8',
#12266,#12267,'contact:8');
#109=NEXT_ASSEMBLY_USAGE_OCCURRENCE('contact:1','contact:1','contact:1',
#12265,#12266,'contact:1');
#110=NEXT_ASSEMBLY_USAGE_OCCURRENCE('frame:1','frame:1','frame:1',#12265,
#12268,'frame:1');
#111=NEXT_ASSEMBLY_USAGE_OCCURRENCE('plastic:1','plastic:1','plastic:1',
#12265,#12269,'plastic:1');
#112=SHAPE_REPRESENTATION_RELATIONSHIP('SRR','None',#12261,#115);
#113=SHAPE_REPRESENTATION_RELATIONSHIP('SRR','None',#12262,#116);
#114=SHAPE_REPRESENTATION_RELATIONSHIP('SRR','None',#12263,#117);
#115=ADVANCED_BREP_SHAPE_REPRESENTATION('',(#122),#12230);
#116=ADVANCED_BREP_SHAPE_REPRESENTATION('',(#123),#12231);
#117=ADVANCED_BREP_SHAPE_REPRESENTATION('',(#124),#12232);
#118=STYLED_ITEM('',(#12289),#122);
#119=STYLED_ITEM('',(#12290),#123);
#120=STYLED_ITEM('',(#12291),#124);
#121=STYLED_ITEM('',(#12292),#19);
#122=MANIFOLD_SOLID_BREP('\X2\30DC30C730A3\X0\1',#7275);
#123=MANIFOLD_SOLID_BREP('\X2\30DC30C730A3\X0\1',#7276);
#124=MANIFOLD_SOLID_BREP('\X2\30DC30C730A3\X0\1',#7277);
#125=CYLINDRICAL_SURFACE('',#7330,0.0999999999999999);
#126=CYLINDRICAL_SURFACE('',#7349,0.45);
#127=CYLINDRICAL_SURFACE('',#7361,0.05);
#128=CYLINDRICAL_SURFACE('',#7364,0.45);
#129=CYLINDRICAL_SURFACE('',#7385,0.05);
#130=CYLINDRICAL_SURFACE('',#7387,0.05);
#131=CYLINDRICAL_SURFACE('',#7389,0.05);
#132=CYLINDRICAL_SURFACE('',#7391,0.05);
#133=CYLINDRICAL_SURFACE('',#7397,1.05);
#134=CYLINDRICAL_SURFACE('',#7402,0.05);
#135=CYLINDRICAL_SURFACE('',#7407,1.05);
#136=CYLINDRICAL_SURFACE('',#7418,1.175);
#137=CYLINDRICAL_SURFACE('',#7424,1.175);
#138=CYLINDRICAL_SURFACE('',#7435,0.05);
#139=CYLINDRICAL_SURFACE('',#7446,0.05);
#140=CYLINDRICAL_SURFACE('',#7456,0.05);
#141=CYLINDRICAL_SURFACE('',#7459,0.05);
#142=CYLINDRICAL_SURFACE('',#7467,0.05);
#143=CYLINDRICAL_SURFACE('',#7475,0.05);
#144=CYLINDRICAL_SURFACE('',#7483,0.05);
#145=CYLINDRICAL_SURFACE('',#7485,0.05);
#146=CYLINDRICAL_SURFACE('',#7487,0.05);
#147=CYLINDRICAL_SURFACE('',#7488,0.05);
#148=CYLINDRICAL_SURFACE('',#7492,0.05);
#149=CYLINDRICAL_SURFACE('',#7495,0.05);
#150=CYLINDRICAL_SURFACE('',#7497,0.05);
#151=CYLINDRICAL_SURFACE('',#7500,0.05);
#152=CYLINDRICAL_SURFACE('',#7504,0.05);
#153=CYLINDRICAL_SURFACE('',#7509,0.05);
#154=CYLINDRICAL_SURFACE('',#7514,0.05);
#155=CYLINDRICAL_SURFACE('',#7519,0.05);
#156=CYLINDRICAL_SURFACE('',#7533,0.1);
#157=CYLINDRICAL_SURFACE('',#7536,0.1);
#158=CYLINDRICAL_SURFACE('',#7540,0.0499999999999995);
#159=CYLINDRICAL_SURFACE('',#7542,0.0500000000000006);
#160=CYLINDRICAL_SURFACE('',#7547,0.45);
#161=CYLINDRICAL_SURFACE('',#7558,0.450000000000001);
#162=CYLINDRICAL_SURFACE('',#7564,0.450000000000002);
#163=CYLINDRICAL_SURFACE('',#7566,0.450000000000002);
#164=CYLINDRICAL_SURFACE('',#7569,0.0499999999999989);
#165=CYLINDRICAL_SURFACE('',#7572,0.099999999999999);
#166=CYLINDRICAL_SURFACE('',#7575,0.100000000000001);
#167=CYLINDRICAL_SURFACE('',#7579,0.0499999999999989);
#168=CYLINDRICAL_SURFACE('',#7581,0.1);
#169=CYLINDRICAL_SURFACE('',#7591,0.45);
#170=CYLINDRICAL_SURFACE('',#7593,0.05);
#171=CYLINDRICAL_SURFACE('',#7600,0.45);
#172=CYLINDRICAL_SURFACE('',#7605,0.1);
#173=CYLINDRICAL_SURFACE('',#7609,0.1);
#174=CYLINDRICAL_SURFACE('',#7612,0.099999999999999);
#175=CYLINDRICAL_SURFACE('',#7615,0.05);
#176=CYLINDRICAL_SURFACE('',#7617,0.1);
#177=CYLINDRICAL_SURFACE('',#7619,0.100000000000001);
#178=CYLINDRICAL_SURFACE('',#7622,0.449999999999994);
#179=CYLINDRICAL_SURFACE('',#7626,0.0500000000000006);
#180=CYLINDRICAL_SURFACE('',#7629,0.449999999999994);
#181=CYLINDRICAL_SURFACE('',#7651,0.05);
#182=CYLINDRICAL_SURFACE('',#7652,0.05);
#183=CYLINDRICAL_SURFACE('',#7654,0.05);
#184=CYLINDRICAL_SURFACE('',#7656,0.05);
#185=CYLINDRICAL_SURFACE('',#7658,0.05);
#186=CYLINDRICAL_SURFACE('',#7660,0.0499999999999939);
#187=CYLINDRICAL_SURFACE('',#7661,0.450000000000001);
#188=CYLINDRICAL_SURFACE('',#7662,0.0499999999999939);
#189=CYLINDRICAL_SURFACE('',#7666,0.449999999999999);
#190=CYLINDRICAL_SURFACE('',#7720,0.1);
#191=CYLINDRICAL_SURFACE('',#7722,0.1);
#192=CYLINDRICAL_SURFACE('',#7724,0.1);
#193=CYLINDRICAL_SURFACE('',#7728,0.25);
#194=CYLINDRICAL_SURFACE('',#7731,0.25);
#195=CYLINDRICAL_SURFACE('',#7734,0.25);
#196=CYLINDRICAL_SURFACE('',#7736,0.25);
#197=CYLINDRICAL_SURFACE('',#7738,0.25);
#198=CYLINDRICAL_SURFACE('',#7740,0.25);
#199=CYLINDRICAL_SURFACE('',#7743,0.25);
#200=CYLINDRICAL_SURFACE('',#7745,0.25);
#201=FACE_OUTER_BOUND('',#579,.T.);
#202=FACE_OUTER_BOUND('',#580,.T.);
#203=FACE_OUTER_BOUND('',#581,.T.);
#204=FACE_OUTER_BOUND('',#582,.T.);
#205=FACE_OUTER_BOUND('',#583,.T.);
#206=FACE_OUTER_BOUND('',#584,.T.);
#207=FACE_OUTER_BOUND('',#585,.T.);
#208=FACE_OUTER_BOUND('',#586,.T.);
#209=FACE_OUTER_BOUND('',#587,.T.);
#210=FACE_OUTER_BOUND('',#588,.T.);
#211=FACE_OUTER_BOUND('',#589,.T.);
#212=FACE_OUTER_BOUND('',#590,.T.);
#213=FACE_OUTER_BOUND('',#591,.T.);
#214=FACE_OUTER_BOUND('',#592,.T.);
#215=FACE_OUTER_BOUND('',#593,.T.);
#216=FACE_OUTER_BOUND('',#594,.T.);
#217=FACE_OUTER_BOUND('',#595,.T.);
#218=FACE_OUTER_BOUND('',#596,.T.);
#219=FACE_OUTER_BOUND('',#597,.T.);
#220=FACE_OUTER_BOUND('',#598,.T.);
#221=FACE_OUTER_BOUND('',#599,.T.);
#222=FACE_OUTER_BOUND('',#600,.T.);
#223=FACE_OUTER_BOUND('',#601,.T.);
#224=FACE_OUTER_BOUND('',#604,.T.);
#225=FACE_OUTER_BOUND('',#605,.T.);
#226=FACE_OUTER_BOUND('',#606,.T.);
#227=FACE_OUTER_BOUND('',#607,.T.);
#228=FACE_OUTER_BOUND('',#608,.T.);
#229=FACE_OUTER_BOUND('',#609,.T.);
#230=FACE_OUTER_BOUND('',#610,.T.);
#231=FACE_OUTER_BOUND('',#611,.T.);
#232=FACE_OUTER_BOUND('',#612,.T.);
#233=FACE_OUTER_BOUND('',#615,.T.);
#234=FACE_OUTER_BOUND('',#616,.T.);
#235=FACE_OUTER_BOUND('',#617,.T.);
#236=FACE_OUTER_BOUND('',#618,.T.);
#237=FACE_OUTER_BOUND('',#619,.T.);
#238=FACE_OUTER_BOUND('',#620,.T.);
#239=FACE_OUTER_BOUND('',#621,.T.);
#240=FACE_OUTER_BOUND('',#622,.T.);
#241=FACE_OUTER_BOUND('',#623,.T.);
#242=FACE_OUTER_BOUND('',#624,.T.);
#243=FACE_OUTER_BOUND('',#625,.T.);
#244=FACE_OUTER_BOUND('',#626,.T.);
#245=FACE_OUTER_BOUND('',#627,.T.);
#246=FACE_OUTER_BOUND('',#628,.T.);
#247=FACE_OUTER_BOUND('',#629,.T.);
#248=FACE_OUTER_BOUND('',#630,.T.);
#249=FACE_OUTER_BOUND('',#631,.T.);
#250=FACE_OUTER_BOUND('',#632,.T.);
#251=FACE_OUTER_BOUND('',#633,.T.);
#252=FACE_OUTER_BOUND('',#634,.T.);
#253=FACE_OUTER_BOUND('',#635,.T.);
#254=FACE_OUTER_BOUND('',#636,.T.);
#255=FACE_OUTER_BOUND('',#637,.T.);
#256=FACE_OUTER_BOUND('',#638,.T.);
#257=FACE_OUTER_BOUND('',#639,.T.);
#258=FACE_OUTER_BOUND('',#640,.T.);
#259=FACE_OUTER_BOUND('',#641,.T.);
#260=FACE_OUTER_BOUND('',#642,.T.);
#261=FACE_OUTER_BOUND('',#643,.T.);
#262=FACE_OUTER_BOUND('',#644,.T.);
#263=FACE_OUTER_BOUND('',#645,.T.);
#264=FACE_OUTER_BOUND('',#646,.T.);
#265=FACE_OUTER_BOUND('',#647,.T.);
#266=FACE_OUTER_BOUND('',#648,.T.);
#267=FACE_OUTER_BOUND('',#649,.T.);
#268=FACE_OUTER_BOUND('',#650,.T.);
#269=FACE_OUTER_BOUND('',#651,.T.);
#270=FACE_OUTER_BOUND('',#652,.T.);
#271=FACE_OUTER_BOUND('',#653,.T.);
#272=FACE_OUTER_BOUND('',#654,.T.);
#273=FACE_OUTER_BOUND('',#655,.T.);
#274=FACE_OUTER_BOUND('',#656,.T.);
#275=FACE_OUTER_BOUND('',#657,.T.);
#276=FACE_OUTER_BOUND('',#658,.T.);
#277=FACE_OUTER_BOUND('',#659,.T.);
#278=FACE_OUTER_BOUND('',#660,.T.);
#279=FACE_OUTER_BOUND('',#661,.T.);
#280=FACE_OUTER_BOUND('',#662,.T.);
#281=FACE_OUTER_BOUND('',#663,.T.);
#282=FACE_OUTER_BOUND('',#664,.T.);
#283=FACE_OUTER_BOUND('',#665,.T.);
#284=FACE_OUTER_BOUND('',#666,.T.);
#285=FACE_OUTER_BOUND('',#667,.T.);
#286=FACE_OUTER_BOUND('',#668,.T.);
#287=FACE_OUTER_BOUND('',#669,.T.);
#288=FACE_OUTER_BOUND('',#670,.T.);
#289=FACE_OUTER_BOUND('',#671,.T.);
#290=FACE_OUTER_BOUND('',#672,.T.);
#291=FACE_OUTER_BOUND('',#673,.T.);
#292=FACE_OUTER_BOUND('',#674,.T.);
#293=FACE_OUTER_BOUND('',#675,.T.);
#294=FACE_OUTER_BOUND('',#676,.T.);
#295=FACE_OUTER_BOUND('',#677,.T.);
#296=FACE_OUTER_BOUND('',#678,.T.);
#297=FACE_OUTER_BOUND('',#679,.T.);
#298=FACE_OUTER_BOUND('',#680,.T.);
#299=FACE_OUTER_BOUND('',#681,.T.);
#300=FACE_OUTER_BOUND('',#682,.T.);
#301=FACE_OUTER_BOUND('',#683,.T.);
#302=FACE_OUTER_BOUND('',#684,.T.);
#303=FACE_OUTER_BOUND('',#685,.T.);
#304=FACE_OUTER_BOUND('',#686,.T.);
#305=FACE_OUTER_BOUND('',#687,.T.);
#306=FACE_OUTER_BOUND('',#688,.T.);
#307=FACE_OUTER_BOUND('',#689,.T.);
#308=FACE_OUTER_BOUND('',#690,.T.);
#309=FACE_OUTER_BOUND('',#691,.T.);
#310=FACE_OUTER_BOUND('',#692,.T.);
#311=FACE_OUTER_BOUND('',#693,.T.);
#312=FACE_OUTER_BOUND('',#694,.T.);
#313=FACE_OUTER_BOUND('',#695,.T.);
#314=FACE_OUTER_BOUND('',#696,.T.);
#315=FACE_OUTER_BOUND('',#697,.T.);
#316=FACE_OUTER_BOUND('',#698,.T.);
#317=FACE_OUTER_BOUND('',#699,.T.);
#318=FACE_OUTER_BOUND('',#700,.T.);
#319=FACE_OUTER_BOUND('',#701,.T.);
#320=FACE_OUTER_BOUND('',#702,.T.);
#321=FACE_OUTER_BOUND('',#703,.T.);
#322=FACE_OUTER_BOUND('',#704,.T.);
#323=FACE_OUTER_BOUND('',#705,.T.);
#324=FACE_OUTER_BOUND('',#706,.T.);
#325=FACE_OUTER_BOUND('',#707,.T.);
#326=FACE_OUTER_BOUND('',#708,.T.);
#327=FACE_OUTER_BOUND('',#709,.T.);
#328=FACE_OUTER_BOUND('',#710,.T.);
#329=FACE_OUTER_BOUND('',#711,.T.);
#330=FACE_OUTER_BOUND('',#712,.T.);
#331=FACE_OUTER_BOUND('',#713,.T.);
#332=FACE_OUTER_BOUND('',#714,.T.);
#333=FACE_OUTER_BOUND('',#715,.T.);
#334=FACE_OUTER_BOUND('',#716,.T.);
#335=FACE_OUTER_BOUND('',#717,.T.);
#336=FACE_OUTER_BOUND('',#718,.T.);
#337=FACE_OUTER_BOUND('',#719,.T.);
#338=FACE_OUTER_BOUND('',#720,.T.);
#339=FACE_OUTER_BOUND('',#721,.T.);
#340=FACE_OUTER_BOUND('',#722,.T.);
#341=FACE_OUTER_BOUND('',#723,.T.);
#342=FACE_OUTER_BOUND('',#724,.T.);
#343=FACE_OUTER_BOUND('',#725,.T.);
#344=FACE_OUTER_BOUND('',#726,.T.);
#345=FACE_OUTER_BOUND('',#727,.T.);
#346=FACE_OUTER_BOUND('',#728,.T.);
#347=FACE_OUTER_BOUND('',#729,.T.);
#348=FACE_OUTER_BOUND('',#730,.T.);
#349=FACE_OUTER_BOUND('',#731,.T.);
#350=FACE_OUTER_BOUND('',#732,.T.);
#351=FACE_OUTER_BOUND('',#733,.T.);
#352=FACE_OUTER_BOUND('',#734,.T.);
#353=FACE_OUTER_BOUND('',#735,.T.);
#354=FACE_OUTER_BOUND('',#736,.T.);
#355=FACE_OUTER_BOUND('',#737,.T.);
#356=FACE_OUTER_BOUND('',#738,.T.);
#357=FACE_OUTER_BOUND('',#739,.T.);
#358=FACE_OUTER_BOUND('',#740,.T.);
#359=FACE_OUTER_BOUND('',#741,.T.);
#360=FACE_OUTER_BOUND('',#742,.T.);
#361=FACE_OUTER_BOUND('',#743,.T.);
#362=FACE_OUTER_BOUND('',#744,.T.);
#363=FACE_OUTER_BOUND('',#745,.T.);
#364=FACE_OUTER_BOUND('',#746,.T.);
#365=FACE_OUTER_BOUND('',#747,.T.);
#366=FACE_OUTER_BOUND('',#748,.T.);
#367=FACE_OUTER_BOUND('',#749,.T.);
#368=FACE_OUTER_BOUND('',#750,.T.);
#369=FACE_OUTER_BOUND('',#751,.T.);
#370=FACE_OUTER_BOUND('',#752,.T.);
#371=FACE_OUTER_BOUND('',#753,.T.);
#372=FACE_OUTER_BOUND('',#754,.T.);
#373=FACE_OUTER_BOUND('',#755,.T.);
#374=FACE_OUTER_BOUND('',#756,.T.);
#375=FACE_OUTER_BOUND('',#757,.T.);
#376=FACE_OUTER_BOUND('',#758,.T.);
#377=FACE_OUTER_BOUND('',#759,.T.);
#378=FACE_OUTER_BOUND('',#760,.T.);
#379=FACE_OUTER_BOUND('',#761,.T.);
#380=FACE_OUTER_BOUND('',#762,.T.);
#381=FACE_OUTER_BOUND('',#763,.T.);
#382=FACE_OUTER_BOUND('',#764,.T.);
#383=FACE_OUTER_BOUND('',#765,.T.);
#384=FACE_OUTER_BOUND('',#766,.T.);
#385=FACE_OUTER_BOUND('',#767,.T.);
#386=FACE_OUTER_BOUND('',#768,.T.);
#387=FACE_OUTER_BOUND('',#769,.T.);
#388=FACE_OUTER_BOUND('',#770,.T.);
#389=FACE_OUTER_BOUND('',#771,.T.);
#390=FACE_OUTER_BOUND('',#772,.T.);
#391=FACE_OUTER_BOUND('',#773,.T.);
#392=FACE_OUTER_BOUND('',#774,.T.);
#393=FACE_OUTER_BOUND('',#775,.T.);
#394=FACE_OUTER_BOUND('',#776,.T.);
#395=FACE_OUTER_BOUND('',#777,.T.);
#396=FACE_OUTER_BOUND('',#778,.T.);
#397=FACE_OUTER_BOUND('',#779,.T.);
#398=FACE_OUTER_BOUND('',#780,.T.);
#399=FACE_OUTER_BOUND('',#781,.T.);
#400=FACE_OUTER_BOUND('',#782,.T.);
#401=FACE_OUTER_BOUND('',#783,.T.);
#402=FACE_OUTER_BOUND('',#784,.T.);
#403=FACE_OUTER_BOUND('',#785,.T.);
#404=FACE_OUTER_BOUND('',#786,.T.);
#405=FACE_OUTER_BOUND('',#787,.T.);
#406=FACE_OUTER_BOUND('',#788,.T.);
#407=FACE_OUTER_BOUND('',#789,.T.);
#408=FACE_OUTER_BOUND('',#790,.T.);
#409=FACE_OUTER_BOUND('',#791,.T.);
#410=FACE_OUTER_BOUND('',#792,.T.);
#411=FACE_OUTER_BOUND('',#793,.T.);
#412=FACE_OUTER_BOUND('',#794,.T.);
#413=FACE_OUTER_BOUND('',#795,.T.);
#414=FACE_OUTER_BOUND('',#796,.T.);
#415=FACE_OUTER_BOUND('',#797,.T.);
#416=FACE_OUTER_BOUND('',#798,.T.);
#417=FACE_OUTER_BOUND('',#799,.T.);
#418=FACE_OUTER_BOUND('',#800,.T.);
#419=FACE_OUTER_BOUND('',#801,.T.);
#420=FACE_OUTER_BOUND('',#802,.T.);
#421=FACE_OUTER_BOUND('',#803,.T.);
#422=FACE_OUTER_BOUND('',#804,.T.);
#423=FACE_OUTER_BOUND('',#805,.T.);
#424=FACE_OUTER_BOUND('',#806,.T.);
#425=FACE_OUTER_BOUND('',#807,.T.);
#426=FACE_OUTER_BOUND('',#808,.T.);
#427=FACE_OUTER_BOUND('',#809,.T.);
#428=FACE_OUTER_BOUND('',#810,.T.);
#429=FACE_OUTER_BOUND('',#811,.T.);
#430=FACE_OUTER_BOUND('',#812,.T.);
#431=FACE_OUTER_BOUND('',#813,.T.);
#432=FACE_OUTER_BOUND('',#814,.T.);
#433=FACE_OUTER_BOUND('',#815,.T.);
#434=FACE_OUTER_BOUND('',#816,.T.);
#435=FACE_OUTER_BOUND('',#817,.T.);
#436=FACE_OUTER_BOUND('',#818,.T.);
#437=FACE_OUTER_BOUND('',#819,.T.);
#438=FACE_OUTER_BOUND('',#820,.T.);
#439=FACE_OUTER_BOUND('',#821,.T.);
#440=FACE_OUTER_BOUND('',#822,.T.);
#441=FACE_OUTER_BOUND('',#823,.T.);
#442=FACE_OUTER_BOUND('',#824,.T.);
#443=FACE_OUTER_BOUND('',#825,.T.);
#444=FACE_OUTER_BOUND('',#826,.T.);
#445=FACE_OUTER_BOUND('',#827,.T.);
#446=FACE_OUTER_BOUND('',#828,.T.);
#447=FACE_OUTER_BOUND('',#829,.T.);
#448=FACE_OUTER_BOUND('',#830,.T.);
#449=FACE_OUTER_BOUND('',#831,.T.);
#450=FACE_OUTER_BOUND('',#832,.T.);
#451=FACE_OUTER_BOUND('',#833,.T.);
#452=FACE_OUTER_BOUND('',#834,.T.);
#453=FACE_OUTER_BOUND('',#835,.T.);
#454=FACE_OUTER_BOUND('',#836,.T.);
#455=FACE_OUTER_BOUND('',#837,.T.);
#456=FACE_OUTER_BOUND('',#838,.T.);
#457=FACE_OUTER_BOUND('',#839,.T.);
#458=FACE_OUTER_BOUND('',#840,.T.);
#459=FACE_OUTER_BOUND('',#841,.T.);
#460=FACE_OUTER_BOUND('',#842,.T.);
#461=FACE_OUTER_BOUND('',#843,.T.);
#462=FACE_OUTER_BOUND('',#844,.T.);
#463=FACE_OUTER_BOUND('',#845,.T.);
#464=FACE_OUTER_BOUND('',#846,.T.);
#465=FACE_OUTER_BOUND('',#847,.T.);
#466=FACE_OUTER_BOUND('',#848,.T.);
#467=FACE_OUTER_BOUND('',#849,.T.);
#468=FACE_OUTER_BOUND('',#850,.T.);
#469=FACE_OUTER_BOUND('',#851,.T.);
#470=FACE_OUTER_BOUND('',#852,.T.);
#471=FACE_OUTER_BOUND('',#853,.T.);
#472=FACE_OUTER_BOUND('',#854,.T.);
#473=FACE_OUTER_BOUND('',#855,.T.);
#474=FACE_OUTER_BOUND('',#856,.T.);
#475=FACE_OUTER_BOUND('',#857,.T.);
#476=FACE_OUTER_BOUND('',#858,.T.);
#477=FACE_OUTER_BOUND('',#859,.T.);
#478=FACE_OUTER_BOUND('',#860,.T.);
#479=FACE_OUTER_BOUND('',#861,.T.);
#480=FACE_OUTER_BOUND('',#862,.T.);
#481=FACE_OUTER_BOUND('',#863,.T.);
#482=FACE_OUTER_BOUND('',#864,.T.);
#483=FACE_OUTER_BOUND('',#865,.T.);
#484=FACE_OUTER_BOUND('',#866,.T.);
#485=FACE_OUTER_BOUND('',#867,.T.);
#486=FACE_OUTER_BOUND('',#868,.T.);
#487=FACE_OUTER_BOUND('',#869,.T.);
#488=FACE_OUTER_BOUND('',#870,.T.);
#489=FACE_OUTER_BOUND('',#871,.T.);
#490=FACE_OUTER_BOUND('',#872,.T.);
#491=FACE_OUTER_BOUND('',#873,.T.);
#492=FACE_OUTER_BOUND('',#874,.T.);
#493=FACE_OUTER_BOUND('',#875,.T.);
#494=FACE_OUTER_BOUND('',#883,.T.);
#495=FACE_OUTER_BOUND('',#884,.T.);
#496=FACE_OUTER_BOUND('',#885,.T.);
#497=FACE_OUTER_BOUND('',#886,.T.);
#498=FACE_OUTER_BOUND('',#887,.T.);
#499=FACE_OUTER_BOUND('',#888,.T.);
#500=FACE_OUTER_BOUND('',#889,.T.);
#501=FACE_OUTER_BOUND('',#890,.T.);
#502=FACE_OUTER_BOUND('',#891,.T.);
#503=FACE_OUTER_BOUND('',#892,.T.);
#504=FACE_OUTER_BOUND('',#893,.T.);
#505=FACE_OUTER_BOUND('',#894,.T.);
#506=FACE_OUTER_BOUND('',#895,.T.);
#507=FACE_OUTER_BOUND('',#896,.T.);
#508=FACE_OUTER_BOUND('',#897,.T.);
#509=FACE_OUTER_BOUND('',#898,.T.);
#510=FACE_OUTER_BOUND('',#899,.T.);
#511=FACE_OUTER_BOUND('',#900,.T.);
#512=FACE_OUTER_BOUND('',#901,.T.);
#513=FACE_OUTER_BOUND('',#902,.T.);
#514=FACE_OUTER_BOUND('',#903,.T.);
#515=FACE_OUTER_BOUND('',#904,.T.);
#516=FACE_OUTER_BOUND('',#905,.T.);
#517=FACE_OUTER_BOUND('',#906,.T.);
#518=FACE_OUTER_BOUND('',#907,.T.);
#519=FACE_OUTER_BOUND('',#908,.T.);
#520=FACE_OUTER_BOUND('',#909,.T.);
#521=FACE_OUTER_BOUND('',#910,.T.);
#522=FACE_OUTER_BOUND('',#911,.T.);
#523=FACE_OUTER_BOUND('',#912,.T.);
#524=FACE_OUTER_BOUND('',#913,.T.);
#525=FACE_OUTER_BOUND('',#914,.T.);
#526=FACE_OUTER_BOUND('',#915,.T.);
#527=FACE_OUTER_BOUND('',#916,.T.);
#528=FACE_OUTER_BOUND('',#917,.T.);
#529=FACE_OUTER_BOUND('',#918,.T.);
#530=FACE_OUTER_BOUND('',#919,.T.);
#531=FACE_OUTER_BOUND('',#920,.T.);
#532=FACE_OUTER_BOUND('',#921,.T.);
#533=FACE_OUTER_BOUND('',#922,.T.);
#534=FACE_OUTER_BOUND('',#923,.T.);
#535=FACE_OUTER_BOUND('',#924,.T.);
#536=FACE_OUTER_BOUND('',#925,.T.);
#537=FACE_OUTER_BOUND('',#926,.T.);
#538=FACE_OUTER_BOUND('',#927,.T.);
#539=FACE_OUTER_BOUND('',#928,.T.);
#540=FACE_OUTER_BOUND('',#929,.T.);
#541=FACE_OUTER_BOUND('',#930,.T.);
#542=FACE_OUTER_BOUND('',#931,.T.);
#543=FACE_OUTER_BOUND('',#932,.T.);
#544=FACE_OUTER_BOUND('',#933,.T.);
#545=FACE_OUTER_BOUND('',#934,.T.);
#546=FACE_OUTER_BOUND('',#935,.T.);
#547=FACE_OUTER_BOUND('',#936,.T.);
#548=FACE_OUTER_BOUND('',#937,.T.);
#549=FACE_OUTER_BOUND('',#938,.T.);
#550=FACE_OUTER_BOUND('',#939,.T.);
#551=FACE_OUTER_BOUND('',#940,.T.);
#552=FACE_OUTER_BOUND('',#941,.T.);
#553=FACE_OUTER_BOUND('',#942,.T.);
#554=FACE_OUTER_BOUND('',#943,.T.);
#555=FACE_OUTER_BOUND('',#944,.T.);
#556=FACE_OUTER_BOUND('',#945,.T.);
#557=FACE_OUTER_BOUND('',#946,.T.);
#558=FACE_OUTER_BOUND('',#947,.T.);
#559=FACE_OUTER_BOUND('',#948,.T.);
#560=FACE_OUTER_BOUND('',#949,.T.);
#561=FACE_OUTER_BOUND('',#950,.T.);
#562=FACE_OUTER_BOUND('',#951,.T.);
#563=FACE_OUTER_BOUND('',#952,.T.);
#564=FACE_OUTER_BOUND('',#953,.T.);
#565=FACE_OUTER_BOUND('',#954,.T.);
#566=FACE_OUTER_BOUND('',#955,.T.);
#567=FACE_OUTER_BOUND('',#956,.T.);
#568=FACE_OUTER_BOUND('',#957,.T.);
#569=FACE_OUTER_BOUND('',#958,.T.);
#570=FACE_OUTER_BOUND('',#959,.T.);
#571=FACE_OUTER_BOUND('',#960,.T.);
#572=FACE_OUTER_BOUND('',#961,.T.);
#573=FACE_OUTER_BOUND('',#962,.T.);
#574=FACE_OUTER_BOUND('',#963,.T.);
#575=FACE_OUTER_BOUND('',#964,.T.);
#576=FACE_OUTER_BOUND('',#965,.T.);
#577=FACE_OUTER_BOUND('',#966,.T.);
#578=FACE_OUTER_BOUND('',#967,.T.);
#579=EDGE_LOOP('',(#4533,#4534,#4535,#4536,#4537,#4538,#4539,#4540,#4541,
#4542,#4543,#4544,#4545,#4546,#4547));
#580=EDGE_LOOP('',(#4548,#4549,#4550,#4551));
#581=EDGE_LOOP('',(#4552,#4553,#4554,#4555));
#582=EDGE_LOOP('',(#4556,#4557,#4558,#4559));
#583=EDGE_LOOP('',(#4560,#4561,#4562,#4563));
#584=EDGE_LOOP('',(#4564,#4565,#4566,#4567));
#585=EDGE_LOOP('',(#4568,#4569,#4570,#4571));
#586=EDGE_LOOP('',(#4572,#4573,#4574,#4575));
#587=EDGE_LOOP('',(#4576,#4577,#4578,#4579));
#588=EDGE_LOOP('',(#4580,#4581,#4582,#4583));
#589=EDGE_LOOP('',(#4584,#4585,#4586,#4587));
#590=EDGE_LOOP('',(#4588,#4589,#4590,#4591));
#591=EDGE_LOOP('',(#4592,#4593,#4594,#4595));
#592=EDGE_LOOP('',(#4596,#4597,#4598,#4599));
#593=EDGE_LOOP('',(#4600,#4601,#4602,#4603));
#594=EDGE_LOOP('',(#4604,#4605,#4606,#4607));
#595=EDGE_LOOP('',(#4608,#4609,#4610,#4611,#4612,#4613,#4614,#4615,#4616,
#4617,#4618,#4619,#4620,#4621,#4622));
#596=EDGE_LOOP('',(#4623,#4624,#4625,#4626,#4627,#4628));
#597=EDGE_LOOP('',(#4629,#4630,#4631,#4632));
#598=EDGE_LOOP('',(#4633,#4634,#4635,#4636));
#599=EDGE_LOOP('',(#4637,#4638,#4639,#4640));
#600=EDGE_LOOP('',(#4641,#4642,#4643,#4644));
#601=EDGE_LOOP('',(#4645,#4646,#4647,#4648,#4649,#4650,#4651,#4652,#4653,
#4654,#4655,#4656,#4657,#4658,#4659,#4660));
#602=EDGE_LOOP('',(#4661));
#603=EDGE_LOOP('',(#4662));
#604=EDGE_LOOP('',(#4663,#4664,#4665,#4666));
#605=EDGE_LOOP('',(#4667,#4668,#4669,#4670));
#606=EDGE_LOOP('',(#4671,#4672,#4673,#4674));
#607=EDGE_LOOP('',(#4675,#4676,#4677,#4678));
#608=EDGE_LOOP('',(#4679,#4680,#4681,#4682));
#609=EDGE_LOOP('',(#4683,#4684,#4685,#4686,#4687,#4688));
#610=EDGE_LOOP('',(#4689,#4690,#4691,#4692,#4693,#4694));
#611=EDGE_LOOP('',(#4695,#4696,#4697,#4698));
#612=EDGE_LOOP('',(#4699,#4700,#4701,#4702,#4703,#4704,#4705,#4706,#4707,
#4708,#4709,#4710,#4711,#4712,#4713,#4714));
#613=EDGE_LOOP('',(#4715));
#614=EDGE_LOOP('',(#4716));
#615=EDGE_LOOP('',(#4717,#4718,#4719,#4720));
#616=EDGE_LOOP('',(#4721,#4722,#4723,#4724));
#617=EDGE_LOOP('',(#4725,#4726,#4727,#4728));
#618=EDGE_LOOP('',(#4729,#4730,#4731,#4732));
#619=EDGE_LOOP('',(#4733,#4734,#4735,#4736));
#620=EDGE_LOOP('',(#4737,#4738,#4739,#4740));
#621=EDGE_LOOP('',(#4741,#4742,#4743,#4744));
#622=EDGE_LOOP('',(#4745,#4746,#4747,#4748));
#623=EDGE_LOOP('',(#4749,#4750,#4751,#4752));
#624=EDGE_LOOP('',(#4753,#4754,#4755,#4756));
#625=EDGE_LOOP('',(#4757,#4758,#4759,#4760));
#626=EDGE_LOOP('',(#4761));
#627=EDGE_LOOP('',(#4762,#4763,#4764,#4765));
#628=EDGE_LOOP('',(#4766,#4767,#4768,#4769));
#629=EDGE_LOOP('',(#4770,#4771,#4772,#4773));
#630=EDGE_LOOP('',(#4774,#4775,#4776,#4777));
#631=EDGE_LOOP('',(#4778));
#632=EDGE_LOOP('',(#4779,#4780,#4781,#4782));
#633=EDGE_LOOP('',(#4783,#4784,#4785,#4786));
#634=EDGE_LOOP('',(#4787,#4788,#4789,#4790,#4791,#4792));
#635=EDGE_LOOP('',(#4793,#4794,#4795,#4796,#4797));
#636=EDGE_LOOP('',(#4798,#4799,#4800,#4801));
#637=EDGE_LOOP('',(#4802,#4803,#4804,#4805,#4806));
#638=EDGE_LOOP('',(#4807,#4808,#4809,#4810,#4811));
#639=EDGE_LOOP('',(#4812));
#640=EDGE_LOOP('',(#4813,#4814,#4815,#4816,#4817));
#641=EDGE_LOOP('',(#4818));
#642=EDGE_LOOP('',(#4819,#4820,#4821,#4822));
#643=EDGE_LOOP('',(#4823,#4824,#4825,#4826,#4827,#4828));
#644=EDGE_LOOP('',(#4829,#4830,#4831,#4832,#4833,#4834,#4835,#4836,#4837,
#4838,#4839,#4840,#4841,#4842,#4843,#4844,#4845,#4846,#4847,#4848));
#645=EDGE_LOOP('',(#4849,#4850,#4851,#4852));
#646=EDGE_LOOP('',(#4853,#4854,#4855,#4856));
#647=EDGE_LOOP('',(#4857,#4858,#4859,#4860,#4861,#4862,#4863,#4864,#4865,
#4866,#4867,#4868,#4869,#4870,#4871,#4872,#4873,#4874,#4875,#4876));
#648=EDGE_LOOP('',(#4877,#4878,#4879,#4880));
#649=EDGE_LOOP('',(#4881,#4882,#4883,#4884));
#650=EDGE_LOOP('',(#4885,#4886,#4887,#4888));
#651=EDGE_LOOP('',(#4889,#4890,#4891,#4892));
#652=EDGE_LOOP('',(#4893,#4894,#4895,#4896,#4897,#4898,#4899,#4900,#4901,
#4902,#4903,#4904,#4905,#4906,#4907,#4908,#4909,#4910,#4911,#4912));
#653=EDGE_LOOP('',(#4913,#4914,#4915,#4916));
#654=EDGE_LOOP('',(#4917,#4918,#4919,#4920,#4921,#4922,#4923,#4924,#4925,
#4926,#4927,#4928,#4929,#4930));
#655=EDGE_LOOP('',(#4931,#4932,#4933,#4934));
#656=EDGE_LOOP('',(#4935,#4936,#4937,#4938));
#657=EDGE_LOOP('',(#4939,#4940,#4941,#4942,#4943,#4944,#4945,#4946,#4947,
#4948,#4949,#4950,#4951,#4952));
#658=EDGE_LOOP('',(#4953,#4954,#4955,#4956));
#659=EDGE_LOOP('',(#4957,#4958,#4959,#4960));
#660=EDGE_LOOP('',(#4961,#4962,#4963,#4964));
#661=EDGE_LOOP('',(#4965,#4966,#4967,#4968));
#662=EDGE_LOOP('',(#4969,#4970,#4971,#4972));
#663=EDGE_LOOP('',(#4973,#4974,#4975,#4976));
#664=EDGE_LOOP('',(#4977,#4978,#4979,#4980));
#665=EDGE_LOOP('',(#4981,#4982,#4983,#4984));
#666=EDGE_LOOP('',(#4985,#4986,#4987,#4988));
#667=EDGE_LOOP('',(#4989,#4990,#4991,#4992));
#668=EDGE_LOOP('',(#4993,#4994,#4995,#4996));
#669=EDGE_LOOP('',(#4997,#4998,#4999,#5000));
#670=EDGE_LOOP('',(#5001,#5002,#5003,#5004));
#671=EDGE_LOOP('',(#5005,#5006,#5007,#5008));
#672=EDGE_LOOP('',(#5009,#5010,#5011,#5012));
#673=EDGE_LOOP('',(#5013,#5014,#5015,#5016));
#674=EDGE_LOOP('',(#5017,#5018,#5019,#5020));
#675=EDGE_LOOP('',(#5021,#5022,#5023,#5024));
#676=EDGE_LOOP('',(#5025,#5026,#5027,#5028));
#677=EDGE_LOOP('',(#5029,#5030,#5031,#5032,#5033,#5034));
#678=EDGE_LOOP('',(#5035,#5036,#5037,#5038));
#679=EDGE_LOOP('',(#5039,#5040,#5041,#5042,#5043,#5044));
#680=EDGE_LOOP('',(#5045,#5046,#5047,#5048));
#681=EDGE_LOOP('',(#5049,#5050,#5051,#5052,#5053,#5054));
#682=EDGE_LOOP('',(#5055,#5056,#5057,#5058));
#683=EDGE_LOOP('',(#5059,#5060,#5061,#5062,#5063,#5064));
#684=EDGE_LOOP('',(#5065,#5066,#5067));
#685=EDGE_LOOP('',(#5068,#5069,#5070,#5071,#5072,#5073));
#686=EDGE_LOOP('',(#5074,#5075,#5076));
#687=EDGE_LOOP('',(#5077,#5078,#5079));
#688=EDGE_LOOP('',(#5080,#5081,#5082));
#689=EDGE_LOOP('',(#5083,#5084,#5085,#5086));
#690=EDGE_LOOP('',(#5087,#5088,#5089,#5090));
#691=EDGE_LOOP('',(#5091,#5092,#5093,#5094,#5095,#5096));
#692=EDGE_LOOP('',(#5097,#5098,#5099,#5100));
#693=EDGE_LOOP('',(#5101,#5102,#5103,#5104));
#694=EDGE_LOOP('',(#5105,#5106,#5107,#5108));
#695=EDGE_LOOP('',(#5109,#5110,#5111,#5112));
#696=EDGE_LOOP('',(#5113,#5114,#5115,#5116));
#697=EDGE_LOOP('',(#5117,#5118,#5119,#5120));
#698=EDGE_LOOP('',(#5121,#5122,#5123,#5124));
#699=EDGE_LOOP('',(#5125,#5126,#5127,#5128));
#700=EDGE_LOOP('',(#5129,#5130,#5131,#5132,#5133,#5134));
#701=EDGE_LOOP('',(#5135,#5136,#5137,#5138));
#702=EDGE_LOOP('',(#5139,#5140,#5141,#5142,#5143,#5144));
#703=EDGE_LOOP('',(#5145,#5146,#5147,#5148));
#704=EDGE_LOOP('',(#5149,#5150,#5151,#5152,#5153,#5154,#5155,#5156,#5157,
#5158,#5159,#5160,#5161,#5162,#5163,#5164,#5165,#5166,#5167,#5168));
#705=EDGE_LOOP('',(#5169,#5170,#5171,#5172));
#706=EDGE_LOOP('',(#5173,#5174,#5175,#5176));
#707=EDGE_LOOP('',(#5177,#5178,#5179,#5180,#5181,#5182));
#708=EDGE_LOOP('',(#5183,#5184,#5185,#5186));
#709=EDGE_LOOP('',(#5187,#5188,#5189,#5190,#5191));
#710=EDGE_LOOP('',(#5192,#5193,#5194,#5195,#5196));
#711=EDGE_LOOP('',(#5197,#5198,#5199,#5200));
#712=EDGE_LOOP('',(#5201,#5202,#5203,#5204));
#713=EDGE_LOOP('',(#5205,#5206,#5207,#5208,#5209,#5210));
#714=EDGE_LOOP('',(#5211,#5212,#5213,#5214));
#715=EDGE_LOOP('',(#5215,#5216,#5217,#5218));
#716=EDGE_LOOP('',(#5219,#5220,#5221,#5222));
#717=EDGE_LOOP('',(#5223,#5224,#5225,#5226,#5227,#5228));
#718=EDGE_LOOP('',(#5229,#5230,#5231,#5232));
#719=EDGE_LOOP('',(#5233,#5234,#5235,#5236));
#720=EDGE_LOOP('',(#5237,#5238,#5239,#5240));
#721=EDGE_LOOP('',(#5241,#5242,#5243,#5244));
#722=EDGE_LOOP('',(#5245,#5246,#5247,#5248));
#723=EDGE_LOOP('',(#5249,#5250,#5251,#5252,#5253,#5254,#5255,#5256,#5257,
#5258,#5259,#5260,#5261,#5262));
#724=EDGE_LOOP('',(#5263,#5264,#5265,#5266));
#725=EDGE_LOOP('',(#5267,#5268,#5269,#5270));
#726=EDGE_LOOP('',(#5271,#5272,#5273,#5274));
#727=EDGE_LOOP('',(#5275,#5276,#5277,#5278));
#728=EDGE_LOOP('',(#5279,#5280,#5281,#5282));
#729=EDGE_LOOP('',(#5283,#5284,#5285,#5286));
#730=EDGE_LOOP('',(#5287,#5288,#5289,#5290));
#731=EDGE_LOOP('',(#5291,#5292,#5293,#5294,#5295,#5296));
#732=EDGE_LOOP('',(#5297,#5298,#5299,#5300));
#733=EDGE_LOOP('',(#5301,#5302,#5303,#5304));
#734=EDGE_LOOP('',(#5305,#5306,#5307,#5308));
#735=EDGE_LOOP('',(#5309,#5310,#5311,#5312));
#736=EDGE_LOOP('',(#5313,#5314,#5315,#5316));
#737=EDGE_LOOP('',(#5317,#5318,#5319,#5320));
#738=EDGE_LOOP('',(#5321,#5322,#5323,#5324));
#739=EDGE_LOOP('',(#5325,#5326,#5327,#5328));
#740=EDGE_LOOP('',(#5329,#5330,#5331,#5332));
#741=EDGE_LOOP('',(#5333,#5334,#5335,#5336));
#742=EDGE_LOOP('',(#5337,#5338,#5339,#5340));
#743=EDGE_LOOP('',(#5341,#5342,#5343,#5344));
#744=EDGE_LOOP('',(#5345,#5346,#5347,#5348));
#745=EDGE_LOOP('',(#5349,#5350,#5351,#5352,#5353));
#746=EDGE_LOOP('',(#5354,#5355,#5356,#5357));
#747=EDGE_LOOP('',(#5358,#5359,#5360,#5361,#5362));
#748=EDGE_LOOP('',(#5363,#5364,#5365,#5366));
#749=EDGE_LOOP('',(#5367,#5368,#5369,#5370));
#750=EDGE_LOOP('',(#5371,#5372,#5373,#5374,#5375,#5376));
#751=EDGE_LOOP('',(#5377,#5378,#5379,#5380));
#752=EDGE_LOOP('',(#5381,#5382,#5383,#5384,#5385,#5386));
#753=EDGE_LOOP('',(#5387,#5388,#5389,#5390,#5391,#5392,#5393,#5394,#5395,
#5396,#5397,#5398,#5399,#5400));
#754=EDGE_LOOP('',(#5401,#5402,#5403,#5404,#5405,#5406));
#755=EDGE_LOOP('',(#5407,#5408,#5409,#5410));
#756=EDGE_LOOP('',(#5411,#5412,#5413,#5414));
#757=EDGE_LOOP('',(#5415,#5416,#5417,#5418));
#758=EDGE_LOOP('',(#5419,#5420,#5421,#5422));
#759=EDGE_LOOP('',(#5423,#5424,#5425,#5426));
#760=EDGE_LOOP('',(#5427,#5428,#5429,#5430));
#761=EDGE_LOOP('',(#5431,#5432,#5433,#5434));
#762=EDGE_LOOP('',(#5435,#5436,#5437,#5438));
#763=EDGE_LOOP('',(#5439,#5440,#5441,#5442));
#764=EDGE_LOOP('',(#5443,#5444,#5445,#5446));
#765=EDGE_LOOP('',(#5447,#5448,#5449,#5450));
#766=EDGE_LOOP('',(#5451,#5452,#5453,#5454));
#767=EDGE_LOOP('',(#5455,#5456,#5457,#5458));
#768=EDGE_LOOP('',(#5459,#5460,#5461,#5462,#5463,#5464));
#769=EDGE_LOOP('',(#5465,#5466,#5467,#5468));
#770=EDGE_LOOP('',(#5469,#5470,#5471,#5472,#5473,#5474));
#771=EDGE_LOOP('',(#5475,#5476,#5477,#5478));
#772=EDGE_LOOP('',(#5479,#5480,#5481,#5482,#5483,#5484));
#773=EDGE_LOOP('',(#5485,#5486,#5487,#5488,#5489,#5490));
#774=EDGE_LOOP('',(#5491,#5492,#5493,#5494));
#775=EDGE_LOOP('',(#5495,#5496,#5497,#5498));
#776=EDGE_LOOP('',(#5499,#5500,#5501,#5502));
#777=EDGE_LOOP('',(#5503,#5504,#5505,#5506));
#778=EDGE_LOOP('',(#5507,#5508,#5509,#5510));
#779=EDGE_LOOP('',(#5511,#5512,#5513,#5514));
#780=EDGE_LOOP('',(#5515,#5516,#5517,#5518));
#781=EDGE_LOOP('',(#5519,#5520,#5521,#5522));
#782=EDGE_LOOP('',(#5523,#5524,#5525,#5526));
#783=EDGE_LOOP('',(#5527,#5528,#5529,#5530));
#784=EDGE_LOOP('',(#5531,#5532,#5533,#5534));
#785=EDGE_LOOP('',(#5535,#5536,#5537,#5538));
#786=EDGE_LOOP('',(#5539,#5540,#5541,#5542));
#787=EDGE_LOOP('',(#5543,#5544,#5545,#5546));
#788=EDGE_LOOP('',(#5547,#5548,#5549,#5550));
#789=EDGE_LOOP('',(#5551,#5552,#5553,#5554));
#790=EDGE_LOOP('',(#5555,#5556,#5557,#5558));
#791=EDGE_LOOP('',(#5559,#5560,#5561,#5562));
#792=EDGE_LOOP('',(#5563,#5564,#5565,#5566));
#793=EDGE_LOOP('',(#5567,#5568,#5569,#5570));
#794=EDGE_LOOP('',(#5571,#5572,#5573,#5574));
#795=EDGE_LOOP('',(#5575,#5576,#5577,#5578));
#796=EDGE_LOOP('',(#5579,#5580,#5581,#5582));
#797=EDGE_LOOP('',(#5583,#5584,#5585,#5586));
#798=EDGE_LOOP('',(#5587,#5588,#5589,#5590));
#799=EDGE_LOOP('',(#5591,#5592,#5593,#5594));
#800=EDGE_LOOP('',(#5595,#5596,#5597,#5598));
#801=EDGE_LOOP('',(#5599,#5600,#5601,#5602));
#802=EDGE_LOOP('',(#5603,#5604,#5605,#5606));
#803=EDGE_LOOP('',(#5607,#5608,#5609,#5610));
#804=EDGE_LOOP('',(#5611,#5612,#5613,#5614));
#805=EDGE_LOOP('',(#5615,#5616,#5617,#5618));
#806=EDGE_LOOP('',(#5619,#5620,#5621,#5622,#5623,#5624,#5625));
#807=EDGE_LOOP('',(#5626,#5627,#5628,#5629,#5630,#5631,#5632));
#808=EDGE_LOOP('',(#5633,#5634,#5635,#5636,#5637,#5638,#5639));
#809=EDGE_LOOP('',(#5640,#5641,#5642,#5643,#5644,#5645,#5646));
#810=EDGE_LOOP('',(#5647,#5648,#5649,#5650,#5651,#5652,#5653));
#811=EDGE_LOOP('',(#5654,#5655,#5656,#5657,#5658,#5659,#5660,#5661));
#812=EDGE_LOOP('',(#5662,#5663,#5664,#5665,#5666,#5667,#5668));
#813=EDGE_LOOP('',(#5669,#5670,#5671,#5672,#5673,#5674,#5675,#5676));
#814=EDGE_LOOP('',(#5677,#5678,#5679,#5680,#5681,#5682,#5683));
#815=EDGE_LOOP('',(#5684,#5685,#5686,#5687,#5688,#5689,#5690));
#816=EDGE_LOOP('',(#5691,#5692,#5693,#5694,#5695,#5696,#5697));
#817=EDGE_LOOP('',(#5698,#5699,#5700,#5701,#5702,#5703,#5704));
#818=EDGE_LOOP('',(#5705,#5706,#5707,#5708,#5709,#5710,#5711));
#819=EDGE_LOOP('',(#5712,#5713,#5714,#5715,#5716,#5717,#5718));
#820=EDGE_LOOP('',(#5719,#5720,#5721,#5722,#5723,#5724,#5725));
#821=EDGE_LOOP('',(#5726,#5727,#5728,#5729,#5730,#5731,#5732,#5733));
#822=EDGE_LOOP('',(#5734,#5735,#5736,#5737,#5738,#5739,#5740));
#823=EDGE_LOOP('',(#5741,#5742,#5743,#5744,#5745,#5746,#5747,#5748));
#824=EDGE_LOOP('',(#5749,#5750,#5751,#5752,#5753,#5754,#5755));
#825=EDGE_LOOP('',(#5756,#5757,#5758,#5759,#5760,#5761,#5762,#5763));
#826=EDGE_LOOP('',(#5764,#5765,#5766,#5767));
#827=EDGE_LOOP('',(#5768,#5769,#5770,#5771));
#828=EDGE_LOOP('',(#5772,#5773,#5774,#5775));
#829=EDGE_LOOP('',(#5776,#5777,#5778,#5779,#5780,#5781));
#830=EDGE_LOOP('',(#5782,#5783,#5784,#5785,#5786,#5787,#5788,#5789));
#831=EDGE_LOOP('',(#5790,#5791,#5792,#5793,#5794,#5795));
#832=EDGE_LOOP('',(#5796,#5797,#5798,#5799,#5800));
#833=EDGE_LOOP('',(#5801,#5802,#5803,#5804,#5805));
#834=EDGE_LOOP('',(#5806,#5807,#5808,#5809));
#835=EDGE_LOOP('',(#5810,#5811,#5812,#5813));
#836=EDGE_LOOP('',(#5814,#5815,#5816,#5817));
#837=EDGE_LOOP('',(#5818,#5819,#5820,#5821,#5822,#5823,#5824,#5825,#5826,
#5827,#5828,#5829));
#838=EDGE_LOOP('',(#5830,#5831,#5832,#5833));
#839=EDGE_LOOP('',(#5834,#5835,#5836,#5837));
#840=EDGE_LOOP('',(#5838,#5839,#5840,#5841));
#841=EDGE_LOOP('',(#5842,#5843,#5844,#5845,#5846));
#842=EDGE_LOOP('',(#5847,#5848,#5849,#5850));
#843=EDGE_LOOP('',(#5851,#5852,#5853,#5854,#5855));
#844=EDGE_LOOP('',(#5856,#5857,#5858,#5859,#5860,#5861,#5862,#5863,#5864,
#5865,#5866,#5867,#5868,#5869,#5870,#5871,#5872,#5873,#5874,#5875,#5876,
#5877,#5878,#5879,#5880,#5881,#5882,#5883,#5884,#5885,#5886,#5887,#5888,
#5889,#5890,#5891,#5892,#5893));
#845=EDGE_LOOP('',(#5894,#5895,#5896,#5897,#5898,#5899,#5900,#5901));
#846=EDGE_LOOP('',(#5902,#5903,#5904,#5905));
#847=EDGE_LOOP('',(#5906,#5907,#5908,#5909,#5910,#5911,#5912,#5913));
#848=EDGE_LOOP('',(#5914,#5915,#5916,#5917,#5918,#5919,#5920,#5921));
#849=EDGE_LOOP('',(#5922,#5923,#5924,#5925,#5926,#5927,#5928,#5929));
#850=EDGE_LOOP('',(#5930,#5931,#5932,#5933,#5934,#5935,#5936,#5937));
#851=EDGE_LOOP('',(#5938,#5939,#5940,#5941,#5942,#5943,#5944,#5945));
#852=EDGE_LOOP('',(#5946,#5947,#5948,#5949,#5950,#5951,#5952,#5953));
#853=EDGE_LOOP('',(#5954,#5955,#5956,#5957,#5958,#5959,#5960,#5961));
#854=EDGE_LOOP('',(#5962,#5963,#5964,#5965,#5966,#5967,#5968,#5969));
#855=EDGE_LOOP('',(#5970,#5971,#5972,#5973,#5974,#5975,#5976,#5977));
#856=EDGE_LOOP('',(#5978,#5979,#5980,#5981,#5982,#5983,#5984,#5985));
#857=EDGE_LOOP('',(#5986,#5987,#5988,#5989,#5990,#5991,#5992,#5993));
#858=EDGE_LOOP('',(#5994,#5995,#5996,#5997));
#859=EDGE_LOOP('',(#5998,#5999,#6000,#6001));
#860=EDGE_LOOP('',(#6002,#6003,#6004,#6005));
#861=EDGE_LOOP('',(#6006,#6007,#6008,#6009));
#862=EDGE_LOOP('',(#6010,#6011,#6012,#6013));
#863=EDGE_LOOP('',(#6014,#6015,#6016,#6017));
#864=EDGE_LOOP('',(#6018,#6019,#6020,#6021));
#865=EDGE_LOOP('',(#6022,#6023,#6024,#6025));
#866=EDGE_LOOP('',(#6026,#6027,#6028,#6029));
#867=EDGE_LOOP('',(#6030,#6031,#6032,#6033,#6034,#6035,#6036));
#868=EDGE_LOOP('',(#6037,#6038,#6039,#6040));
#869=EDGE_LOOP('',(#6041,#6042,#6043,#6044));
#870=EDGE_LOOP('',(#6045,#6046,#6047,#6048));
#871=EDGE_LOOP('',(#6049,#6050,#6051,#6052));
#872=EDGE_LOOP('',(#6053,#6054,#6055,#6056));
#873=EDGE_LOOP('',(#6057,#6058,#6059,#6060));
#874=EDGE_LOOP('',(#6061,#6062,#6063,#6064));
#875=EDGE_LOOP('',(#6065,#6066,#6067,#6068,#6069,#6070,#6071,#6072,#6073,
#6074,#6075,#6076,#6077,#6078,#6079,#6080,#6081,#6082,#6083,#6084,#6085,
#6086,#6087,#6088,#6089,#6090,#6091,#6092,#6093,#6094,#6095,#6096,#6097,
#6098,#6099,#6100,#6101,#6102,#6103,#6104,#6105,#6106,#6107,#6108));
#876=EDGE_LOOP('',(#6109,#6110,#6111,#6112));
#877=EDGE_LOOP('',(#6113,#6114,#6115,#6116));
#878=EDGE_LOOP('',(#6117,#6118,#6119,#6120));
#879=EDGE_LOOP('',(#6121,#6122,#6123,#6124));
#880=EDGE_LOOP('',(#6125,#6126,#6127,#6128));
#881=EDGE_LOOP('',(#6129,#6130,#6131,#6132));
#882=EDGE_LOOP('',(#6133,#6134,#6135,#6136));
#883=EDGE_LOOP('',(#6137,#6138,#6139,#6140));
#884=EDGE_LOOP('',(#6141,#6142,#6143,#6144));
#885=EDGE_LOOP('',(#6145,#6146,#6147,#6148));
#886=EDGE_LOOP('',(#6149,#6150,#6151,#6152));
#887=EDGE_LOOP('',(#6153,#6154,#6155,#6156));
#888=EDGE_LOOP('',(#6157,#6158,#6159,#6160));
#889=EDGE_LOOP('',(#6161,#6162,#6163,#6164));
#890=EDGE_LOOP('',(#6165,#6166,#6167,#6168));
#891=EDGE_LOOP('',(#6169,#6170,#6171,#6172));
#892=EDGE_LOOP('',(#6173,#6174,#6175,#6176));
#893=EDGE_LOOP('',(#6177,#6178,#6179,#6180));
#894=EDGE_LOOP('',(#6181,#6182,#6183,#6184));
#895=EDGE_LOOP('',(#6185,#6186,#6187,#6188));
#896=EDGE_LOOP('',(#6189,#6190,#6191,#6192));
#897=EDGE_LOOP('',(#6193,#6194,#6195,#6196));
#898=EDGE_LOOP('',(#6197,#6198,#6199,#6200));
#899=EDGE_LOOP('',(#6201,#6202,#6203,#6204));
#900=EDGE_LOOP('',(#6205,#6206,#6207,#6208));
#901=EDGE_LOOP('',(#6209,#6210,#6211,#6212));
#902=EDGE_LOOP('',(#6213,#6214,#6215,#6216));
#903=EDGE_LOOP('',(#6217,#6218,#6219,#6220));
#904=EDGE_LOOP('',(#6221,#6222,#6223,#6224));
#905=EDGE_LOOP('',(#6225,#6226,#6227,#6228));
#906=EDGE_LOOP('',(#6229,#6230,#6231,#6232));
#907=EDGE_LOOP('',(#6233,#6234,#6235,#6236));
#908=EDGE_LOOP('',(#6237,#6238,#6239,#6240));
#909=EDGE_LOOP('',(#6241,#6242,#6243,#6244));
#910=EDGE_LOOP('',(#6245,#6246,#6247,#6248));
#911=EDGE_LOOP('',(#6249,#6250,#6251,#6252));
#912=EDGE_LOOP('',(#6253,#6254,#6255,#6256));
#913=EDGE_LOOP('',(#6257,#6258,#6259,#6260));
#914=EDGE_LOOP('',(#6261,#6262,#6263,#6264));
#915=EDGE_LOOP('',(#6265,#6266,#6267,#6268,#6269,#6270,#6271,#6272,#6273,
#6274,#6275,#6276,#6277,#6278,#6279,#6280,#6281,#6282,#6283,#6284,#6285,
#6286,#6287,#6288,#6289,#6290,#6291,#6292,#6293,#6294,#6295,#6296,#6297,
#6298,#6299,#6300,#6301,#6302,#6303,#6304,#6305,#6306,#6307,#6308,#6309,
#6310,#6311,#6312));
#916=EDGE_LOOP('',(#6313,#6314,#6315,#6316));
#917=EDGE_LOOP('',(#6317,#6318,#6319,#6320));
#918=EDGE_LOOP('',(#6321,#6322,#6323,#6324));
#919=EDGE_LOOP('',(#6325,#6326,#6327,#6328));
#920=EDGE_LOOP('',(#6329,#6330,#6331,#6332));
#921=EDGE_LOOP('',(#6333,#6334,#6335,#6336));
#922=EDGE_LOOP('',(#6337,#6338,#6339,#6340));
#923=EDGE_LOOP('',(#6341,#6342,#6343,#6344));
#924=EDGE_LOOP('',(#6345,#6346,#6347,#6348));
#925=EDGE_LOOP('',(#6349,#6350,#6351,#6352));
#926=EDGE_LOOP('',(#6353,#6354,#6355,#6356));
#927=EDGE_LOOP('',(#6357,#6358,#6359,#6360));
#928=EDGE_LOOP('',(#6361,#6362,#6363,#6364));
#929=EDGE_LOOP('',(#6365,#6366,#6367,#6368));
#930=EDGE_LOOP('',(#6369,#6370,#6371,#6372));
#931=EDGE_LOOP('',(#6373,#6374,#6375,#6376));
#932=EDGE_LOOP('',(#6377,#6378,#6379,#6380));
#933=EDGE_LOOP('',(#6381,#6382,#6383,#6384));
#934=EDGE_LOOP('',(#6385,#6386,#6387,#6388));
#935=EDGE_LOOP('',(#6389,#6390,#6391,#6392));
#936=EDGE_LOOP('',(#6393,#6394,#6395,#6396));
#937=EDGE_LOOP('',(#6397,#6398,#6399,#6400));
#938=EDGE_LOOP('',(#6401,#6402,#6403,#6404));
#939=EDGE_LOOP('',(#6405,#6406,#6407,#6408));
#940=EDGE_LOOP('',(#6409,#6410,#6411,#6412));
#941=EDGE_LOOP('',(#6413,#6414,#6415,#6416));
#942=EDGE_LOOP('',(#6417,#6418,#6419,#6420));
#943=EDGE_LOOP('',(#6421,#6422,#6423,#6424));
#944=EDGE_LOOP('',(#6425,#6426,#6427,#6428));
#945=EDGE_LOOP('',(#6429,#6430,#6431,#6432));
#946=EDGE_LOOP('',(#6433,#6434,#6435,#6436));
#947=EDGE_LOOP('',(#6437,#6438,#6439,#6440));
#948=EDGE_LOOP('',(#6441,#6442,#6443,#6444));
#949=EDGE_LOOP('',(#6445,#6446,#6447,#6448));
#950=EDGE_LOOP('',(#6449,#6450,#6451,#6452));
#951=EDGE_LOOP('',(#6453,#6454,#6455,#6456));
#952=EDGE_LOOP('',(#6457,#6458,#6459,#6460));
#953=EDGE_LOOP('',(#6461,#6462,#6463,#6464));
#954=EDGE_LOOP('',(#6465,#6466,#6467,#6468));
#955=EDGE_LOOP('',(#6469,#6470,#6471,#6472));
#956=EDGE_LOOP('',(#6473,#6474,#6475,#6476,#6477,#6478,#6479,#6480,#6481,
#6482,#6483,#6484,#6485,#6486,#6487,#6488,#6489,#6490,#6491,#6492,#6493,
#6494,#6495,#6496,#6497,#6498,#6499,#6500,#6501,#6502,#6503,#6504,#6505,
#6506,#6507,#6508,#6509,#6510,#6511,#6512,#6513,#6514,#6515,#6516,#6517,
#6518,#6519,#6520,#6521,#6522,#6523,#6524,#6525,#6526,#6527,#6528,#6529,
#6530,#6531,#6532,#6533,#6534,#6535,#6536,#6537,#6538,#6539,#6540));
#957=EDGE_LOOP('',(#6541,#6542,#6543,#6544));
#958=EDGE_LOOP('',(#6545,#6546,#6547,#6548));
#959=EDGE_LOOP('',(#6549,#6550,#6551,#6552));
#960=EDGE_LOOP('',(#6553,#6554,#6555,#6556));
#961=EDGE_LOOP('',(#6557,#6558,#6559,#6560));
#962=EDGE_LOOP('',(#6561,#6562,#6563,#6564));
#963=EDGE_LOOP('',(#6565,#6566,#6567,#6568));
#964=EDGE_LOOP('',(#6569,#6570,#6571,#6572));
#965=EDGE_LOOP('',(#6573,#6574,#6575,#6576));
#966=EDGE_LOOP('',(#6577,#6578,#6579,#6580,#6581,#6582,#6583,#6584));
#967=EDGE_LOOP('',(#6585,#6586,#6587,#6588,#6589,#6590,#6591,#6592,#6593,
#6594,#6595,#6596,#6597,#6598,#6599,#6600,#6601,#6602,#6603,#6604,#6605,
#6606));
#968=CIRCLE('',#7316,0.0999999999999999);
#969=CIRCLE('',#7331,0.0999999999999999);
#970=CIRCLE('',#7344,0.05);
#971=CIRCLE('',#7345,0.05);
#972=CIRCLE('',#7347,0.45);
#973=CIRCLE('',#7348,0.05);
#974=CIRCLE('',#7350,0.45);
#975=CIRCLE('',#7354,0.05);
#976=CIRCLE('',#7355,0.05);
#977=CIRCLE('',#7356,0.05);
#978=CIRCLE('',#7357,0.05);
#979=CIRCLE('',#7358,1.225);
#980=CIRCLE('',#7359,1.225);
#981=CIRCLE('',#7362,0.05);
#982=CIRCLE('',#7365,0.45);
#983=CIRCLE('',#7366,0.45);
#984=CIRCLE('',#7368,0.05);
#985=CIRCLE('',#7370,0.05);
#986=CIRCLE('',#7371,0.05);
#987=CIRCLE('',#7373,0.05);
#988=CIRCLE('',#7374,0.05);
#989=CIRCLE('',#7377,0.05);
#990=CIRCLE('',#7378,0.05);
#991=CIRCLE('',#7379,0.05);
#992=CIRCLE('',#7380,0.05);
#993=CIRCLE('',#7381,1.1);
#994=CIRCLE('',#7382,1.1);
#995=CIRCLE('',#7384,0.0499999999999999);
#996=CIRCLE('',#7394,1.);
#997=CIRCLE('',#7395,0.05);
#998=CIRCLE('',#7396,1.05);
#999=CIRCLE('',#7398,1.05);
#1000=CIRCLE('',#7401,0.05);
#1001=CIRCLE('',#7404,1.);
#1002=CIRCLE('',#7405,0.05);
#1003=CIRCLE('',#7406,1.05);
#1004=CIRCLE('',#7408,1.05);
#1005=CIRCLE('',#7411,0.05);
#1006=CIRCLE('',#7413,1.175);
#1007=CIRCLE('',#7414,0.05);
#1008=CIRCLE('',#7416,0.05);
#1009=CIRCLE('',#7417,0.05);
#1010=CIRCLE('',#7419,1.175);
#1011=CIRCLE('',#7420,1.175);
#1012=CIRCLE('',#7422,1.175);
#1013=CIRCLE('',#7423,0.05);
#1014=CIRCLE('',#7425,1.175);
#1015=CIRCLE('',#7426,1.175);
#1016=CIRCLE('',#7428,1.125);
#1017=CIRCLE('',#7429,0.05);
#1018=CIRCLE('',#7432,1.125);
#1019=CIRCLE('',#7433,0.05);
#1020=CIRCLE('',#7436,0.05);
#1021=CIRCLE('',#7437,0.05);
#1022=CIRCLE('',#7439,0.05);
#1023=CIRCLE('',#7441,0.05);
#1024=CIRCLE('',#7442,0.05);
#1025=CIRCLE('',#7443,0.05);
#1026=CIRCLE('',#7444,0.05);
#1027=CIRCLE('',#7445,0.05);
#1028=CIRCLE('',#7447,0.05);
#1029=CIRCLE('',#7448,0.05);
#1030=CIRCLE('',#7451,0.05);
#1031=CIRCLE('',#7452,0.05);
#1032=CIRCLE('',#7453,0.05);
#1033=CIRCLE('',#7454,0.05);
#1034=CIRCLE('',#7455,0.05);
#1035=CIRCLE('',#7457,0.05);
#1036=CIRCLE('',#7460,0.05);
#1037=CIRCLE('',#7463,0.05);
#1038=CIRCLE('',#7464,0.05);
#1039=CIRCLE('',#7465,0.05);
#1040=CIRCLE('',#7466,0.05);
#1041=CIRCLE('',#7468,0.05);
#1042=CIRCLE('',#7469,0.05);
#1043=CIRCLE('',#7471,0.1);
#1044=CIRCLE('',#7472,0.100000000000001);
#1045=CIRCLE('',#7473,0.099999999999999);
#1046=CIRCLE('',#7476,0.05);
#1047=CIRCLE('',#7477,0.05);
#1048=CIRCLE('',#7479,0.099999999999999);
#1049=CIRCLE('',#7480,0.100000000000001);
#1050=CIRCLE('',#7481,0.1);
#1051=CIRCLE('',#7493,0.05);
#1052=CIRCLE('',#7496,0.05);
#1053=CIRCLE('',#7498,0.05);
#1054=CIRCLE('',#7501,0.05);
#1055=CIRCLE('',#7505,0.05);
#1056=CIRCLE('',#7508,0.449999999999999);
#1057=CIRCLE('',#7511,0.05);
#1058=CIRCLE('',#7513,0.449999999999999);
#1059=CIRCLE('',#7516,0.05);
#1060=CIRCLE('',#7518,0.45);
#1061=CIRCLE('',#7522,0.45);
#1062=CIRCLE('',#7523,0.45);
#1063=CIRCLE('',#7525,0.45);
#1064=CIRCLE('',#7526,0.449999999999999);
#1065=CIRCLE('',#7527,0.449999999999999);
#1066=CIRCLE('',#7531,0.1);
#1067=CIRCLE('',#7532,0.1);
#1068=CIRCLE('',#7534,0.1);
#1069=CIRCLE('',#7537,0.1);
#1070=CIRCLE('',#7543,0.05);
#1071=CIRCLE('',#7544,0.05);
#1072=CIRCLE('',#7549,0.450000000000002);
#1073=CIRCLE('',#7550,0.45);
#1074=CIRCLE('',#7553,0.450000000000002);
#1075=CIRCLE('',#7554,0.450000000000001);
#1076=CIRCLE('',#7556,0.449999999999999);
#1077=CIRCLE('',#7557,0.0500000000000006);
#1078=CIRCLE('',#7559,0.450000000000001);
#1079=CIRCLE('',#7560,0.450000000000001);
#1080=CIRCLE('',#7562,0.0499999999999989);
#1081=CIRCLE('',#7563,0.450000000000002);
#1082=CIRCLE('',#7565,0.450000000000002);
#1083=CIRCLE('',#7567,0.450000000000002);
#1084=CIRCLE('',#7570,0.0499999999999989);
#1085=CIRCLE('',#7573,0.099999999999999);
#1086=CIRCLE('',#7576,0.100000000000001);
#1087=CIRCLE('',#7578,0.0499999999999989);
#1088=CIRCLE('',#7582,0.1);
#1089=CIRCLE('',#7585,0.45);
#1090=CIRCLE('',#7586,0.05);
#1091=CIRCLE('',#7589,0.05);
#1092=CIRCLE('',#7590,0.45);
#1093=CIRCLE('',#7595,0.05);
#1094=CIRCLE('',#7596,0.45);
#1095=CIRCLE('',#7598,0.45);
#1096=CIRCLE('',#7599,0.05);
#1097=CIRCLE('',#7602,0.1);
#1098=CIRCLE('',#7603,0.1);
#1099=CIRCLE('',#7606,0.1);
#1100=CIRCLE('',#7610,0.1);
#1101=CIRCLE('',#7613,0.099999999999999);
#1102=CIRCLE('',#7618,0.1);
#1103=CIRCLE('',#7620,0.100000000000001);
#1104=CIRCLE('',#7623,0.449999999999994);
#1105=CIRCLE('',#7624,0.449999999999994);
#1106=CIRCLE('',#7625,0.449999999999998);
#1107=CIRCLE('',#7627,0.05);
#1108=CIRCLE('',#7628,0.05);
#1109=CIRCLE('',#7630,0.449999999999994);
#1110=CIRCLE('',#7631,0.449999999999994);
#1111=CIRCLE('',#7632,0.449999999999999);
#1112=CIRCLE('',#7634,0.0500000000000006);
#1113=CIRCLE('',#7636,0.45);
#1114=CIRCLE('',#7638,0.450000000000001);
#1115=CIRCLE('',#7639,0.0499999999999939);
#1116=CIRCLE('',#7641,0.450000000000001);
#1117=CIRCLE('',#7645,0.450000000000001);
#1118=CIRCLE('',#7646,0.0499999999999939);
#1119=CIRCLE('',#7648,0.0499999999999995);
#1120=CIRCLE('',#7729,0.25);
#1121=CIRCLE('',#7732,0.25);
#1122=LINE('',#9854,#1981);
#1123=LINE('',#9856,#1982);
#1124=LINE('',#9858,#1983);
#1125=LINE('',#9860,#1984);
#1126=LINE('',#9862,#1985);
#1127=LINE('',#9864,#1986);
#1128=LINE('',#9866,#1987);
#1129=LINE('',#9868,#1988);
#1130=LINE('',#9870,#1989);
#1131=LINE('',#9872,#1990);
#1132=LINE('',#9874,#1991);
#1133=LINE('',#9876,#1992);
#1134=LINE('',#9878,#1993);
#1135=LINE('',#9880,#1994);
#1136=LINE('',#9884,#1995);
#1137=LINE('',#9886,#1996);
#1138=LINE('',#9887,#1997);
#1139=LINE('',#9890,#1998);
#1140=LINE('',#9891,#1999);
#1141=LINE('',#9894,#2000);
#1142=LINE('',#9895,#2001);
#1143=LINE('',#9898,#2002);
#1144=LINE('',#9899,#2003);
#1145=LINE('',#9902,#2004);
#1146=LINE('',#9903,#2005);
#1147=LINE('',#9906,#2006);
#1148=LINE('',#9907,#2007);
#1149=LINE('',#9910,#2008);
#1150=LINE('',#9911,#2009);
#1151=LINE('',#9914,#2010);
#1152=LINE('',#9915,#2011);
#1153=LINE('',#9918,#2012);
#1154=LINE('',#9919,#2013);
#1155=LINE('',#9922,#2014);
#1156=LINE('',#9923,#2015);
#1157=LINE('',#9926,#2016);
#1158=LINE('',#9927,#2017);
#1159=LINE('',#9930,#2018);
#1160=LINE('',#9931,#2019);
#1161=LINE('',#9934,#2020);
#1162=LINE('',#9935,#2021);
#1163=LINE('',#9939,#2022);
#1164=LINE('',#9941,#2023);
#1165=LINE('',#9955,#2024);
#1166=LINE('',#9957,#2025);
#1167=LINE('',#9961,#2026);
#1168=LINE('',#9964,#2027);
#1169=LINE('',#9967,#2028);
#1170=LINE('',#9971,#2029);
#1171=LINE('',#9975,#2030);
#1172=LINE('',#9978,#2031);
#1173=LINE('',#9980,#2032);
#1174=LINE('',#9982,#2033);
#1175=LINE('',#9983,#2034);
#1176=LINE('',#9986,#2035);
#1177=LINE('',#9987,#2036);
#1178=LINE('',#9990,#2037);
#1179=LINE('',#9992,#2038);
#1180=LINE('',#9994,#2039);
#1181=LINE('',#9996,#2040);
#1182=LINE('',#9998,#2041);
#1183=LINE('',#10000,#2042);
#1184=LINE('',#10002,#2043);
#1185=LINE('',#10006,#2044);
#1186=LINE('',#10010,#2045);
#1187=LINE('',#10014,#2046);
#1188=LINE('',#10017,#2047);
#1189=LINE('',#10024,#2048);
#1190=LINE('',#10026,#2049);
#1191=LINE('',#10027,#2050);
#1192=LINE('',#10029,#2051);
#1193=LINE('',#10034,#2052);
#1194=LINE('',#10036,#2053);
#1195=LINE('',#10038,#2054);
#1196=LINE('',#10039,#2055);
#1197=LINE('',#10042,#2056);
#1198=LINE('',#10047,#2057);
#1199=LINE('',#10050,#2058);
#1200=LINE('',#10052,#2059);
#1201=LINE('',#10054,#2060);
#1202=LINE('',#10058,#2061);
#1203=LINE('',#10064,#2062);
#1204=LINE('',#10067,#2063);
#1205=LINE('',#10070,#2064);
#1206=LINE('',#10071,#2065);
#1207=LINE('',#10074,#2066);
#1208=LINE('',#10078,#2067);
#1209=LINE('',#10082,#2068);
#1210=LINE('',#10086,#2069);
#1211=LINE('',#10089,#2070);
#1212=LINE('',#10091,#2071);
#1213=LINE('',#10093,#2072);
#1214=LINE('',#10095,#2073);
#1215=LINE('',#10096,#2074);
#1216=LINE('',#10102,#2075);
#1217=LINE('',#10105,#2076);
#1218=LINE('',#10106,#2077);
#1219=LINE('',#10108,#2078);
#1220=LINE('',#10110,#2079);
#1221=LINE('',#10112,#2080);
#1222=LINE('',#10114,#2081);
#1223=LINE('',#10117,#2082);
#1224=LINE('',#10118,#2083);
#1225=LINE('',#10129,#2084);
#1226=LINE('',#10143,#2085);
#1227=LINE('',#10155,#2086);
#1228=LINE('',#10161,#2087);
#1229=LINE('',#10171,#2088);
#1230=LINE('',#10188,#2089);
#1231=LINE('',#10191,#2090);
#1232=LINE('',#10194,#2091);
#1233=LINE('',#10211,#2092);
#1234=LINE('',#10214,#2093);
#1235=LINE('',#10217,#2094);
#1236=LINE('',#10221,#2095);
#1237=LINE('',#10225,#2096);
#1238=LINE('',#10229,#2097);
#1239=LINE('',#10233,#2098);
#1240=LINE('',#10237,#2099);
#1241=LINE('',#10239,#2100);
#1242=LINE('',#10241,#2101);
#1243=LINE('',#10243,#2102);
#1244=LINE('',#10245,#2103);
#1245=LINE('',#10256,#2104);
#1246=LINE('',#10270,#2105);
#1247=LINE('',#10273,#2106);
#1248=LINE('',#10276,#2107);
#1249=LINE('',#10278,#2108);
#1250=LINE('',#10279,#2109);
#1251=LINE('',#10282,#2110);
#1252=LINE('',#10293,#2111);
#1253=LINE('',#10304,#2112);
#1254=LINE('',#10306,#2113);
#1255=LINE('',#10308,#2114);
#1256=LINE('',#10310,#2115);
#1257=LINE('',#10312,#2116);
#1258=LINE('',#10316,#2117);
#1259=LINE('',#10320,#2118);
#1260=LINE('',#10324,#2119);
#1261=LINE('',#10328,#2120);
#1262=LINE('',#10334,#2121);
#1263=LINE('',#10335,#2122);
#1264=LINE('',#10338,#2123);
#1265=LINE('',#10339,#2124);
#1266=LINE('',#10344,#2125);
#1267=LINE('',#10345,#2126);
#1268=LINE('',#10348,#2127);
#1269=LINE('',#10349,#2128);
#1270=LINE('',#10354,#2129);
#1271=LINE('',#10358,#2130);
#1272=LINE('',#10362,#2131);
#1273=LINE('',#10365,#2132);
#1274=LINE('',#10367,#2133);
#1275=LINE('',#10369,#2134);
#1276=LINE('',#10371,#2135);
#1277=LINE('',#10373,#2136);
#1278=LINE('',#10375,#2137);
#1279=LINE('',#10377,#2138);
#1280=LINE('',#10379,#2139);
#1281=LINE('',#10380,#2140);
#1282=LINE('',#10386,#2141);
#1283=LINE('',#10389,#2142);
#1284=LINE('',#10392,#2143);
#1285=LINE('',#10396,#2144);
#1286=LINE('',#10398,#2145);
#1287=LINE('',#10400,#2146);
#1288=LINE('',#10404,#2147);
#1289=LINE('',#10408,#2148);
#1290=LINE('',#10410,#2149);
#1291=LINE('',#10412,#2150);
#1292=LINE('',#10414,#2151);
#1293=LINE('',#10415,#2152);
#1294=LINE('',#10418,#2153);
#1295=LINE('',#10419,#2154);
#1296=LINE('',#10425,#2155);
#1297=LINE('',#10428,#2156);
#1298=LINE('',#10431,#2157);
#1299=LINE('',#10433,#2158);
#1300=LINE('',#10435,#2159);
#1301=LINE('',#10437,#2160);
#1302=LINE('',#10439,#2161);
#1303=LINE('',#10443,#2162);
#1304=LINE('',#10447,#2163);
#1305=LINE('',#10449,#2164);
#1306=LINE('',#10451,#2165);
#1307=LINE('',#10454,#2166);
#1308=LINE('',#10457,#2167);
#1309=LINE('',#10458,#2168);
#1310=LINE('',#10460,#2169);
#1311=LINE('',#10463,#2170);
#1312=LINE('',#10465,#2171);
#1313=LINE('',#10468,#2172);
#1314=LINE('',#10472,#2173);
#1315=LINE('',#10475,#2174);
#1316=LINE('',#10478,#2175);
#1317=LINE('',#10481,#2176);
#1318=LINE('',#10482,#2177);
#1319=LINE('',#10485,#2178);
#1320=LINE('',#10491,#2179);
#1321=LINE('',#10492,#2180);
#1322=LINE('',#10494,#2181);
#1323=LINE('',#10497,#2182);
#1324=LINE('',#10500,#2183);
#1325=LINE('',#10502,#2184);
#1326=LINE('',#10507,#2185);
#1327=LINE('',#10511,#2186);
#1328=LINE('',#10515,#2187);
#1329=LINE('',#10517,#2188);
#1330=LINE('',#10518,#2189);
#1331=LINE('',#10523,#2190);
#1332=LINE('',#10527,#2191);
#1333=LINE('',#10529,#2192);
#1334=LINE('',#10531,#2193);
#1335=LINE('',#10533,#2194);
#1336=LINE('',#10540,#2195);
#1337=LINE('',#10543,#2196);
#1338=LINE('',#10546,#2197);
#1339=LINE('',#10548,#2198);
#1340=LINE('',#10550,#2199);
#1341=LINE('',#10552,#2200);
#1342=LINE('',#10556,#2201);
#1343=LINE('',#10559,#2202);
#1344=LINE('',#10564,#2203);
#1345=LINE('',#10566,#2204);
#1346=LINE('',#10567,#2205);
#1347=LINE('',#10651,#2206);
#1348=LINE('',#10652,#2207);
#1349=LINE('',#10815,#2208);
#1350=LINE('',#10816,#2209);
#1351=LINE('',#10818,#2210);
#1352=LINE('',#10824,#2211);
#1353=LINE('',#10826,#2212);
#1354=LINE('',#10828,#2213);
#1355=LINE('',#10831,#2214);
#1356=LINE('',#10836,#2215);
#1357=LINE('',#10837,#2216);
#1358=LINE('',#10840,#2217);
#1359=LINE('',#10841,#2218);
#1360=LINE('',#10845,#2219);
#1361=LINE('',#10847,#2220);
#1362=LINE('',#10850,#2221);
#1363=LINE('',#10851,#2222);
#1364=LINE('',#10853,#2223);
#1365=LINE('',#10856,#2224);
#1366=LINE('',#10857,#2225);
#1367=LINE('',#10862,#2226);
#1368=LINE('',#10865,#2227);
#1369=LINE('',#10868,#2228);
#1370=LINE('',#10869,#2229);
#1371=LINE('',#10876,#2230);
#1372=LINE('',#10877,#2231);
#1373=LINE('',#10885,#2232);
#1374=LINE('',#10893,#2233);
#1375=LINE('',#10901,#2234);
#1376=LINE('',#10902,#2235);
#1377=LINE('',#10906,#2236);
#1378=LINE('',#10909,#2237);
#1379=LINE('',#10910,#2238);
#1380=LINE('',#10914,#2239);
#1381=LINE('',#10917,#2240);
#1382=LINE('',#10918,#2241);
#1383=LINE('',#10922,#2242);
#1384=LINE('',#10925,#2243);
#1385=LINE('',#10928,#2244);
#1386=LINE('',#10931,#2245);
#1387=LINE('',#10932,#2246);
#1388=LINE('',#10936,#2247);
#1389=LINE('',#10938,#2248);
#1390=LINE('',#10941,#2249);
#1391=LINE('',#10944,#2250);
#1392=LINE('',#10950,#2251);
#1393=LINE('',#10954,#2252);
#1394=LINE('',#10959,#2253);
#1395=LINE('',#10968,#2254);
#1396=LINE('',#10972,#2255);
#1397=LINE('',#10974,#2256);
#1398=LINE('',#10975,#2257);
#1399=LINE('',#10978,#2258);
#1400=LINE('',#10980,#2259);
#1401=LINE('',#10981,#2260);
#1402=LINE('',#10985,#2261);
#1403=LINE('',#10988,#2262);
#1404=LINE('',#10989,#2263);
#1405=LINE('',#10992,#2264);
#1406=LINE('',#10994,#2265);
#1407=LINE('',#10995,#2266);
#1408=LINE('',#11001,#2267);
#1409=LINE('',#11002,#2268);
#1410=LINE('',#11003,#2269);
#1411=LINE('',#11007,#2270);
#1412=LINE('',#11010,#2271);
#1413=LINE('',#11011,#2272);
#1414=LINE('',#11013,#2273);
#1415=LINE('',#11015,#2274);
#1416=LINE('',#11019,#2275);
#1417=LINE('',#11023,#2276);
#1418=LINE('',#11026,#2277);
#1419=LINE('',#11027,#2278);
#1420=LINE('',#11042,#2279);
#1421=LINE('',#11049,#2280);
#1422=LINE('',#11054,#2281);
#1423=LINE('',#11056,#2282);
#1424=LINE('',#11058,#2283);
#1425=LINE('',#11059,#2284);
#1426=LINE('',#11064,#2285);
#1427=LINE('',#11067,#2286);
#1428=LINE('',#11068,#2287);
#1429=LINE('',#11070,#2288);
#1430=LINE('',#11073,#2289);
#1431=LINE('',#11075,#2290);
#1432=LINE('',#11077,#2291);
#1433=LINE('',#11079,#2292);
#1434=LINE('',#11081,#2293);
#1435=LINE('',#11083,#2294);
#1436=LINE('',#11091,#2295);
#1437=LINE('',#11098,#2296);
#1438=LINE('',#11100,#2297);
#1439=LINE('',#11102,#2298);
#1440=LINE('',#11103,#2299);
#1441=LINE('',#11107,#2300);
#1442=LINE('',#11109,#2301);
#1443=LINE('',#11111,#2302);
#1444=LINE('',#11112,#2303);
#1445=LINE('',#11116,#2304);
#1446=LINE('',#11117,#2305);
#1447=LINE('',#11118,#2306);
#1448=LINE('',#11122,#2307);
#1449=LINE('',#11123,#2308);
#1450=LINE('',#11124,#2309);
#1451=LINE('',#11128,#2310);
#1452=LINE('',#11130,#2311);
#1453=LINE('',#11132,#2312);
#1454=LINE('',#11133,#2313);
#1455=LINE('',#11137,#2314);
#1456=LINE('',#11139,#2315);
#1457=LINE('',#11141,#2316);
#1458=LINE('',#11142,#2317);
#1459=LINE('',#11146,#2318);
#1460=LINE('',#11147,#2319);
#1461=LINE('',#11148,#2320);
#1462=LINE('',#11152,#2321);
#1463=LINE('',#11153,#2322);
#1464=LINE('',#11154,#2323);
#1465=LINE('',#11158,#2324);
#1466=LINE('',#11160,#2325);
#1467=LINE('',#11162,#2326);
#1468=LINE('',#11163,#2327);
#1469=LINE('',#11167,#2328);
#1470=LINE('',#11169,#2329);
#1471=LINE('',#11171,#2330);
#1472=LINE('',#11172,#2331);
#1473=LINE('',#11176,#2332);
#1474=LINE('',#11177,#2333);
#1475=LINE('',#11178,#2334);
#1476=LINE('',#11182,#2335);
#1477=LINE('',#11183,#2336);
#1478=LINE('',#11184,#2337);
#1479=LINE('',#11188,#2338);
#1480=LINE('',#11190,#2339);
#1481=LINE('',#11192,#2340);
#1482=LINE('',#11193,#2341);
#1483=LINE('',#11197,#2342);
#1484=LINE('',#11199,#2343);
#1485=LINE('',#11201,#2344);
#1486=LINE('',#11202,#2345);
#1487=LINE('',#11206,#2346);
#1488=LINE('',#11207,#2347);
#1489=LINE('',#11208,#2348);
#1490=LINE('',#11212,#2349);
#1491=LINE('',#11213,#2350);
#1492=LINE('',#11214,#2351);
#1493=LINE('',#11218,#2352);
#1494=LINE('',#11220,#2353);
#1495=LINE('',#11222,#2354);
#1496=LINE('',#11223,#2355);
#1497=LINE('',#11227,#2356);
#1498=LINE('',#11229,#2357);
#1499=LINE('',#11231,#2358);
#1500=LINE('',#11232,#2359);
#1501=LINE('',#11236,#2360);
#1502=LINE('',#11237,#2361);
#1503=LINE('',#11238,#2362);
#1504=LINE('',#11242,#2363);
#1505=LINE('',#11243,#2364);
#1506=LINE('',#11244,#2365);
#1507=LINE('',#11248,#2366);
#1508=LINE('',#11250,#2367);
#1509=LINE('',#11252,#2368);
#1510=LINE('',#11253,#2369);
#1511=LINE('',#11257,#2370);
#1512=LINE('',#11259,#2371);
#1513=LINE('',#11261,#2372);
#1514=LINE('',#11262,#2373);
#1515=LINE('',#11266,#2374);
#1516=LINE('',#11267,#2375);
#1517=LINE('',#11268,#2376);
#1518=LINE('',#11272,#2377);
#1519=LINE('',#11273,#2378);
#1520=LINE('',#11274,#2379);
#1521=LINE('',#11278,#2380);
#1522=LINE('',#11280,#2381);
#1523=LINE('',#11282,#2382);
#1524=LINE('',#11283,#2383);
#1525=LINE('',#11287,#2384);
#1526=LINE('',#11289,#2385);
#1527=LINE('',#11291,#2386);
#1528=LINE('',#11292,#2387);
#1529=LINE('',#11296,#2388);
#1530=LINE('',#11297,#2389);
#1531=LINE('',#11298,#2390);
#1532=LINE('',#11302,#2391);
#1533=LINE('',#11303,#2392);
#1534=LINE('',#11304,#2393);
#1535=LINE('',#11308,#2394);
#1536=LINE('',#11310,#2395);
#1537=LINE('',#11312,#2396);
#1538=LINE('',#11313,#2397);
#1539=LINE('',#11317,#2398);
#1540=LINE('',#11319,#2399);
#1541=LINE('',#11321,#2400);
#1542=LINE('',#11322,#2401);
#1543=LINE('',#11326,#2402);
#1544=LINE('',#11327,#2403);
#1545=LINE('',#11328,#2404);
#1546=LINE('',#11332,#2405);
#1547=LINE('',#11333,#2406);
#1548=LINE('',#11334,#2407);
#1549=LINE('',#11337,#2408);
#1550=LINE('',#11339,#2409);
#1551=LINE('',#11341,#2410);
#1552=LINE('',#11343,#2411);
#1553=LINE('',#11345,#2412);
#1554=LINE('',#11346,#2413);
#1555=LINE('',#11349,#2414);
#1556=LINE('',#11351,#2415);
#1557=LINE('',#11353,#2416);
#1558=LINE('',#11355,#2417);
#1559=LINE('',#11357,#2418);
#1560=LINE('',#11358,#2419);
#1561=LINE('',#11361,#2420);
#1562=LINE('',#11363,#2421);
#1563=LINE('',#11365,#2422);
#1564=LINE('',#11367,#2423);
#1565=LINE('',#11369,#2424);
#1566=LINE('',#11370,#2425);
#1567=LINE('',#11373,#2426);
#1568=LINE('',#11375,#2427);
#1569=LINE('',#11377,#2428);
#1570=LINE('',#11379,#2429);
#1571=LINE('',#11381,#2430);
#1572=LINE('',#11382,#2431);
#1573=LINE('',#11385,#2432);
#1574=LINE('',#11387,#2433);
#1575=LINE('',#11389,#2434);
#1576=LINE('',#11391,#2435);
#1577=LINE('',#11393,#2436);
#1578=LINE('',#11394,#2437);
#1579=LINE('',#11396,#2438);
#1580=LINE('',#11397,#2439);
#1581=LINE('',#11400,#2440);
#1582=LINE('',#11402,#2441);
#1583=LINE('',#11404,#2442);
#1584=LINE('',#11406,#2443);
#1585=LINE('',#11408,#2444);
#1586=LINE('',#11409,#2445);
#1587=LINE('',#11411,#2446);
#1588=LINE('',#11413,#2447);
#1589=LINE('',#11414,#2448);
#1590=LINE('',#11417,#2449);
#1591=LINE('',#11419,#2450);
#1592=LINE('',#11421,#2451);
#1593=LINE('',#11423,#2452);
#1594=LINE('',#11424,#2453);
#1595=LINE('',#11427,#2454);
#1596=LINE('',#11429,#2455);
#1597=LINE('',#11431,#2456);
#1598=LINE('',#11433,#2457);
#1599=LINE('',#11435,#2458);
#1600=LINE('',#11436,#2459);
#1601=LINE('',#11439,#2460);
#1602=LINE('',#11441,#2461);
#1603=LINE('',#11443,#2462);
#1604=LINE('',#11445,#2463);
#1605=LINE('',#11447,#2464);
#1606=LINE('',#11448,#2465);
#1607=LINE('',#11451,#2466);
#1608=LINE('',#11453,#2467);
#1609=LINE('',#11455,#2468);
#1610=LINE('',#11457,#2469);
#1611=LINE('',#11459,#2470);
#1612=LINE('',#11460,#2471);
#1613=LINE('',#11463,#2472);
#1614=LINE('',#11465,#2473);
#1615=LINE('',#11467,#2474);
#1616=LINE('',#11469,#2475);
#1617=LINE('',#11471,#2476);
#1618=LINE('',#11472,#2477);
#1619=LINE('',#11475,#2478);
#1620=LINE('',#11477,#2479);
#1621=LINE('',#11479,#2480);
#1622=LINE('',#11481,#2481);
#1623=LINE('',#11483,#2482);
#1624=LINE('',#11484,#2483);
#1625=LINE('',#11487,#2484);
#1626=LINE('',#11489,#2485);
#1627=LINE('',#11491,#2486);
#1628=LINE('',#11493,#2487);
#1629=LINE('',#11495,#2488);
#1630=LINE('',#11496,#2489);
#1631=LINE('',#11498,#2490);
#1632=LINE('',#11499,#2491);
#1633=LINE('',#11502,#2492);
#1634=LINE('',#11504,#2493);
#1635=LINE('',#11506,#2494);
#1636=LINE('',#11508,#2495);
#1637=LINE('',#11510,#2496);
#1638=LINE('',#11511,#2497);
#1639=LINE('',#11513,#2498);
#1640=LINE('',#11514,#2499);
#1641=LINE('',#11517,#2500);
#1642=LINE('',#11519,#2501);
#1643=LINE('',#11521,#2502);
#1644=LINE('',#11523,#2503);
#1645=LINE('',#11525,#2504);
#1646=LINE('',#11526,#2505);
#1647=LINE('',#11529,#2506);
#1648=LINE('',#11531,#2507);
#1649=LINE('',#11533,#2508);
#1650=LINE('',#11535,#2509);
#1651=LINE('',#11536,#2510);
#1652=LINE('',#11540,#2511);
#1653=LINE('',#11551,#2512);
#1654=LINE('',#11555,#2513);
#1655=LINE('',#11557,#2514);
#1656=LINE('',#11561,#2515);
#1657=LINE('',#11571,#2516);
#1658=LINE('',#11574,#2517);
#1659=LINE('',#11576,#2518);
#1660=LINE('',#11578,#2519);
#1661=LINE('',#11580,#2520);
#1662=LINE('',#11581,#2521);
#1663=LINE('',#11584,#2522);
#1664=LINE('',#11586,#2523);
#1665=LINE('',#11588,#2524);
#1666=LINE('',#11590,#2525);
#1667=LINE('',#11592,#2526);
#1668=LINE('',#11593,#2527);
#1669=LINE('',#11596,#2528);
#1670=LINE('',#11598,#2529);
#1671=LINE('',#11600,#2530);
#1672=LINE('',#11601,#2531);
#1673=LINE('',#11608,#2532);
#1674=LINE('',#11613,#2533);
#1675=LINE('',#11617,#2534);
#1676=LINE('',#11619,#2535);
#1677=LINE('',#11621,#2536);
#1678=LINE('',#11624,#2537);
#1679=LINE('',#11626,#2538);
#1680=LINE('',#11628,#2539);
#1681=LINE('',#11630,#2540);
#1682=LINE('',#11632,#2541);
#1683=LINE('',#11634,#2542);
#1684=LINE('',#11636,#2543);
#1685=LINE('',#11638,#2544);
#1686=LINE('',#11639,#2545);
#1687=LINE('',#11643,#2546);
#1688=LINE('',#11647,#2547);
#1689=LINE('',#11651,#2548);
#1690=LINE('',#11653,#2549);
#1691=LINE('',#11657,#2550);
#1692=LINE('',#11660,#2551);
#1693=LINE('',#11663,#2552);
#1694=LINE('',#11664,#2553);
#1695=LINE('',#11665,#2554);
#1696=LINE('',#11668,#2555);
#1697=LINE('',#11669,#2556);
#1698=LINE('',#11672,#2557);
#1699=LINE('',#11674,#2558);
#1700=LINE('',#11675,#2559);
#1701=LINE('',#11677,#2560);
#1702=LINE('',#11678,#2561);
#1703=LINE('',#11679,#2562);
#1704=LINE('',#11680,#2563);
#1705=LINE('',#11681,#2564);
#1706=LINE('',#11682,#2565);
#1707=LINE('',#11683,#2566);
#1708=LINE('',#11684,#2567);
#1709=LINE('',#11685,#2568);
#1710=LINE('',#11686,#2569);
#1711=LINE('',#11687,#2570);
#1712=LINE('',#11688,#2571);
#1713=LINE('',#11689,#2572);
#1714=LINE('',#11691,#2573);
#1715=LINE('',#11694,#2574);
#1716=LINE('',#11695,#2575);
#1717=LINE('',#11697,#2576);
#1718=LINE('',#11699,#2577);
#1719=LINE('',#11701,#2578);
#1720=LINE('',#11703,#2579);
#1721=LINE('',#11705,#2580);
#1722=LINE('',#11707,#2581);
#1723=LINE('',#11709,#2582);
#1724=LINE('',#11712,#2583);
#1725=LINE('',#11713,#2584);
#1726=LINE('',#11716,#2585);
#1727=LINE('',#11717,#2586);
#1728=LINE('',#11719,#2587);
#1729=LINE('',#11721,#2588);
#1730=LINE('',#11722,#2589);
#1731=LINE('',#11725,#2590);
#1732=LINE('',#11726,#2591);
#1733=LINE('',#11729,#2592);
#1734=LINE('',#11730,#2593);
#1735=LINE('',#11733,#2594);
#1736=LINE('',#11734,#2595);
#1737=LINE('',#11738,#2596);
#1738=LINE('',#11740,#2597);
#1739=LINE('',#11741,#2598);
#1740=LINE('',#11744,#2599);
#1741=LINE('',#11745,#2600);
#1742=LINE('',#11746,#2601);
#1743=LINE('',#11749,#2602);
#1744=LINE('',#11750,#2603);
#1745=LINE('',#11753,#2604);
#1746=LINE('',#11754,#2605);
#1747=LINE('',#11757,#2606);
#1748=LINE('',#11758,#2607);
#1749=LINE('',#11761,#2608);
#1750=LINE('',#11762,#2609);
#1751=LINE('',#11763,#2610);
#1752=LINE('',#11764,#2611);
#1753=LINE('',#11765,#2612);
#1754=LINE('',#11767,#2613);
#1755=LINE('',#11769,#2614);
#1756=LINE('',#11771,#2615);
#1757=LINE('',#11772,#2616);
#1758=LINE('',#11774,#2617);
#1759=LINE('',#11776,#2618);
#1760=LINE('',#11777,#2619);
#1761=LINE('',#11779,#2620);
#1762=LINE('',#11781,#2621);
#1763=LINE('',#11783,#2622);
#1764=LINE('',#11784,#2623);
#1765=LINE('',#11785,#2624);
#1766=LINE('',#11786,#2625);
#1767=LINE('',#11789,#2626);
#1768=LINE('',#11791,#2627);
#1769=LINE('',#11793,#2628);
#1770=LINE('',#11794,#2629);
#1771=LINE('',#11797,#2630);
#1772=LINE('',#11799,#2631);
#1773=LINE('',#11801,#2632);
#1774=LINE('',#11802,#2633);
#1775=LINE('',#11805,#2634);
#1776=LINE('',#11807,#2635);
#1777=LINE('',#11809,#2636);
#1778=LINE('',#11810,#2637);
#1779=LINE('',#11813,#2638);
#1780=LINE('',#11815,#2639);
#1781=LINE('',#11817,#2640);
#1782=LINE('',#11818,#2641);
#1783=LINE('',#11821,#2642);
#1784=LINE('',#11823,#2643);
#1785=LINE('',#11825,#2644);
#1786=LINE('',#11826,#2645);
#1787=LINE('',#11829,#2646);
#1788=LINE('',#11831,#2647);
#1789=LINE('',#11833,#2648);
#1790=LINE('',#11834,#2649);
#1791=LINE('',#11837,#2650);
#1792=LINE('',#11839,#2651);
#1793=LINE('',#11841,#2652);
#1794=LINE('',#11842,#2653);
#1795=LINE('',#11846,#2654);
#1796=LINE('',#11848,#2655);
#1797=LINE('',#11850,#2656);
#1798=LINE('',#11851,#2657);
#1799=LINE('',#11854,#2658);
#1800=LINE('',#11856,#2659);
#1801=LINE('',#11857,#2660);
#1802=LINE('',#11860,#2661);
#1803=LINE('',#11862,#2662);
#1804=LINE('',#11863,#2663);
#1805=LINE('',#11865,#2664);
#1806=LINE('',#11869,#2665);
#1807=LINE('',#11871,#2666);
#1808=LINE('',#11873,#2667);
#1809=LINE('',#11874,#2668);
#1810=LINE('',#11877,#2669);
#1811=LINE('',#11879,#2670);
#1812=LINE('',#11880,#2671);
#1813=LINE('',#11883,#2672);
#1814=LINE('',#11885,#2673);
#1815=LINE('',#11886,#2674);
#1816=LINE('',#11888,#2675);
#1817=LINE('',#11892,#2676);
#1818=LINE('',#11894,#2677);
#1819=LINE('',#11896,#2678);
#1820=LINE('',#11897,#2679);
#1821=LINE('',#11900,#2680);
#1822=LINE('',#11902,#2681);
#1823=LINE('',#11903,#2682);
#1824=LINE('',#11906,#2683);
#1825=LINE('',#11908,#2684);
#1826=LINE('',#11909,#2685);
#1827=LINE('',#11911,#2686);
#1828=LINE('',#11915,#2687);
#1829=LINE('',#11917,#2688);
#1830=LINE('',#11919,#2689);
#1831=LINE('',#11920,#2690);
#1832=LINE('',#11923,#2691);
#1833=LINE('',#11925,#2692);
#1834=LINE('',#11926,#2693);
#1835=LINE('',#11929,#2694);
#1836=LINE('',#11931,#2695);
#1837=LINE('',#11932,#2696);
#1838=LINE('',#11934,#2697);
#1839=LINE('',#11938,#2698);
#1840=LINE('',#11940,#2699);
#1841=LINE('',#11942,#2700);
#1842=LINE('',#11943,#2701);
#1843=LINE('',#11946,#2702);
#1844=LINE('',#11948,#2703);
#1845=LINE('',#11949,#2704);
#1846=LINE('',#11952,#2705);
#1847=LINE('',#11954,#2706);
#1848=LINE('',#11955,#2707);
#1849=LINE('',#11957,#2708);
#1850=LINE('',#11961,#2709);
#1851=LINE('',#11963,#2710);
#1852=LINE('',#11965,#2711);
#1853=LINE('',#11966,#2712);
#1854=LINE('',#11969,#2713);
#1855=LINE('',#11971,#2714);
#1856=LINE('',#11972,#2715);
#1857=LINE('',#11975,#2716);
#1858=LINE('',#11977,#2717);
#1859=LINE('',#11978,#2718);
#1860=LINE('',#11980,#2719);
#1861=LINE('',#11984,#2720);
#1862=LINE('',#11986,#2721);
#1863=LINE('',#11988,#2722);
#1864=LINE('',#11989,#2723);
#1865=LINE('',#11992,#2724);
#1866=LINE('',#11994,#2725);
#1867=LINE('',#11995,#2726);
#1868=LINE('',#11998,#2727);
#1869=LINE('',#12000,#2728);
#1870=LINE('',#12001,#2729);
#1871=LINE('',#12003,#2730);
#1872=LINE('',#12007,#2731);
#1873=LINE('',#12009,#2732);
#1874=LINE('',#12011,#2733);
#1875=LINE('',#12012,#2734);
#1876=LINE('',#12015,#2735);
#1877=LINE('',#12017,#2736);
#1878=LINE('',#12018,#2737);
#1879=LINE('',#12021,#2738);
#1880=LINE('',#12023,#2739);
#1881=LINE('',#12024,#2740);
#1882=LINE('',#12026,#2741);
#1883=LINE('',#12028,#2742);
#1884=LINE('',#12029,#2743);
#1885=LINE('',#12031,#2744);
#1886=LINE('',#12033,#2745);
#1887=LINE('',#12035,#2746);
#1888=LINE('',#12036,#2747);
#1889=LINE('',#12038,#2748);
#1890=LINE('',#12040,#2749);
#1891=LINE('',#12041,#2750);
#1892=LINE('',#12043,#2751);
#1893=LINE('',#12045,#2752);
#1894=LINE('',#12047,#2753);
#1895=LINE('',#12048,#2754);
#1896=LINE('',#12049,#2755);
#1897=LINE('',#12050,#2756);
#1898=LINE('',#12051,#2757);
#1899=LINE('',#12052,#2758);
#1900=LINE('',#12053,#2759);
#1901=LINE('',#12055,#2760);
#1902=LINE('',#12059,#2761);
#1903=LINE('',#12060,#2762);
#1904=LINE('',#12061,#2763);
#1905=LINE('',#12065,#2764);
#1906=LINE('',#12066,#2765);
#1907=LINE('',#12067,#2766);
#1908=LINE('',#12071,#2767);
#1909=LINE('',#12072,#2768);
#1910=LINE('',#12073,#2769);
#1911=LINE('',#12077,#2770);
#1912=LINE('',#12078,#2771);
#1913=LINE('',#12079,#2772);
#1914=LINE('',#12083,#2773);
#1915=LINE('',#12084,#2774);
#1916=LINE('',#12085,#2775);
#1917=LINE('',#12089,#2776);
#1918=LINE('',#12090,#2777);
#1919=LINE('',#12091,#2778);
#1920=LINE('',#12093,#2779);
#1921=LINE('',#12097,#2780);
#1922=LINE('',#12098,#2781);
#1923=LINE('',#12099,#2782);
#1924=LINE('',#12103,#2783);
#1925=LINE('',#12104,#2784);
#1926=LINE('',#12105,#2785);
#1927=LINE('',#12109,#2786);
#1928=LINE('',#12110,#2787);
#1929=LINE('',#12111,#2788);
#1930=LINE('',#12115,#2789);
#1931=LINE('',#12116,#2790);
#1932=LINE('',#12117,#2791);
#1933=LINE('',#12121,#2792);
#1934=LINE('',#12122,#2793);
#1935=LINE('',#12123,#2794);
#1936=LINE('',#12127,#2795);
#1937=LINE('',#12128,#2796);
#1938=LINE('',#12129,#2797);
#1939=LINE('',#12133,#2798);
#1940=LINE('',#12134,#2799);
#1941=LINE('',#12135,#2800);
#1942=LINE('',#12139,#2801);
#1943=LINE('',#12140,#2802);
#1944=LINE('',#12141,#2803);
#1945=LINE('',#12143,#2804);
#1946=LINE('',#12145,#2805);
#1947=LINE('',#12147,#2806);
#1948=LINE('',#12149,#2807);
#1949=LINE('',#12151,#2808);
#1950=LINE('',#12153,#2809);
#1951=LINE('',#12155,#2810);
#1952=LINE('',#12157,#2811);
#1953=LINE('',#12159,#2812);
#1954=LINE('',#12161,#2813);
#1955=LINE('',#12163,#2814);
#1956=LINE('',#12165,#2815);
#1957=LINE('',#12167,#2816);
#1958=LINE('',#12169,#2817);
#1959=LINE('',#12171,#2818);
#1960=LINE('',#12177,#2819);
#1961=LINE('',#12182,#2820);
#1962=LINE('',#12184,#2821);
#1963=LINE('',#12185,#2822);
#1964=LINE('',#12186,#2823);
#1965=LINE('',#12187,#2824);
#1966=LINE('',#12188,#2825);
#1967=LINE('',#12189,#2826);
#1968=LINE('',#12190,#2827);
#1969=LINE('',#12191,#2828);
#1970=LINE('',#12192,#2829);
#1971=LINE('',#12196,#2830);
#1972=LINE('',#12197,#2831);
#1973=LINE('',#12200,#2832);
#1974=LINE('',#12201,#2833);
#1975=LINE('',#12203,#2834);
#1976=LINE('',#12207,#2835);
#1977=LINE('',#12208,#2836);
#1978=LINE('',#12211,#2837);
#1979=LINE('',#12212,#2838);
#1980=LINE('',#12214,#2839);
#1981=VECTOR('',#7879,10.);
#1982=VECTOR('',#7880,10.);
#1983=VECTOR('',#7881,10.);
#1984=VECTOR('',#7882,10.);
#1985=VECTOR('',#7883,10.);
#1986=VECTOR('',#7884,10.);
#1987=VECTOR('',#7885,10.);
#1988=VECTOR('',#7886,10.);
#1989=VECTOR('',#7887,10.);
#1990=VECTOR('',#7888,10.);
#1991=VECTOR('',#7889,10.);
#1992=VECTOR('',#7890,10.);
#1993=VECTOR('',#7891,10.);
#1994=VECTOR('',#7892,10.);
#1995=VECTOR('',#7897,10.);
#1996=VECTOR('',#7898,10.);
#1997=VECTOR('',#7899,10.);
#1998=VECTOR('',#7902,10.);
#1999=VECTOR('',#7903,10.);
#2000=VECTOR('',#7906,10.);
#2001=VECTOR('',#7907,10.);
#2002=VECTOR('',#7910,10.);
#2003=VECTOR('',#7911,10.);
#2004=VECTOR('',#7914,10.);
#2005=VECTOR('',#7915,10.);
#2006=VECTOR('',#7918,10.);
#2007=VECTOR('',#7919,10.);
#2008=VECTOR('',#7922,10.);
#2009=VECTOR('',#7923,10.);
#2010=VECTOR('',#7926,10.);
#2011=VECTOR('',#7927,10.);
#2012=VECTOR('',#7930,10.);
#2013=VECTOR('',#7931,10.);
#2014=VECTOR('',#7934,10.);
#2015=VECTOR('',#7935,10.);
#2016=VECTOR('',#7938,10.);
#2017=VECTOR('',#7939,10.);
#2018=VECTOR('',#7942,10.);
#2019=VECTOR('',#7943,10.);
#2020=VECTOR('',#7946,10.);
#2021=VECTOR('',#7947,10.);
#2022=VECTOR('',#7952,10.);
#2023=VECTOR('',#7955,10.);
#2024=VECTOR('',#7978,10.);
#2025=VECTOR('',#7979,10.);
#2026=VECTOR('',#7982,10.);
#2027=VECTOR('',#7985,10.);
#2028=VECTOR('',#7988,10.);
#2029=VECTOR('',#7991,10.);
#2030=VECTOR('',#7996,10.);
#2031=VECTOR('',#7999,10.);
#2032=VECTOR('',#8002,10.);
#2033=VECTOR('',#8003,10.);
#2034=VECTOR('',#8004,10.);
#2035=VECTOR('',#8007,10.);
#2036=VECTOR('',#8008,10.);
#2037=VECTOR('',#8011,10.);
#2038=VECTOR('',#8012,10.);
#2039=VECTOR('',#8013,10.);
#2040=VECTOR('',#8014,10.);
#2041=VECTOR('',#8015,10.);
#2042=VECTOR('',#8016,10.);
#2043=VECTOR('',#8017,10.);
#2044=VECTOR('',#8020,10.);
#2045=VECTOR('',#8023,10.);
#2046=VECTOR('',#8026,10.);
#2047=VECTOR('',#8029,10.);
#2048=VECTOR('',#8036,10.);
#2049=VECTOR('',#8037,10.);
#2050=VECTOR('',#8038,10.);
#2051=VECTOR('',#8041,10.);
#2052=VECTOR('',#8046,10.);
#2053=VECTOR('',#8047,10.);
#2054=VECTOR('',#8048,10.);
#2055=VECTOR('',#8049,10.);
#2056=VECTOR('',#8052,10.);
#2057=VECTOR('',#8059,10.);
#2058=VECTOR('',#8062,10.);
#2059=VECTOR('',#8065,10.);
#2060=VECTOR('',#8066,10.);
#2061=VECTOR('',#8069,10.);
#2062=VECTOR('',#8076,10.);
#2063=VECTOR('',#8079,10.);
#2064=VECTOR('',#8082,10.);
#2065=VECTOR('',#8083,10.);
#2066=VECTOR('',#8086,10.);
#2067=VECTOR('',#8089,10.);
#2068=VECTOR('',#8092,10.);
#2069=VECTOR('',#8095,10.);
#2070=VECTOR('',#8098,10.);
#2071=VECTOR('',#8099,10.);
#2072=VECTOR('',#8100,10.);
#2073=VECTOR('',#8101,10.);
#2074=VECTOR('',#8102,10.);
#2075=VECTOR('',#8109,10.);
#2076=VECTOR('',#8114,10.);
#2077=VECTOR('',#8115,10.);
#2078=VECTOR('',#8118,10.);
#2079=VECTOR('',#8121,10.);
#2080=VECTOR('',#8124,10.);
#2081=VECTOR('',#8127,10.);
#2082=VECTOR('',#8132,10.);
#2083=VECTOR('',#8133,10.);
#2084=VECTOR('',#8148,1.05);
#2085=VECTOR('',#8169,1.05);
#2086=VECTOR('',#8186,10.);
#2087=VECTOR('',#8193,1.175);
#2088=VECTOR('',#8206,1.175);
#2089=VECTOR('',#8229,10.);
#2090=VECTOR('',#8232,10.);
#2091=VECTOR('',#8235,10.);
#2092=VECTOR('',#8236,10.);
#2093=VECTOR('',#8239,10.);
#2094=VECTOR('',#8242,10.);
#2095=VECTOR('',#8245,10.);
#2096=VECTOR('',#8248,10.);
#2097=VECTOR('',#8251,10.);
#2098=VECTOR('',#8254,10.);
#2099=VECTOR('',#8257,0.226);
#2100=VECTOR('',#8258,10.);
#2101=VECTOR('',#8259,10.);
#2102=VECTOR('',#8260,10.);
#2103=VECTOR('',#8261,10.);
#2104=VECTOR('',#8262,10.);
#2105=VECTOR('',#8267,10.);
#2106=VECTOR('',#8270,10.);
#2107=VECTOR('',#8273,10.);
#2108=VECTOR('',#8274,10.);
#2109=VECTOR('',#8275,10.);
#2110=VECTOR('',#8278,10.);
#2111=VECTOR('',#8279,10.);
#2112=VECTOR('',#8280,10.);
#2113=VECTOR('',#8281,10.);
#2114=VECTOR('',#8282,10.);
#2115=VECTOR('',#8283,10.);
#2116=VECTOR('',#8284,0.226);
#2117=VECTOR('',#8287,10.);
#2118=VECTOR('',#8290,10.);
#2119=VECTOR('',#8293,10.);
#2120=VECTOR('',#8296,10.);
#2121=VECTOR('',#8303,10.);
#2122=VECTOR('',#8304,10.);
#2123=VECTOR('',#8307,10.);
#2124=VECTOR('',#8308,10.);
#2125=VECTOR('',#8313,10.);
#2126=VECTOR('',#8314,10.);
#2127=VECTOR('',#8317,10.);
#2128=VECTOR('',#8318,10.);
#2129=VECTOR('',#8323,10.);
#2130=VECTOR('',#8326,10.);
#2131=VECTOR('',#8329,10.);
#2132=VECTOR('',#8332,10.);
#2133=VECTOR('',#8333,10.);
#2134=VECTOR('',#8334,10.);
#2135=VECTOR('',#8335,10.);
#2136=VECTOR('',#8336,10.);
#2137=VECTOR('',#8337,10.);
#2138=VECTOR('',#8338,10.);
#2139=VECTOR('',#8339,10.);
#2140=VECTOR('',#8340,10.);
#2141=VECTOR('',#8345,10.);
#2142=VECTOR('',#8348,10.);
#2143=VECTOR('',#8351,10.);
#2144=VECTOR('',#8354,10.);
#2145=VECTOR('',#8355,10.);
#2146=VECTOR('',#8356,10.);
#2147=VECTOR('',#8359,10.);
#2148=VECTOR('',#8362,10.);
#2149=VECTOR('',#8363,10.);
#2150=VECTOR('',#8364,10.);
#2151=VECTOR('',#8365,10.);
#2152=VECTOR('',#8366,0.226);
#2153=VECTOR('',#8369,10.);
#2154=VECTOR('',#8370,10.);
#2155=VECTOR('',#8375,10.);
#2156=VECTOR('',#8378,10.);
#2157=VECTOR('',#8381,10.);
#2158=VECTOR('',#8382,10.);
#2159=VECTOR('',#8383,0.226);
#2160=VECTOR('',#8384,10.);
#2161=VECTOR('',#8385,10.);
#2162=VECTOR('',#8388,10.);
#2163=VECTOR('',#8391,10.);
#2164=VECTOR('',#8392,10.);
#2165=VECTOR('',#8393,10.);
#2166=VECTOR('',#8396,10.);
#2167=VECTOR('',#8399,0.226);
#2168=VECTOR('',#8400,10.);
#2169=VECTOR('',#8403,10.);
#2170=VECTOR('',#8408,10.);
#2171=VECTOR('',#8411,10.);
#2172=VECTOR('',#8416,10.);
#2173=VECTOR('',#8423,10.);
#2174=VECTOR('',#8426,10.);
#2175=VECTOR('',#8429,10.);
#2176=VECTOR('',#8432,10.);
#2177=VECTOR('',#8433,10.);
#2178=VECTOR('',#8436,10.);
#2179=VECTOR('',#8443,10.);
#2180=VECTOR('',#8444,10.);
#2181=VECTOR('',#8447,10.);
#2182=VECTOR('',#8450,10.);
#2183=VECTOR('',#8455,10.);
#2184=VECTOR('',#8458,10.);
#2185=VECTOR('',#8463,10.);
#2186=VECTOR('',#8468,10.);
#2187=VECTOR('',#8471,10.);
#2188=VECTOR('',#8472,10.);
#2189=VECTOR('',#8473,10.);
#2190=VECTOR('',#8478,10.);
#2191=VECTOR('',#8483,10.);
#2192=VECTOR('',#8484,10.);
#2193=VECTOR('',#8485,10.);
#2194=VECTOR('',#8486,10.);
#2195=VECTOR('',#8493,10.);
#2196=VECTOR('',#8496,10.);
#2197=VECTOR('',#8499,10.);
#2198=VECTOR('',#8500,10.);
#2199=VECTOR('',#8501,10.);
#2200=VECTOR('',#8502,10.);
#2201=VECTOR('',#8507,10.);
#2202=VECTOR('',#8510,10.);
#2203=VECTOR('',#8515,10.);
#2204=VECTOR('',#8516,10.);
#2205=VECTOR('',#8517,10.);
#2206=VECTOR('',#8522,10.);
#2207=VECTOR('',#8523,10.);
#2208=VECTOR('',#8532,10.);
#2209=VECTOR('',#8533,10.);
#2210=VECTOR('',#8536,10.);
#2211=VECTOR('',#8541,0.226);
#2212=VECTOR('',#8542,10.);
#2213=VECTOR('',#8543,0.226);
#2214=VECTOR('',#8546,10.);
#2215=VECTOR('',#8551,10.);
#2216=VECTOR('',#8552,10.);
#2217=VECTOR('',#8555,10.);
#2218=VECTOR('',#8556,10.);
#2219=VECTOR('',#8561,10.);
#2220=VECTOR('',#8564,10.);
#2221=VECTOR('',#8567,10.);
#2222=VECTOR('',#8568,0.226);
#2223=VECTOR('',#8571,10.);
#2224=VECTOR('',#8574,10.);
#2225=VECTOR('',#8575,10.);
#2226=VECTOR('',#8580,10.);
#2227=VECTOR('',#8585,10.);
#2228=VECTOR('',#8588,0.226);
#2229=VECTOR('',#8589,10.);
#2230=VECTOR('',#8600,10.);
#2231=VECTOR('',#8601,10.);
#2232=VECTOR('',#8612,10.);
#2233=VECTOR('',#8625,10.);
#2234=VECTOR('',#8638,10.);
#2235=VECTOR('',#8639,0.226);
#2236=VECTOR('',#8644,10.);
#2237=VECTOR('',#8647,10.);
#2238=VECTOR('',#8648,10.);
#2239=VECTOR('',#8653,10.);
#2240=VECTOR('',#8656,10.);
#2241=VECTOR('',#8657,10.);
#2242=VECTOR('',#8662,10.);
#2243=VECTOR('',#8665,10.);
#2244=VECTOR('',#8670,10.);
#2245=VECTOR('',#8673,10.);
#2246=VECTOR('',#8674,10.);
#2247=VECTOR('',#8679,10.);
#2248=VECTOR('',#8682,10.);
#2249=VECTOR('',#8687,10.);
#2250=VECTOR('',#8692,10.);
#2251=VECTOR('',#8703,10.);
#2252=VECTOR('',#8708,10.);
#2253=VECTOR('',#8715,10.);
#2254=VECTOR('',#8726,10.);
#2255=VECTOR('',#8729,0.226);
#2256=VECTOR('',#8730,10.);
#2257=VECTOR('',#8731,0.226);
#2258=VECTOR('',#8734,10.);
#2259=VECTOR('',#8735,10.);
#2260=VECTOR('',#8736,10.);
#2261=VECTOR('',#8741,10.);
#2262=VECTOR('',#8744,0.226);
#2263=VECTOR('',#8745,10.);
#2264=VECTOR('',#8748,10.);
#2265=VECTOR('',#8749,10.);
#2266=VECTOR('',#8750,10.);
#2267=VECTOR('',#8757,10.);
#2268=VECTOR('',#8758,10.);
#2269=VECTOR('',#8759,10.);
#2270=VECTOR('',#8764,10.);
#2271=VECTOR('',#8767,10.);
#2272=VECTOR('',#8768,0.226);
#2273=VECTOR('',#8771,10.);
#2274=VECTOR('',#8774,0.226);
#2275=VECTOR('',#8779,10.);
#2276=VECTOR('',#8784,10.);
#2277=VECTOR('',#8787,10.);
#2278=VECTOR('',#8788,10.);
#2279=VECTOR('',#8813,10.);
#2280=VECTOR('',#8824,10.);
#2281=VECTOR('',#8833,10.);
#2282=VECTOR('',#8836,10.);
#2283=VECTOR('',#8837,10.);
#2284=VECTOR('',#8838,10.);
#2285=VECTOR('',#8847,10.);
#2286=VECTOR('',#8852,10.);
#2287=VECTOR('',#8853,10.);
#2288=VECTOR('',#8856,10.);
#2289=VECTOR('',#8861,10.);
#2290=VECTOR('',#8864,10.);
#2291=VECTOR('',#8867,10.);
#2292=VECTOR('',#8870,10.);
#2293=VECTOR('',#8873,10.);
#2294=VECTOR('',#8876,10.);
#2295=VECTOR('',#8891,10.);
#2296=VECTOR('',#8900,10.);
#2297=VECTOR('',#8901,10.);
#2298=VECTOR('',#8902,10.);
#2299=VECTOR('',#8903,10.);
#2300=VECTOR('',#8906,10.);
#2301=VECTOR('',#8907,10.);
#2302=VECTOR('',#8908,10.);
#2303=VECTOR('',#8909,10.);
#2304=VECTOR('',#8912,10.);
#2305=VECTOR('',#8913,10.);
#2306=VECTOR('',#8914,10.);
#2307=VECTOR('',#8917,10.);
#2308=VECTOR('',#8918,10.);
#2309=VECTOR('',#8919,10.);
#2310=VECTOR('',#8922,10.);
#2311=VECTOR('',#8923,10.);
#2312=VECTOR('',#8924,10.);
#2313=VECTOR('',#8925,10.);
#2314=VECTOR('',#8928,10.);
#2315=VECTOR('',#8929,10.);
#2316=VECTOR('',#8930,10.);
#2317=VECTOR('',#8931,10.);
#2318=VECTOR('',#8934,10.);
#2319=VECTOR('',#8935,10.);
#2320=VECTOR('',#8936,10.);
#2321=VECTOR('',#8939,10.);
#2322=VECTOR('',#8940,10.);
#2323=VECTOR('',#8941,10.);
#2324=VECTOR('',#8944,10.);
#2325=VECTOR('',#8945,10.);
#2326=VECTOR('',#8946,10.);
#2327=VECTOR('',#8947,10.);
#2328=VECTOR('',#8950,10.);
#2329=VECTOR('',#8951,10.);
#2330=VECTOR('',#8952,10.);
#2331=VECTOR('',#8953,10.);
#2332=VECTOR('',#8956,10.);
#2333=VECTOR('',#8957,10.);
#2334=VECTOR('',#8958,10.);
#2335=VECTOR('',#8961,10.);
#2336=VECTOR('',#8962,10.);
#2337=VECTOR('',#8963,10.);
#2338=VECTOR('',#8966,10.);
#2339=VECTOR('',#8967,10.);
#2340=VECTOR('',#8968,10.);
#2341=VECTOR('',#8969,10.);
#2342=VECTOR('',#8972,10.);
#2343=VECTOR('',#8973,10.);
#2344=VECTOR('',#8974,10.);
#2345=VECTOR('',#8975,10.);
#2346=VECTOR('',#8978,10.);
#2347=VECTOR('',#8979,10.);
#2348=VECTOR('',#8980,10.);
#2349=VECTOR('',#8983,10.);
#2350=VECTOR('',#8984,10.);
#2351=VECTOR('',#8985,10.);
#2352=VECTOR('',#8988,10.);
#2353=VECTOR('',#8989,10.);
#2354=VECTOR('',#8990,10.);
#2355=VECTOR('',#8991,10.);
#2356=VECTOR('',#8994,10.);
#2357=VECTOR('',#8995,10.);
#2358=VECTOR('',#8996,10.);
#2359=VECTOR('',#8997,10.);
#2360=VECTOR('',#9000,10.);
#2361=VECTOR('',#9001,10.);
#2362=VECTOR('',#9002,10.);
#2363=VECTOR('',#9005,10.);
#2364=VECTOR('',#9006,10.);
#2365=VECTOR('',#9007,10.);
#2366=VECTOR('',#9010,10.);
#2367=VECTOR('',#9011,10.);
#2368=VECTOR('',#9012,10.);
#2369=VECTOR('',#9013,10.);
#2370=VECTOR('',#9016,10.);
#2371=VECTOR('',#9017,10.);
#2372=VECTOR('',#9018,10.);
#2373=VECTOR('',#9019,10.);
#2374=VECTOR('',#9022,10.);
#2375=VECTOR('',#9023,10.);
#2376=VECTOR('',#9024,10.);
#2377=VECTOR('',#9027,10.);
#2378=VECTOR('',#9028,10.);
#2379=VECTOR('',#9029,10.);
#2380=VECTOR('',#9032,10.);
#2381=VECTOR('',#9033,10.);
#2382=VECTOR('',#9034,10.);
#2383=VECTOR('',#9035,10.);
#2384=VECTOR('',#9038,10.);
#2385=VECTOR('',#9039,10.);
#2386=VECTOR('',#9040,10.);
#2387=VECTOR('',#9041,10.);
#2388=VECTOR('',#9044,10.);
#2389=VECTOR('',#9045,10.);
#2390=VECTOR('',#9046,10.);
#2391=VECTOR('',#9049,10.);
#2392=VECTOR('',#9050,10.);
#2393=VECTOR('',#9051,10.);
#2394=VECTOR('',#9054,10.);
#2395=VECTOR('',#9055,10.);
#2396=VECTOR('',#9056,10.);
#2397=VECTOR('',#9057,10.);
#2398=VECTOR('',#9060,10.);
#2399=VECTOR('',#9061,10.);
#2400=VECTOR('',#9062,10.);
#2401=VECTOR('',#9063,10.);
#2402=VECTOR('',#9066,10.);
#2403=VECTOR('',#9067,10.);
#2404=VECTOR('',#9068,10.);
#2405=VECTOR('',#9071,10.);
#2406=VECTOR('',#9072,10.);
#2407=VECTOR('',#9073,10.);
#2408=VECTOR('',#9076,10.);
#2409=VECTOR('',#9077,10.);
#2410=VECTOR('',#9078,10.);
#2411=VECTOR('',#9079,10.);
#2412=VECTOR('',#9080,10.);
#2413=VECTOR('',#9081,10.);
#2414=VECTOR('',#9084,10.);
#2415=VECTOR('',#9085,10.);
#2416=VECTOR('',#9086,10.);
#2417=VECTOR('',#9087,10.);
#2418=VECTOR('',#9088,10.);
#2419=VECTOR('',#9089,10.);
#2420=VECTOR('',#9092,10.);
#2421=VECTOR('',#9093,10.);
#2422=VECTOR('',#9094,10.);
#2423=VECTOR('',#9095,10.);
#2424=VECTOR('',#9096,10.);
#2425=VECTOR('',#9097,10.);
#2426=VECTOR('',#9100,10.);
#2427=VECTOR('',#9101,10.);
#2428=VECTOR('',#9102,10.);
#2429=VECTOR('',#9103,10.);
#2430=VECTOR('',#9104,10.);
#2431=VECTOR('',#9105,10.);
#2432=VECTOR('',#9108,10.);
#2433=VECTOR('',#9109,10.);
#2434=VECTOR('',#9110,10.);
#2435=VECTOR('',#9111,10.);
#2436=VECTOR('',#9112,10.);
#2437=VECTOR('',#9113,10.);
#2438=VECTOR('',#9116,10.);
#2439=VECTOR('',#9117,10.);
#2440=VECTOR('',#9120,10.);
#2441=VECTOR('',#9121,10.);
#2442=VECTOR('',#9122,10.);
#2443=VECTOR('',#9123,10.);
#2444=VECTOR('',#9124,10.);
#2445=VECTOR('',#9125,10.);
#2446=VECTOR('',#9128,10.);
#2447=VECTOR('',#9129,10.);
#2448=VECTOR('',#9130,10.);
#2449=VECTOR('',#9133,10.);
#2450=VECTOR('',#9134,10.);
#2451=VECTOR('',#9135,10.);
#2452=VECTOR('',#9136,10.);
#2453=VECTOR('',#9137,10.);
#2454=VECTOR('',#9140,10.);
#2455=VECTOR('',#9141,10.);
#2456=VECTOR('',#9142,10.);
#2457=VECTOR('',#9143,10.);
#2458=VECTOR('',#9144,10.);
#2459=VECTOR('',#9145,10.);
#2460=VECTOR('',#9148,10.);
#2461=VECTOR('',#9149,10.);
#2462=VECTOR('',#9150,10.);
#2463=VECTOR('',#9151,10.);
#2464=VECTOR('',#9152,10.);
#2465=VECTOR('',#9153,10.);
#2466=VECTOR('',#9156,10.);
#2467=VECTOR('',#9157,10.);
#2468=VECTOR('',#9158,10.);
#2469=VECTOR('',#9159,10.);
#2470=VECTOR('',#9160,10.);
#2471=VECTOR('',#9161,10.);
#2472=VECTOR('',#9164,10.);
#2473=VECTOR('',#9165,10.);
#2474=VECTOR('',#9166,10.);
#2475=VECTOR('',#9167,10.);
#2476=VECTOR('',#9168,10.);
#2477=VECTOR('',#9169,10.);
#2478=VECTOR('',#9172,10.);
#2479=VECTOR('',#9173,10.);
#2480=VECTOR('',#9174,10.);
#2481=VECTOR('',#9175,10.);
#2482=VECTOR('',#9176,10.);
#2483=VECTOR('',#9177,10.);
#2484=VECTOR('',#9180,10.);
#2485=VECTOR('',#9181,10.);
#2486=VECTOR('',#9182,10.);
#2487=VECTOR('',#9183,10.);
#2488=VECTOR('',#9184,10.);
#2489=VECTOR('',#9185,10.);
#2490=VECTOR('',#9188,10.);
#2491=VECTOR('',#9189,10.);
#2492=VECTOR('',#9192,10.);
#2493=VECTOR('',#9193,10.);
#2494=VECTOR('',#9194,10.);
#2495=VECTOR('',#9195,10.);
#2496=VECTOR('',#9196,10.);
#2497=VECTOR('',#9197,10.);
#2498=VECTOR('',#9200,10.);
#2499=VECTOR('',#9201,10.);
#2500=VECTOR('',#9204,10.);
#2501=VECTOR('',#9205,10.);
#2502=VECTOR('',#9206,10.);
#2503=VECTOR('',#9207,10.);
#2504=VECTOR('',#9208,10.);
#2505=VECTOR('',#9209,10.);
#2506=VECTOR('',#9212,10.);
#2507=VECTOR('',#9213,10.);
#2508=VECTOR('',#9214,10.);
#2509=VECTOR('',#9215,10.);
#2510=VECTOR('',#9216,10.);
#2511=VECTOR('',#9219,10.);
#2512=VECTOR('',#9220,10.);
#2513=VECTOR('',#9225,10.);
#2514=VECTOR('',#9226,10.);
#2515=VECTOR('',#9231,10.);
#2516=VECTOR('',#9232,10.);
#2517=VECTOR('',#9235,10.);
#2518=VECTOR('',#9236,10.);
#2519=VECTOR('',#9237,10.);
#2520=VECTOR('',#9238,10.);
#2521=VECTOR('',#9239,10.);
#2522=VECTOR('',#9242,10.);
#2523=VECTOR('',#9243,10.);
#2524=VECTOR('',#9244,10.);
#2525=VECTOR('',#9245,10.);
#2526=VECTOR('',#9246,10.);
#2527=VECTOR('',#9247,10.);
#2528=VECTOR('',#9250,10.);
#2529=VECTOR('',#9251,10.);
#2530=VECTOR('',#9252,10.);
#2531=VECTOR('',#9253,10.);
#2532=VECTOR('',#9262,10.);
#2533=VECTOR('',#9269,10.);
#2534=VECTOR('',#9274,10.);
#2535=VECTOR('',#9277,10.);
#2536=VECTOR('',#9280,10.);
#2537=VECTOR('',#9283,10.);
#2538=VECTOR('',#9284,10.);
#2539=VECTOR('',#9285,10.);
#2540=VECTOR('',#9286,10.);
#2541=VECTOR('',#9287,10.);
#2542=VECTOR('',#9288,10.);
#2543=VECTOR('',#9289,10.);
#2544=VECTOR('',#9290,10.);
#2545=VECTOR('',#9291,10.);
#2546=VECTOR('',#9294,10.);
#2547=VECTOR('',#9297,10.);
#2548=VECTOR('',#9302,10.);
#2549=VECTOR('',#9303,10.);
#2550=VECTOR('',#9308,10.);
#2551=VECTOR('',#9311,10.);
#2552=VECTOR('',#9314,10.);
#2553=VECTOR('',#9315,10.);
#2554=VECTOR('',#9316,10.);
#2555=VECTOR('',#9319,10.);
#2556=VECTOR('',#9320,10.);
#2557=VECTOR('',#9323,10.);
#2558=VECTOR('',#9324,10.);
#2559=VECTOR('',#9325,10.);
#2560=VECTOR('',#9328,10.);
#2561=VECTOR('',#9329,10.);
#2562=VECTOR('',#9330,10.);
#2563=VECTOR('',#9331,10.);
#2564=VECTOR('',#9332,10.);
#2565=VECTOR('',#9333,10.);
#2566=VECTOR('',#9334,10.);
#2567=VECTOR('',#9335,10.);
#2568=VECTOR('',#9336,10.);
#2569=VECTOR('',#9337,10.);
#2570=VECTOR('',#9338,10.);
#2571=VECTOR('',#9339,10.);
#2572=VECTOR('',#9340,10.);
#2573=VECTOR('',#9343,10.);
#2574=VECTOR('',#9348,10.);
#2575=VECTOR('',#9349,10.);
#2576=VECTOR('',#9352,10.);
#2577=VECTOR('',#9355,10.);
#2578=VECTOR('',#9358,10.);
#2579=VECTOR('',#9361,10.);
#2580=VECTOR('',#9364,10.);
#2581=VECTOR('',#9367,10.);
#2582=VECTOR('',#9370,10.);
#2583=VECTOR('',#9373,10.);
#2584=VECTOR('',#9374,10.);
#2585=VECTOR('',#9377,10.);
#2586=VECTOR('',#9378,10.);
#2587=VECTOR('',#9381,10.);
#2588=VECTOR('',#9384,10.);
#2589=VECTOR('',#9385,10.);
#2590=VECTOR('',#9390,10.);
#2591=VECTOR('',#9391,10.);
#2592=VECTOR('',#9396,10.);
#2593=VECTOR('',#9397,10.);
#2594=VECTOR('',#9402,10.);
#2595=VECTOR('',#9403,10.);
#2596=VECTOR('',#9408,10.);
#2597=VECTOR('',#9409,10.);
#2598=VECTOR('',#9410,10.);
#2599=VECTOR('',#9413,10.);
#2600=VECTOR('',#9414,10.);
#2601=VECTOR('',#9415,10.);
#2602=VECTOR('',#9420,10.);
#2603=VECTOR('',#9421,10.);
#2604=VECTOR('',#9426,10.);
#2605=VECTOR('',#9427,10.);
#2606=VECTOR('',#9432,10.);
#2607=VECTOR('',#9433,10.);
#2608=VECTOR('',#9438,10.);
#2609=VECTOR('',#9439,10.);
#2610=VECTOR('',#9440,10.);
#2611=VECTOR('',#9441,10.);
#2612=VECTOR('',#9442,10.);
#2613=VECTOR('',#9443,10.);
#2614=VECTOR('',#9444,10.);
#2615=VECTOR('',#9445,10.);
#2616=VECTOR('',#9446,10.);
#2617=VECTOR('',#9447,10.);
#2618=VECTOR('',#9448,10.);
#2619=VECTOR('',#9449,10.);
#2620=VECTOR('',#9450,10.);
#2621=VECTOR('',#9451,10.);
#2622=VECTOR('',#9452,10.);
#2623=VECTOR('',#9453,10.);
#2624=VECTOR('',#9454,10.);
#2625=VECTOR('',#9455,10.);
#2626=VECTOR('',#9456,10.);
#2627=VECTOR('',#9457,10.);
#2628=VECTOR('',#9458,10.);
#2629=VECTOR('',#9459,10.);
#2630=VECTOR('',#9460,10.);
#2631=VECTOR('',#9461,10.);
#2632=VECTOR('',#9462,10.);
#2633=VECTOR('',#9463,10.);
#2634=VECTOR('',#9464,10.);
#2635=VECTOR('',#9465,10.);
#2636=VECTOR('',#9466,10.);
#2637=VECTOR('',#9467,10.);
#2638=VECTOR('',#9468,10.);
#2639=VECTOR('',#9469,10.);
#2640=VECTOR('',#9470,10.);
#2641=VECTOR('',#9471,10.);
#2642=VECTOR('',#9472,10.);
#2643=VECTOR('',#9473,10.);
#2644=VECTOR('',#9474,10.);
#2645=VECTOR('',#9475,10.);
#2646=VECTOR('',#9476,10.);
#2647=VECTOR('',#9477,10.);
#2648=VECTOR('',#9478,10.);
#2649=VECTOR('',#9479,10.);
#2650=VECTOR('',#9480,10.);
#2651=VECTOR('',#9481,10.);
#2652=VECTOR('',#9482,10.);
#2653=VECTOR('',#9483,10.);
#2654=VECTOR('',#9486,10.);
#2655=VECTOR('',#9487,10.);
#2656=VECTOR('',#9488,10.);
#2657=VECTOR('',#9489,10.);
#2658=VECTOR('',#9492,10.);
#2659=VECTOR('',#9493,10.);
#2660=VECTOR('',#9494,10.);
#2661=VECTOR('',#9497,10.);
#2662=VECTOR('',#9498,10.);
#2663=VECTOR('',#9499,10.);
#2664=VECTOR('',#9502,10.);
#2665=VECTOR('',#9505,10.);
#2666=VECTOR('',#9506,10.);
#2667=VECTOR('',#9507,10.);
#2668=VECTOR('',#9508,10.);
#2669=VECTOR('',#9511,10.);
#2670=VECTOR('',#9512,10.);
#2671=VECTOR('',#9513,10.);
#2672=VECTOR('',#9516,10.);
#2673=VECTOR('',#9517,10.);
#2674=VECTOR('',#9518,10.);
#2675=VECTOR('',#9521,10.);
#2676=VECTOR('',#9524,10.);
#2677=VECTOR('',#9525,10.);
#2678=VECTOR('',#9526,10.);
#2679=VECTOR('',#9527,10.);
#2680=VECTOR('',#9530,10.);
#2681=VECTOR('',#9531,10.);
#2682=VECTOR('',#9532,10.);
#2683=VECTOR('',#9535,10.);
#2684=VECTOR('',#9536,10.);
#2685=VECTOR('',#9537,10.);
#2686=VECTOR('',#9540,10.);
#2687=VECTOR('',#9543,10.);
#2688=VECTOR('',#9544,10.);
#2689=VECTOR('',#9545,10.);
#2690=VECTOR('',#9546,10.);
#2691=VECTOR('',#9549,10.);
#2692=VECTOR('',#9550,10.);
#2693=VECTOR('',#9551,10.);
#2694=VECTOR('',#9554,10.);
#2695=VECTOR('',#9555,10.);
#2696=VECTOR('',#9556,10.);
#2697=VECTOR('',#9559,10.);
#2698=VECTOR('',#9562,10.);
#2699=VECTOR('',#9563,10.);
#2700=VECTOR('',#9564,10.);
#2701=VECTOR('',#9565,10.);
#2702=VECTOR('',#9568,10.);
#2703=VECTOR('',#9569,10.);
#2704=VECTOR('',#9570,10.);
#2705=VECTOR('',#9573,10.);
#2706=VECTOR('',#9574,10.);
#2707=VECTOR('',#9575,10.);
#2708=VECTOR('',#9578,10.);
#2709=VECTOR('',#9581,10.);
#2710=VECTOR('',#9582,10.);
#2711=VECTOR('',#9583,10.);
#2712=VECTOR('',#9584,10.);
#2713=VECTOR('',#9587,10.);
#2714=VECTOR('',#9588,10.);
#2715=VECTOR('',#9589,10.);
#2716=VECTOR('',#9592,10.);
#2717=VECTOR('',#9593,10.);
#2718=VECTOR('',#9594,10.);
#2719=VECTOR('',#9597,10.);
#2720=VECTOR('',#9600,10.);
#2721=VECTOR('',#9601,10.);
#2722=VECTOR('',#9602,10.);
#2723=VECTOR('',#9603,10.);
#2724=VECTOR('',#9606,10.);
#2725=VECTOR('',#9607,10.);
#2726=VECTOR('',#9608,10.);
#2727=VECTOR('',#9611,10.);
#2728=VECTOR('',#9612,10.);
#2729=VECTOR('',#9613,10.);
#2730=VECTOR('',#9616,10.);
#2731=VECTOR('',#9619,10.);
#2732=VECTOR('',#9620,10.);
#2733=VECTOR('',#9621,10.);
#2734=VECTOR('',#9622,10.);
#2735=VECTOR('',#9625,10.);
#2736=VECTOR('',#9626,10.);
#2737=VECTOR('',#9627,10.);
#2738=VECTOR('',#9630,10.);
#2739=VECTOR('',#9631,10.);
#2740=VECTOR('',#9632,10.);
#2741=VECTOR('',#9635,10.);
#2742=VECTOR('',#9638,10.);
#2743=VECTOR('',#9639,10.);
#2744=VECTOR('',#9640,10.);
#2745=VECTOR('',#9641,10.);
#2746=VECTOR('',#9642,10.);
#2747=VECTOR('',#9643,10.);
#2748=VECTOR('',#9644,10.);
#2749=VECTOR('',#9645,10.);
#2750=VECTOR('',#9646,10.);
#2751=VECTOR('',#9647,10.);
#2752=VECTOR('',#9648,10.);
#2753=VECTOR('',#9649,10.);
#2754=VECTOR('',#9650,10.);
#2755=VECTOR('',#9651,10.);
#2756=VECTOR('',#9652,10.);
#2757=VECTOR('',#9653,10.);
#2758=VECTOR('',#9654,10.);
#2759=VECTOR('',#9655,10.);
#2760=VECTOR('',#9658,10.);
#2761=VECTOR('',#9661,10.);
#2762=VECTOR('',#9662,10.);
#2763=VECTOR('',#9663,10.);
#2764=VECTOR('',#9666,10.);
#2765=VECTOR('',#9667,10.);
#2766=VECTOR('',#9668,10.);
#2767=VECTOR('',#9671,10.);
#2768=VECTOR('',#9672,10.);
#2769=VECTOR('',#9673,10.);
#2770=VECTOR('',#9676,10.);
#2771=VECTOR('',#9677,10.);
#2772=VECTOR('',#9678,10.);
#2773=VECTOR('',#9681,10.);
#2774=VECTOR('',#9682,10.);
#2775=VECTOR('',#9683,10.);
#2776=VECTOR('',#9686,10.);
#2777=VECTOR('',#9687,10.);
#2778=VECTOR('',#9688,10.);
#2779=VECTOR('',#9691,10.);
#2780=VECTOR('',#9694,10.);
#2781=VECTOR('',#9695,10.);
#2782=VECTOR('',#9696,10.);
#2783=VECTOR('',#9699,10.);
#2784=VECTOR('',#9700,10.);
#2785=VECTOR('',#9701,10.);
#2786=VECTOR('',#9704,10.);
#2787=VECTOR('',#9705,10.);
#2788=VECTOR('',#9706,10.);
#2789=VECTOR('',#9709,10.);
#2790=VECTOR('',#9710,10.);
#2791=VECTOR('',#9711,10.);
#2792=VECTOR('',#9714,10.);
#2793=VECTOR('',#9715,10.);
#2794=VECTOR('',#9716,10.);
#2795=VECTOR('',#9719,10.);
#2796=VECTOR('',#9720,10.);
#2797=VECTOR('',#9721,10.);
#2798=VECTOR('',#9724,10.);
#2799=VECTOR('',#9725,10.);
#2800=VECTOR('',#9726,10.);
#2801=VECTOR('',#9729,10.);
#2802=VECTOR('',#9730,10.);
#2803=VECTOR('',#9731,10.);
#2804=VECTOR('',#9734,10.);
#2805=VECTOR('',#9737,10.);
#2806=VECTOR('',#9740,10.);
#2807=VECTOR('',#9743,10.);
#2808=VECTOR('',#9746,10.);
#2809=VECTOR('',#9749,10.);
#2810=VECTOR('',#9752,10.);
#2811=VECTOR('',#9755,10.);
#2812=VECTOR('',#9758,10.);
#2813=VECTOR('',#9761,10.);
#2814=VECTOR('',#9764,10.);
#2815=VECTOR('',#9767,10.);
#2816=VECTOR('',#9770,10.);
#2817=VECTOR('',#9773,10.);
#2818=VECTOR('',#9776,10.);
#2819=VECTOR('',#9787,10.);
#2820=VECTOR('',#9796,10.);
#2821=VECTOR('',#9799,10.);
#2822=VECTOR('',#9800,10.);
#2823=VECTOR('',#9801,10.);
#2824=VECTOR('',#9802,10.);
#2825=VECTOR('',#9803,10.);
#2826=VECTOR('',#9804,10.);
#2827=VECTOR('',#9805,10.);
#2828=VECTOR('',#9806,10.);
#2829=VECTOR('',#9807,10.);
#2830=VECTOR('',#9812,10.);
#2831=VECTOR('',#9813,10.);
#2832=VECTOR('',#9816,10.);
#2833=VECTOR('',#9817,10.);
#2834=VECTOR('',#9820,10.);
#2835=VECTOR('',#9825,10.);
#2836=VECTOR('',#9826,10.);
#2837=VECTOR('',#9829,10.);
#2838=VECTOR('',#9830,10.);
#2839=VECTOR('',#9833,10.);
#2840=VERTEX_POINT('',#9852);
#2841=VERTEX_POINT('',#9853);
#2842=VERTEX_POINT('',#9855);
#2843=VERTEX_POINT('',#9857);
#2844=VERTEX_POINT('',#9859);
#2845=VERTEX_POINT('',#9861);
#2846=VERTEX_POINT('',#9863);
#2847=VERTEX_POINT('',#9865);
#2848=VERTEX_POINT('',#9867);
#2849=VERTEX_POINT('',#9869);
#2850=VERTEX_POINT('',#9871);
#2851=VERTEX_POINT('',#9873);
#2852=VERTEX_POINT('',#9875);
#2853=VERTEX_POINT('',#9877);
#2854=VERTEX_POINT('',#9879);
#2855=VERTEX_POINT('',#9883);
#2856=VERTEX_POINT('',#9885);
#2857=VERTEX_POINT('',#9889);
#2858=VERTEX_POINT('',#9893);
#2859=VERTEX_POINT('',#9897);
#2860=VERTEX_POINT('',#9901);
#2861=VERTEX_POINT('',#9905);
#2862=VERTEX_POINT('',#9909);
#2863=VERTEX_POINT('',#9913);
#2864=VERTEX_POINT('',#9917);
#2865=VERTEX_POINT('',#9921);
#2866=VERTEX_POINT('',#9925);
#2867=VERTEX_POINT('',#9929);
#2868=VERTEX_POINT('',#9933);
#2869=VERTEX_POINT('',#9937);
#2870=VERTEX_POINT('',#9953);
#2871=VERTEX_POINT('',#9954);
#2872=VERTEX_POINT('',#9956);
#2873=VERTEX_POINT('',#9958);
#2874=VERTEX_POINT('',#9960);
#2875=VERTEX_POINT('',#9962);
#2876=VERTEX_POINT('',#9966);
#2877=VERTEX_POINT('',#9968);
#2878=VERTEX_POINT('',#9970);
#2879=VERTEX_POINT('',#9974);
#2880=VERTEX_POINT('',#9976);
#2881=VERTEX_POINT('',#9981);
#2882=VERTEX_POINT('',#9985);
#2883=VERTEX_POINT('',#9989);
#2884=VERTEX_POINT('',#9991);
#2885=VERTEX_POINT('',#9993);
#2886=VERTEX_POINT('',#9995);
#2887=VERTEX_POINT('',#9997);
#2888=VERTEX_POINT('',#9999);
#2889=VERTEX_POINT('',#10001);
#2890=VERTEX_POINT('',#10003);
#2891=VERTEX_POINT('',#10005);
#2892=VERTEX_POINT('',#10007);
#2893=VERTEX_POINT('',#10009);
#2894=VERTEX_POINT('',#10011);
#2895=VERTEX_POINT('',#10013);
#2896=VERTEX_POINT('',#10015);
#2897=VERTEX_POINT('',#10018);
#2898=VERTEX_POINT('',#10020);
#2899=VERTEX_POINT('',#10023);
#2900=VERTEX_POINT('',#10025);
#2901=VERTEX_POINT('',#10032);
#2902=VERTEX_POINT('',#10033);
#2903=VERTEX_POINT('',#10035);
#2904=VERTEX_POINT('',#10037);
#2905=VERTEX_POINT('',#10041);
#2906=VERTEX_POINT('',#10046);
#2907=VERTEX_POINT('',#10048);
#2908=VERTEX_POINT('',#10053);
#2909=VERTEX_POINT('',#10055);
#2910=VERTEX_POINT('',#10057);
#2911=VERTEX_POINT('',#10061);
#2912=VERTEX_POINT('',#10063);
#2913=VERTEX_POINT('',#10065);
#2914=VERTEX_POINT('',#10069);
#2915=VERTEX_POINT('',#10073);
#2916=VERTEX_POINT('',#10075);
#2917=VERTEX_POINT('',#10077);
#2918=VERTEX_POINT('',#10079);
#2919=VERTEX_POINT('',#10081);
#2920=VERTEX_POINT('',#10083);
#2921=VERTEX_POINT('',#10085);
#2922=VERTEX_POINT('',#10088);
#2923=VERTEX_POINT('',#10090);
#2924=VERTEX_POINT('',#10092);
#2925=VERTEX_POINT('',#10094);
#2926=VERTEX_POINT('',#10097);
#2927=VERTEX_POINT('',#10099);
#2928=VERTEX_POINT('',#10121);
#2929=VERTEX_POINT('',#10123);
#2930=VERTEX_POINT('',#10127);
#2931=VERTEX_POINT('',#10135);
#2932=VERTEX_POINT('',#10137);
#2933=VERTEX_POINT('',#10141);
#2934=VERTEX_POINT('',#10148);
#2935=VERTEX_POINT('',#10152);
#2936=VERTEX_POINT('',#10154);
#2937=VERTEX_POINT('',#10158);
#2938=VERTEX_POINT('',#10159);
#2939=VERTEX_POINT('',#10164);
#2940=VERTEX_POINT('',#10168);
#2941=VERTEX_POINT('',#10169);
#2942=VERTEX_POINT('',#10174);
#2943=VERTEX_POINT('',#10179);
#2944=VERTEX_POINT('',#10184);
#2945=VERTEX_POINT('',#10185);
#2946=VERTEX_POINT('',#10187);
#2947=VERTEX_POINT('',#10189);
#2948=VERTEX_POINT('',#10193);
#2949=VERTEX_POINT('',#10195);
#2950=VERTEX_POINT('',#10210);
#2951=VERTEX_POINT('',#10212);
#2952=VERTEX_POINT('',#10216);
#2953=VERTEX_POINT('',#10218);
#2954=VERTEX_POINT('',#10220);
#2955=VERTEX_POINT('',#10222);
#2956=VERTEX_POINT('',#10224);
#2957=VERTEX_POINT('',#10226);
#2958=VERTEX_POINT('',#10228);
#2959=VERTEX_POINT('',#10230);
#2960=VERTEX_POINT('',#10232);
#2961=VERTEX_POINT('',#10234);
#2962=VERTEX_POINT('',#10236);
#2963=VERTEX_POINT('',#10238);
#2964=VERTEX_POINT('',#10240);
#2965=VERTEX_POINT('',#10242);
#2966=VERTEX_POINT('',#10244);
#2967=VERTEX_POINT('',#10246);
#2968=VERTEX_POINT('',#10255);
#2969=VERTEX_POINT('',#10266);
#2970=VERTEX_POINT('',#10267);
#2971=VERTEX_POINT('',#10269);
#2972=VERTEX_POINT('',#10271);
#2973=VERTEX_POINT('',#10275);
#2974=VERTEX_POINT('',#10277);
#2975=VERTEX_POINT('',#10281);
#2976=VERTEX_POINT('',#10283);
#2977=VERTEX_POINT('',#10292);
#2978=VERTEX_POINT('',#10294);
#2979=VERTEX_POINT('',#10303);
#2980=VERTEX_POINT('',#10305);
#2981=VERTEX_POINT('',#10307);
#2982=VERTEX_POINT('',#10309);
#2983=VERTEX_POINT('',#10311);
#2984=VERTEX_POINT('',#10313);
#2985=VERTEX_POINT('',#10315);
#2986=VERTEX_POINT('',#10317);
#2987=VERTEX_POINT('',#10319);
#2988=VERTEX_POINT('',#10321);
#2989=VERTEX_POINT('',#10323);
#2990=VERTEX_POINT('',#10325);
#2991=VERTEX_POINT('',#10327);
#2992=VERTEX_POINT('',#10331);
#2993=VERTEX_POINT('',#10332);
#2994=VERTEX_POINT('',#10337);
#2995=VERTEX_POINT('',#10341);
#2996=VERTEX_POINT('',#10342);
#2997=VERTEX_POINT('',#10347);
#2998=VERTEX_POINT('',#10351);
#2999=VERTEX_POINT('',#10353);
#3000=VERTEX_POINT('',#10355);
#3001=VERTEX_POINT('',#10357);
#3002=VERTEX_POINT('',#10359);
#3003=VERTEX_POINT('',#10361);
#3004=VERTEX_POINT('',#10364);
#3005=VERTEX_POINT('',#10366);
#3006=VERTEX_POINT('',#10368);
#3007=VERTEX_POINT('',#10370);
#3008=VERTEX_POINT('',#10372);
#3009=VERTEX_POINT('',#10374);
#3010=VERTEX_POINT('',#10376);
#3011=VERTEX_POINT('',#10378);
#3012=VERTEX_POINT('',#10382);
#3013=VERTEX_POINT('',#10383);
#3014=VERTEX_POINT('',#10385);
#3015=VERTEX_POINT('',#10387);
#3016=VERTEX_POINT('',#10391);
#3017=VERTEX_POINT('',#10393);
#3018=VERTEX_POINT('',#10395);
#3019=VERTEX_POINT('',#10397);
#3020=VERTEX_POINT('',#10399);
#3021=VERTEX_POINT('',#10401);
#3022=VERTEX_POINT('',#10403);
#3023=VERTEX_POINT('',#10405);
#3024=VERTEX_POINT('',#10407);
#3025=VERTEX_POINT('',#10409);
#3026=VERTEX_POINT('',#10411);
#3027=VERTEX_POINT('',#10413);
#3028=VERTEX_POINT('',#10417);
#3029=VERTEX_POINT('',#10421);
#3030=VERTEX_POINT('',#10422);
#3031=VERTEX_POINT('',#10424);
#3032=VERTEX_POINT('',#10426);
#3033=VERTEX_POINT('',#10430);
#3034=VERTEX_POINT('',#10432);
#3035=VERTEX_POINT('',#10434);
#3036=VERTEX_POINT('',#10436);
#3037=VERTEX_POINT('',#10438);
#3038=VERTEX_POINT('',#10440);
#3039=VERTEX_POINT('',#10442);
#3040=VERTEX_POINT('',#10444);
#3041=VERTEX_POINT('',#10446);
#3042=VERTEX_POINT('',#10448);
#3043=VERTEX_POINT('',#10450);
#3044=VERTEX_POINT('',#10452);
#3045=VERTEX_POINT('',#10456);
#3046=VERTEX_POINT('',#10474);
#3047=VERTEX_POINT('',#10476);
#3048=VERTEX_POINT('',#10480);
#3049=VERTEX_POINT('',#10484);
#3050=VERTEX_POINT('',#10488);
#3051=VERTEX_POINT('',#10489);
#3052=VERTEX_POINT('',#10496);
#3053=VERTEX_POINT('',#10504);
#3054=VERTEX_POINT('',#10506);
#3055=VERTEX_POINT('',#10510);
#3056=VERTEX_POINT('',#10512);
#3057=VERTEX_POINT('',#10514);
#3058=VERTEX_POINT('',#10516);
#3059=VERTEX_POINT('',#10520);
#3060=VERTEX_POINT('',#10522);
#3061=VERTEX_POINT('',#10526);
#3062=VERTEX_POINT('',#10528);
#3063=VERTEX_POINT('',#10530);
#3064=VERTEX_POINT('',#10532);
#3065=VERTEX_POINT('',#10536);
#3066=VERTEX_POINT('',#10537);
#3067=VERTEX_POINT('',#10539);
#3068=VERTEX_POINT('',#10541);
#3069=VERTEX_POINT('',#10545);
#3070=VERTEX_POINT('',#10547);
#3071=VERTEX_POINT('',#10549);
#3072=VERTEX_POINT('',#10551);
#3073=VERTEX_POINT('',#10555);
#3074=VERTEX_POINT('',#10557);
#3075=VERTEX_POINT('',#10561);
#3076=VERTEX_POINT('',#10563);
#3077=VERTEX_POINT('',#10565);
#3078=VERTEX_POINT('',#10650);
#3079=VERTEX_POINT('',#10820);
#3080=VERTEX_POINT('',#10821);
#3081=VERTEX_POINT('',#10823);
#3082=VERTEX_POINT('',#10825);
#3083=VERTEX_POINT('',#10827);
#3084=VERTEX_POINT('',#10829);
#3085=VERTEX_POINT('',#10833);
#3086=VERTEX_POINT('',#10834);
#3087=VERTEX_POINT('',#10839);
#3088=VERTEX_POINT('',#10843);
#3089=VERTEX_POINT('',#10849);
#3090=VERTEX_POINT('',#10855);
#3091=VERTEX_POINT('',#10859);
#3092=VERTEX_POINT('',#10861);
#3093=VERTEX_POINT('',#10867);
#3094=VERTEX_POINT('',#10872);
#3095=VERTEX_POINT('',#10879);
#3096=VERTEX_POINT('',#10884);
#3097=VERTEX_POINT('',#10891);
#3098=VERTEX_POINT('',#10900);
#3099=VERTEX_POINT('',#10904);
#3100=VERTEX_POINT('',#10908);
#3101=VERTEX_POINT('',#10912);
#3102=VERTEX_POINT('',#10916);
#3103=VERTEX_POINT('',#10920);
#3104=VERTEX_POINT('',#10924);
#3105=VERTEX_POINT('',#10930);
#3106=VERTEX_POINT('',#10934);
#3107=VERTEX_POINT('',#10953);
#3108=VERTEX_POINT('',#10958);
#3109=VERTEX_POINT('',#10964);
#3110=VERTEX_POINT('',#10965);
#3111=VERTEX_POINT('',#10967);
#3112=VERTEX_POINT('',#10969);
#3113=VERTEX_POINT('',#10971);
#3114=VERTEX_POINT('',#10973);
#3115=VERTEX_POINT('',#10977);
#3116=VERTEX_POINT('',#10979);
#3117=VERTEX_POINT('',#10983);
#3118=VERTEX_POINT('',#10987);
#3119=VERTEX_POINT('',#10991);
#3120=VERTEX_POINT('',#10993);
#3121=VERTEX_POINT('',#10999);
#3122=VERTEX_POINT('',#11000);
#3123=VERTEX_POINT('',#11005);
#3124=VERTEX_POINT('',#11009);
#3125=VERTEX_POINT('',#11017);
#3126=VERTEX_POINT('',#11021);
#3127=VERTEX_POINT('',#11025);
#3128=VERTEX_POINT('',#11029);
#3129=VERTEX_POINT('',#11037);
#3130=VERTEX_POINT('',#11048);
#3131=VERTEX_POINT('',#11057);
#3132=VERTEX_POINT('',#11096);
#3133=VERTEX_POINT('',#11097);
#3134=VERTEX_POINT('',#11099);
#3135=VERTEX_POINT('',#11101);
#3136=VERTEX_POINT('',#11105);
#3137=VERTEX_POINT('',#11106);
#3138=VERTEX_POINT('',#11108);
#3139=VERTEX_POINT('',#11110);
#3140=VERTEX_POINT('',#11114);
#3141=VERTEX_POINT('',#11115);
#3142=VERTEX_POINT('',#11120);
#3143=VERTEX_POINT('',#11121);
#3144=VERTEX_POINT('',#11126);
#3145=VERTEX_POINT('',#11127);
#3146=VERTEX_POINT('',#11129);
#3147=VERTEX_POINT('',#11131);
#3148=VERTEX_POINT('',#11135);
#3149=VERTEX_POINT('',#11136);
#3150=VERTEX_POINT('',#11138);
#3151=VERTEX_POINT('',#11140);
#3152=VERTEX_POINT('',#11144);
#3153=VERTEX_POINT('',#11145);
#3154=VERTEX_POINT('',#11150);
#3155=VERTEX_POINT('',#11151);
#3156=VERTEX_POINT('',#11156);
#3157=VERTEX_POINT('',#11157);
#3158=VERTEX_POINT('',#11159);
#3159=VERTEX_POINT('',#11161);
#3160=VERTEX_POINT('',#11165);
#3161=VERTEX_POINT('',#11166);
#3162=VERTEX_POINT('',#11168);
#3163=VERTEX_POINT('',#11170);
#3164=VERTEX_POINT('',#11174);
#3165=VERTEX_POINT('',#11175);
#3166=VERTEX_POINT('',#11180);
#3167=VERTEX_POINT('',#11181);
#3168=VERTEX_POINT('',#11186);
#3169=VERTEX_POINT('',#11187);
#3170=VERTEX_POINT('',#11189);
#3171=VERTEX_POINT('',#11191);
#3172=VERTEX_POINT('',#11195);
#3173=VERTEX_POINT('',#11196);
#3174=VERTEX_POINT('',#11198);
#3175=VERTEX_POINT('',#11200);
#3176=VERTEX_POINT('',#11204);
#3177=VERTEX_POINT('',#11205);
#3178=VERTEX_POINT('',#11210);
#3179=VERTEX_POINT('',#11211);
#3180=VERTEX_POINT('',#11216);
#3181=VERTEX_POINT('',#11217);
#3182=VERTEX_POINT('',#11219);
#3183=VERTEX_POINT('',#11221);
#3184=VERTEX_POINT('',#11225);
#3185=VERTEX_POINT('',#11226);
#3186=VERTEX_POINT('',#11228);
#3187=VERTEX_POINT('',#11230);
#3188=VERTEX_POINT('',#11234);
#3189=VERTEX_POINT('',#11235);
#3190=VERTEX_POINT('',#11240);
#3191=VERTEX_POINT('',#11241);
#3192=VERTEX_POINT('',#11246);
#3193=VERTEX_POINT('',#11247);
#3194=VERTEX_POINT('',#11249);
#3195=VERTEX_POINT('',#11251);
#3196=VERTEX_POINT('',#11255);
#3197=VERTEX_POINT('',#11256);
#3198=VERTEX_POINT('',#11258);
#3199=VERTEX_POINT('',#11260);
#3200=VERTEX_POINT('',#11264);
#3201=VERTEX_POINT('',#11265);
#3202=VERTEX_POINT('',#11270);
#3203=VERTEX_POINT('',#11271);
#3204=VERTEX_POINT('',#11276);
#3205=VERTEX_POINT('',#11277);
#3206=VERTEX_POINT('',#11279);
#3207=VERTEX_POINT('',#11281);
#3208=VERTEX_POINT('',#11285);
#3209=VERTEX_POINT('',#11286);
#3210=VERTEX_POINT('',#11288);
#3211=VERTEX_POINT('',#11290);
#3212=VERTEX_POINT('',#11294);
#3213=VERTEX_POINT('',#11295);
#3214=VERTEX_POINT('',#11300);
#3215=VERTEX_POINT('',#11301);
#3216=VERTEX_POINT('',#11306);
#3217=VERTEX_POINT('',#11307);
#3218=VERTEX_POINT('',#11309);
#3219=VERTEX_POINT('',#11311);
#3220=VERTEX_POINT('',#11315);
#3221=VERTEX_POINT('',#11316);
#3222=VERTEX_POINT('',#11318);
#3223=VERTEX_POINT('',#11320);
#3224=VERTEX_POINT('',#11324);
#3225=VERTEX_POINT('',#11325);
#3226=VERTEX_POINT('',#11330);
#3227=VERTEX_POINT('',#11331);
#3228=VERTEX_POINT('',#11336);
#3229=VERTEX_POINT('',#11338);
#3230=VERTEX_POINT('',#11340);
#3231=VERTEX_POINT('',#11342);
#3232=VERTEX_POINT('',#11344);
#3233=VERTEX_POINT('',#11348);
#3234=VERTEX_POINT('',#11350);
#3235=VERTEX_POINT('',#11352);
#3236=VERTEX_POINT('',#11354);
#3237=VERTEX_POINT('',#11356);
#3238=VERTEX_POINT('',#11360);
#3239=VERTEX_POINT('',#11362);
#3240=VERTEX_POINT('',#11364);
#3241=VERTEX_POINT('',#11366);
#3242=VERTEX_POINT('',#11368);
#3243=VERTEX_POINT('',#11372);
#3244=VERTEX_POINT('',#11374);
#3245=VERTEX_POINT('',#11376);
#3246=VERTEX_POINT('',#11378);
#3247=VERTEX_POINT('',#11380);
#3248=VERTEX_POINT('',#11384);
#3249=VERTEX_POINT('',#11386);
#3250=VERTEX_POINT('',#11388);
#3251=VERTEX_POINT('',#11390);
#3252=VERTEX_POINT('',#11392);
#3253=VERTEX_POINT('',#11399);
#3254=VERTEX_POINT('',#11401);
#3255=VERTEX_POINT('',#11403);
#3256=VERTEX_POINT('',#11405);
#3257=VERTEX_POINT('',#11407);
#3258=VERTEX_POINT('',#11412);
#3259=VERTEX_POINT('',#11416);
#3260=VERTEX_POINT('',#11418);
#3261=VERTEX_POINT('',#11420);
#3262=VERTEX_POINT('',#11422);
#3263=VERTEX_POINT('',#11426);
#3264=VERTEX_POINT('',#11428);
#3265=VERTEX_POINT('',#11430);
#3266=VERTEX_POINT('',#11432);
#3267=VERTEX_POINT('',#11434);
#3268=VERTEX_POINT('',#11438);
#3269=VERTEX_POINT('',#11440);
#3270=VERTEX_POINT('',#11442);
#3271=VERTEX_POINT('',#11444);
#3272=VERTEX_POINT('',#11446);
#3273=VERTEX_POINT('',#11450);
#3274=VERTEX_POINT('',#11452);
#3275=VERTEX_POINT('',#11454);
#3276=VERTEX_POINT('',#11456);
#3277=VERTEX_POINT('',#11458);
#3278=VERTEX_POINT('',#11462);
#3279=VERTEX_POINT('',#11464);
#3280=VERTEX_POINT('',#11466);
#3281=VERTEX_POINT('',#11468);
#3282=VERTEX_POINT('',#11470);
#3283=VERTEX_POINT('',#11474);
#3284=VERTEX_POINT('',#11476);
#3285=VERTEX_POINT('',#11478);
#3286=VERTEX_POINT('',#11480);
#3287=VERTEX_POINT('',#11482);
#3288=VERTEX_POINT('',#11486);
#3289=VERTEX_POINT('',#11488);
#3290=VERTEX_POINT('',#11490);
#3291=VERTEX_POINT('',#11492);
#3292=VERTEX_POINT('',#11494);
#3293=VERTEX_POINT('',#11501);
#3294=VERTEX_POINT('',#11503);
#3295=VERTEX_POINT('',#11505);
#3296=VERTEX_POINT('',#11507);
#3297=VERTEX_POINT('',#11509);
#3298=VERTEX_POINT('',#11516);
#3299=VERTEX_POINT('',#11518);
#3300=VERTEX_POINT('',#11520);
#3301=VERTEX_POINT('',#11522);
#3302=VERTEX_POINT('',#11524);
#3303=VERTEX_POINT('',#11528);
#3304=VERTEX_POINT('',#11530);
#3305=VERTEX_POINT('',#11532);
#3306=VERTEX_POINT('',#11534);
#3307=VERTEX_POINT('',#11538);
#3308=VERTEX_POINT('',#11539);
#3309=VERTEX_POINT('',#11541);
#3310=VERTEX_POINT('',#11550);
#3311=VERTEX_POINT('',#11554);
#3312=VERTEX_POINT('',#11556);
#3313=VERTEX_POINT('',#11560);
#3314=VERTEX_POINT('',#11562);
#3315=VERTEX_POINT('',#11573);
#3316=VERTEX_POINT('',#11575);
#3317=VERTEX_POINT('',#11577);
#3318=VERTEX_POINT('',#11579);
#3319=VERTEX_POINT('',#11583);
#3320=VERTEX_POINT('',#11585);
#3321=VERTEX_POINT('',#11587);
#3322=VERTEX_POINT('',#11589);
#3323=VERTEX_POINT('',#11591);
#3324=VERTEX_POINT('',#11595);
#3325=VERTEX_POINT('',#11597);
#3326=VERTEX_POINT('',#11599);
#3327=VERTEX_POINT('',#11606);
#3328=VERTEX_POINT('',#11607);
#3329=VERTEX_POINT('',#11612);
#3330=VERTEX_POINT('',#11616);
#3331=VERTEX_POINT('',#11623);
#3332=VERTEX_POINT('',#11625);
#3333=VERTEX_POINT('',#11627);
#3334=VERTEX_POINT('',#11629);
#3335=VERTEX_POINT('',#11631);
#3336=VERTEX_POINT('',#11633);
#3337=VERTEX_POINT('',#11635);
#3338=VERTEX_POINT('',#11637);
#3339=VERTEX_POINT('',#11641);
#3340=VERTEX_POINT('',#11642);
#3341=VERTEX_POINT('',#11644);
#3342=VERTEX_POINT('',#11646);
#3343=VERTEX_POINT('',#11650);
#3344=VERTEX_POINT('',#11652);
#3345=VERTEX_POINT('',#11656);
#3346=VERTEX_POINT('',#11658);
#3347=VERTEX_POINT('',#11662);
#3348=VERTEX_POINT('',#11667);
#3349=VERTEX_POINT('',#11671);
#3350=VERTEX_POINT('',#11673);
#3351=VERTEX_POINT('',#11711);
#3352=VERTEX_POINT('',#11715);
#3353=VERTEX_POINT('',#11737);
#3354=VERTEX_POINT('',#11739);
#3355=VERTEX_POINT('',#11743);
#3356=VERTEX_POINT('',#11766);
#3357=VERTEX_POINT('',#11768);
#3358=VERTEX_POINT('',#11770);
#3359=VERTEX_POINT('',#11773);
#3360=VERTEX_POINT('',#11775);
#3361=VERTEX_POINT('',#11778);
#3362=VERTEX_POINT('',#11780);
#3363=VERTEX_POINT('',#11782);
#3364=VERTEX_POINT('',#11787);
#3365=VERTEX_POINT('',#11788);
#3366=VERTEX_POINT('',#11790);
#3367=VERTEX_POINT('',#11792);
#3368=VERTEX_POINT('',#11795);
#3369=VERTEX_POINT('',#11796);
#3370=VERTEX_POINT('',#11798);
#3371=VERTEX_POINT('',#11800);
#3372=VERTEX_POINT('',#11803);
#3373=VERTEX_POINT('',#11804);
#3374=VERTEX_POINT('',#11806);
#3375=VERTEX_POINT('',#11808);
#3376=VERTEX_POINT('',#11811);
#3377=VERTEX_POINT('',#11812);
#3378=VERTEX_POINT('',#11814);
#3379=VERTEX_POINT('',#11816);
#3380=VERTEX_POINT('',#11819);
#3381=VERTEX_POINT('',#11820);
#3382=VERTEX_POINT('',#11822);
#3383=VERTEX_POINT('',#11824);
#3384=VERTEX_POINT('',#11827);
#3385=VERTEX_POINT('',#11828);
#3386=VERTEX_POINT('',#11830);
#3387=VERTEX_POINT('',#11832);
#3388=VERTEX_POINT('',#11835);
#3389=VERTEX_POINT('',#11836);
#3390=VERTEX_POINT('',#11838);
#3391=VERTEX_POINT('',#11840);
#3392=VERTEX_POINT('',#11844);
#3393=VERTEX_POINT('',#11845);
#3394=VERTEX_POINT('',#11847);
#3395=VERTEX_POINT('',#11849);
#3396=VERTEX_POINT('',#11853);
#3397=VERTEX_POINT('',#11855);
#3398=VERTEX_POINT('',#11859);
#3399=VERTEX_POINT('',#11861);
#3400=VERTEX_POINT('',#11867);
#3401=VERTEX_POINT('',#11868);
#3402=VERTEX_POINT('',#11870);
#3403=VERTEX_POINT('',#11872);
#3404=VERTEX_POINT('',#11876);
#3405=VERTEX_POINT('',#11878);
#3406=VERTEX_POINT('',#11882);
#3407=VERTEX_POINT('',#11884);
#3408=VERTEX_POINT('',#11890);
#3409=VERTEX_POINT('',#11891);
#3410=VERTEX_POINT('',#11893);
#3411=VERTEX_POINT('',#11895);
#3412=VERTEX_POINT('',#11899);
#3413=VERTEX_POINT('',#11901);
#3414=VERTEX_POINT('',#11905);
#3415=VERTEX_POINT('',#11907);
#3416=VERTEX_POINT('',#11913);
#3417=VERTEX_POINT('',#11914);
#3418=VERTEX_POINT('',#11916);
#3419=VERTEX_POINT('',#11918);
#3420=VERTEX_POINT('',#11922);
#3421=VERTEX_POINT('',#11924);
#3422=VERTEX_POINT('',#11928);
#3423=VERTEX_POINT('',#11930);
#3424=VERTEX_POINT('',#11936);
#3425=VERTEX_POINT('',#11937);
#3426=VERTEX_POINT('',#11939);
#3427=VERTEX_POINT('',#11941);
#3428=VERTEX_POINT('',#11945);
#3429=VERTEX_POINT('',#11947);
#3430=VERTEX_POINT('',#11951);
#3431=VERTEX_POINT('',#11953);
#3432=VERTEX_POINT('',#11959);
#3433=VERTEX_POINT('',#11960);
#3434=VERTEX_POINT('',#11962);
#3435=VERTEX_POINT('',#11964);
#3436=VERTEX_POINT('',#11968);
#3437=VERTEX_POINT('',#11970);
#3438=VERTEX_POINT('',#11974);
#3439=VERTEX_POINT('',#11976);
#3440=VERTEX_POINT('',#11982);
#3441=VERTEX_POINT('',#11983);
#3442=VERTEX_POINT('',#11985);
#3443=VERTEX_POINT('',#11987);
#3444=VERTEX_POINT('',#11991);
#3445=VERTEX_POINT('',#11993);
#3446=VERTEX_POINT('',#11997);
#3447=VERTEX_POINT('',#11999);
#3448=VERTEX_POINT('',#12005);
#3449=VERTEX_POINT('',#12006);
#3450=VERTEX_POINT('',#12008);
#3451=VERTEX_POINT('',#12010);
#3452=VERTEX_POINT('',#12014);
#3453=VERTEX_POINT('',#12016);
#3454=VERTEX_POINT('',#12020);
#3455=VERTEX_POINT('',#12022);
#3456=VERTEX_POINT('',#12030);
#3457=VERTEX_POINT('',#12032);
#3458=VERTEX_POINT('',#12034);
#3459=VERTEX_POINT('',#12037);
#3460=VERTEX_POINT('',#12039);
#3461=VERTEX_POINT('',#12042);
#3462=VERTEX_POINT('',#12044);
#3463=VERTEX_POINT('',#12046);
#3464=VERTEX_POINT('',#12057);
#3465=VERTEX_POINT('',#12058);
#3466=VERTEX_POINT('',#12063);
#3467=VERTEX_POINT('',#12064);
#3468=VERTEX_POINT('',#12069);
#3469=VERTEX_POINT('',#12070);
#3470=VERTEX_POINT('',#12075);
#3471=VERTEX_POINT('',#12076);
#3472=VERTEX_POINT('',#12081);
#3473=VERTEX_POINT('',#12082);
#3474=VERTEX_POINT('',#12087);
#3475=VERTEX_POINT('',#12088);
#3476=VERTEX_POINT('',#12095);
#3477=VERTEX_POINT('',#12096);
#3478=VERTEX_POINT('',#12101);
#3479=VERTEX_POINT('',#12102);
#3480=VERTEX_POINT('',#12107);
#3481=VERTEX_POINT('',#12108);
#3482=VERTEX_POINT('',#12113);
#3483=VERTEX_POINT('',#12114);
#3484=VERTEX_POINT('',#12119);
#3485=VERTEX_POINT('',#12120);
#3486=VERTEX_POINT('',#12125);
#3487=VERTEX_POINT('',#12126);
#3488=VERTEX_POINT('',#12131);
#3489=VERTEX_POINT('',#12132);
#3490=VERTEX_POINT('',#12137);
#3491=VERTEX_POINT('',#12138);
#3492=VERTEX_POINT('',#12195);
#3493=VERTEX_POINT('',#12199);
#3494=VERTEX_POINT('',#12206);
#3495=VERTEX_POINT('',#12210);
#3496=EDGE_CURVE('',#2840,#2841,#1122,.T.);
#3497=EDGE_CURVE('',#2841,#2842,#1123,.T.);
#3498=EDGE_CURVE('',#2842,#2843,#1124,.T.);
#3499=EDGE_CURVE('',#2843,#2844,#1125,.T.);
#3500=EDGE_CURVE('',#2844,#2845,#1126,.T.);
#3501=EDGE_CURVE('',#2845,#2846,#1127,.T.);
#3502=EDGE_CURVE('',#2846,#2847,#1128,.T.);
#3503=EDGE_CURVE('',#2847,#2848,#1129,.T.);
#3504=EDGE_CURVE('',#2848,#2849,#1130,.T.);
#3505=EDGE_CURVE('',#2849,#2850,#1131,.T.);
#3506=EDGE_CURVE('',#2850,#2851,#1132,.T.);
#3507=EDGE_CURVE('',#2851,#2852,#1133,.T.);
#3508=EDGE_CURVE('',#2852,#2853,#1134,.T.);
#3509=EDGE_CURVE('',#2853,#2854,#1135,.T.);
#3510=EDGE_CURVE('',#2854,#2840,#968,.T.);
#3511=EDGE_CURVE('',#2855,#2841,#1136,.T.);
#3512=EDGE_CURVE('',#2856,#2855,#1137,.T.);
#3513=EDGE_CURVE('',#2842,#2856,#1138,.T.);
#3514=EDGE_CURVE('',#2857,#2856,#1139,.T.);
#3515=EDGE_CURVE('',#2843,#2857,#1140,.T.);
#3516=EDGE_CURVE('',#2858,#2857,#1141,.T.);
#3517=EDGE_CURVE('',#2844,#2858,#1142,.T.);
#3518=EDGE_CURVE('',#2859,#2858,#1143,.T.);
#3519=EDGE_CURVE('',#2845,#2859,#1144,.T.);
#3520=EDGE_CURVE('',#2860,#2859,#1145,.T.);
#3521=EDGE_CURVE('',#2846,#2860,#1146,.T.);
#3522=EDGE_CURVE('',#2861,#2860,#1147,.T.);
#3523=EDGE_CURVE('',#2847,#2861,#1148,.T.);
#3524=EDGE_CURVE('',#2862,#2861,#1149,.T.);
#3525=EDGE_CURVE('',#2848,#2862,#1150,.T.);
#3526=EDGE_CURVE('',#2863,#2862,#1151,.T.);
#3527=EDGE_CURVE('',#2849,#2863,#1152,.T.);
#3528=EDGE_CURVE('',#2864,#2863,#1153,.T.);
#3529=EDGE_CURVE('',#2850,#2864,#1154,.T.);
#3530=EDGE_CURVE('',#2865,#2864,#1155,.T.);
#3531=EDGE_CURVE('',#2851,#2865,#1156,.T.);
#3532=EDGE_CURVE('',#2866,#2865,#1157,.T.);
#3533=EDGE_CURVE('',#2852,#2866,#1158,.T.);
#3534=EDGE_CURVE('',#2867,#2866,#1159,.T.);
#3535=EDGE_CURVE('',#2853,#2867,#1160,.T.);
#3536=EDGE_CURVE('',#2868,#2867,#1161,.T.);
#3537=EDGE_CURVE('',#2854,#2868,#1162,.T.);
#3538=EDGE_CURVE('',#2869,#2868,#969,.T.);
#3539=EDGE_CURVE('',#2840,#2869,#1163,.T.);
#3540=EDGE_CURVE('',#2855,#2869,#1164,.T.);
#3541=EDGE_CURVE('',#2870,#2871,#1165,.T.);
#3542=EDGE_CURVE('',#2871,#2872,#1166,.T.);
#3543=EDGE_CURVE('',#2873,#2872,#970,.T.);
#3544=EDGE_CURVE('',#2873,#2874,#1167,.T.);
#3545=EDGE_CURVE('',#2875,#2874,#971,.T.);
#3546=EDGE_CURVE('',#2875,#2870,#1168,.T.);
#3547=EDGE_CURVE('',#2876,#2870,#1169,.T.);
#3548=EDGE_CURVE('',#2877,#2876,#972,.T.);
#3549=EDGE_CURVE('',#2877,#2878,#1170,.T.);
#3550=EDGE_CURVE('',#2870,#2878,#973,.T.);
#3551=EDGE_CURVE('',#2879,#2876,#1171,.T.);
#3552=EDGE_CURVE('',#2879,#2880,#974,.T.);
#3553=EDGE_CURVE('',#2880,#2877,#1172,.T.);
#3554=EDGE_CURVE('',#2871,#2879,#1173,.T.);
#3555=EDGE_CURVE('',#2881,#2879,#1174,.T.);
#3556=EDGE_CURVE('',#2872,#2881,#1175,.T.);
#3557=EDGE_CURVE('',#2882,#2875,#1176,.T.);
#3558=EDGE_CURVE('',#2876,#2882,#1177,.T.);
#3559=EDGE_CURVE('',#2880,#2883,#1178,.T.);
#3560=EDGE_CURVE('',#2883,#2884,#1179,.T.);
#3561=EDGE_CURVE('',#2884,#2885,#1180,.T.);
#3562=EDGE_CURVE('',#2885,#2886,#1181,.T.);
#3563=EDGE_CURVE('',#2886,#2887,#1182,.T.);
#3564=EDGE_CURVE('',#2888,#2887,#1183,.T.);
#3565=EDGE_CURVE('',#2888,#2889,#1184,.T.);
#3566=EDGE_CURVE('',#2890,#2889,#975,.T.);
#3567=EDGE_CURVE('',#2890,#2891,#1185,.T.);
#3568=EDGE_CURVE('',#2892,#2891,#976,.T.);
#3569=EDGE_CURVE('',#2892,#2893,#1186,.T.);
#3570=EDGE_CURVE('',#2894,#2893,#977,.T.);
#3571=EDGE_CURVE('',#2894,#2895,#1187,.T.);
#3572=EDGE_CURVE('',#2896,#2895,#978,.T.);
#3573=EDGE_CURVE('',#2896,#2877,#1188,.T.);
#3574=EDGE_CURVE('',#2897,#2897,#979,.T.);
#3575=EDGE_CURVE('',#2898,#2898,#980,.T.);
#3576=EDGE_CURVE('',#2899,#2880,#1189,.T.);
#3577=EDGE_CURVE('',#2900,#2899,#1190,.T.);
#3578=EDGE_CURVE('',#2900,#2883,#1191,.T.);
#3579=EDGE_CURVE('',#2878,#2899,#1192,.T.);
#3580=EDGE_CURVE('',#2899,#2871,#981,.T.);
#3581=EDGE_CURVE('',#2901,#2902,#1193,.T.);
#3582=EDGE_CURVE('',#2903,#2902,#1194,.T.);
#3583=EDGE_CURVE('',#2904,#2903,#1195,.T.);
#3584=EDGE_CURVE('',#2901,#2904,#1196,.T.);
#3585=EDGE_CURVE('',#2905,#2901,#1197,.T.);
#3586=EDGE_CURVE('',#2905,#2888,#982,.T.);
#3587=EDGE_CURVE('',#2887,#2901,#983,.T.);
#3588=EDGE_CURVE('',#2906,#2905,#1198,.T.);
#3589=EDGE_CURVE('',#2907,#2906,#984,.T.);
#3590=EDGE_CURVE('',#2907,#2888,#1199,.T.);
#3591=EDGE_CURVE('',#2902,#2906,#1200,.T.);
#3592=EDGE_CURVE('',#2906,#2908,#1201,.T.);
#3593=EDGE_CURVE('',#2909,#2908,#985,.T.);
#3594=EDGE_CURVE('',#2909,#2910,#1202,.T.);
#3595=EDGE_CURVE('',#2903,#2910,#986,.T.);
#3596=EDGE_CURVE('',#2911,#2904,#987,.T.);
#3597=EDGE_CURVE('',#2911,#2912,#1203,.T.);
#3598=EDGE_CURVE('',#2913,#2912,#988,.T.);
#3599=EDGE_CURVE('',#2913,#2905,#1204,.T.);
#3600=EDGE_CURVE('',#2914,#2907,#1205,.T.);
#3601=EDGE_CURVE('',#2889,#2914,#1206,.T.);
#3602=EDGE_CURVE('',#2878,#2915,#1207,.T.);
#3603=EDGE_CURVE('',#2916,#2915,#989,.T.);
#3604=EDGE_CURVE('',#2916,#2917,#1208,.T.);
#3605=EDGE_CURVE('',#2918,#2917,#990,.T.);
#3606=EDGE_CURVE('',#2918,#2919,#1209,.T.);
#3607=EDGE_CURVE('',#2920,#2919,#991,.T.);
#3608=EDGE_CURVE('',#2920,#2921,#1210,.T.);
#3609=EDGE_CURVE('',#2914,#2921,#992,.T.);
#3610=EDGE_CURVE('',#2922,#2907,#1211,.T.);
#3611=EDGE_CURVE('',#2922,#2923,#1212,.T.);
#3612=EDGE_CURVE('',#2923,#2924,#1213,.T.);
#3613=EDGE_CURVE('',#2924,#2925,#1214,.T.);
#3614=EDGE_CURVE('',#2925,#2900,#1215,.T.);
#3615=EDGE_CURVE('',#2926,#2926,#993,.T.);
#3616=EDGE_CURVE('',#2927,#2927,#994,.T.);
#3617=EDGE_CURVE('',#2887,#2922,#1216,.T.);
#3618=EDGE_CURVE('',#2902,#2922,#995,.T.);
#3619=EDGE_CURVE('',#2893,#2918,#1217,.T.);
#3620=EDGE_CURVE('',#2917,#2894,#1218,.T.);
#3621=EDGE_CURVE('',#2919,#2892,#1219,.T.);
#3622=EDGE_CURVE('',#2921,#2890,#1220,.T.);
#3623=EDGE_CURVE('',#2908,#2913,#1221,.T.);
#3624=EDGE_CURVE('',#2891,#2920,#1222,.T.);
#3625=EDGE_CURVE('',#2895,#2916,#1223,.T.);
#3626=EDGE_CURVE('',#2915,#2896,#1224,.T.);
#3627=EDGE_CURVE('',#2928,#2928,#996,.T.);
#3628=EDGE_CURVE('',#2928,#2929,#997,.T.);
#3629=EDGE_CURVE('',#2929,#2929,#998,.T.);
#3630=EDGE_CURVE('',#2930,#2930,#999,.T.);
#3631=EDGE_CURVE('',#2930,#2929,#1225,.T.);
#3632=EDGE_CURVE('',#2926,#2930,#1000,.T.);
#3633=EDGE_CURVE('',#2931,#2931,#1001,.T.);
#3634=EDGE_CURVE('',#2931,#2932,#1002,.T.);
#3635=EDGE_CURVE('',#2932,#2932,#1003,.T.);
#3636=EDGE_CURVE('',#2933,#2933,#1004,.T.);
#3637=EDGE_CURVE('',#2933,#2932,#1226,.T.);
#3638=EDGE_CURVE('',#2927,#2933,#1005,.T.);
#3639=EDGE_CURVE('',#2934,#2934,#1006,.T.);
#3640=EDGE_CURVE('',#2934,#2897,#1007,.T.);
#3641=EDGE_CURVE('',#2935,#2882,#1008,.T.);
#3642=EDGE_CURVE('',#2935,#2936,#1227,.T.);
#3643=EDGE_CURVE('',#2881,#2936,#1009,.T.);
#3644=EDGE_CURVE('',#2937,#2938,#1010,.T.);
#3645=EDGE_CURVE('',#2937,#2934,#1228,.T.);
#3646=EDGE_CURVE('',#2938,#2937,#1011,.T.);
#3647=EDGE_CURVE('',#2939,#2939,#1012,.T.);
#3648=EDGE_CURVE('',#2939,#2898,#1013,.T.);
#3649=EDGE_CURVE('',#2940,#2941,#1014,.T.);
#3650=EDGE_CURVE('',#2940,#2939,#1229,.T.);
#3651=EDGE_CURVE('',#2941,#2940,#1015,.T.);
#3652=EDGE_CURVE('',#2942,#2942,#1016,.T.);
#3653=EDGE_CURVE('',#2942,#2941,#1017,.T.);
#3654=EDGE_CURVE('',#2943,#2943,#1018,.T.);
#3655=EDGE_CURVE('',#2943,#2938,#1019,.T.);
#3656=EDGE_CURVE('',#2944,#2945,#1020,.T.);
#3657=EDGE_CURVE('',#2945,#2946,#1230,.T.);
#3658=EDGE_CURVE('',#2946,#2947,#1021,.T.);
#3659=EDGE_CURVE('',#2947,#2944,#1231,.T.);
#3660=EDGE_CURVE('',#2945,#2948,#1232,.T.);
#3661=EDGE_CURVE('',#2949,#2948,#39,.T.);
#3662=EDGE_CURVE('',#2949,#2950,#1233,.T.);
#3663=EDGE_CURVE('',#2951,#2950,#1022,.T.);
#3664=EDGE_CURVE('',#2951,#2946,#1234,.T.);
#3665=EDGE_CURVE('',#2944,#2952,#1235,.T.);
#3666=EDGE_CURVE('',#2953,#2952,#1023,.T.);
#3667=EDGE_CURVE('',#2953,#2954,#1236,.T.);
#3668=EDGE_CURVE('',#2955,#2954,#1024,.T.);
#3669=EDGE_CURVE('',#2955,#2956,#1237,.T.);
#3670=EDGE_CURVE('',#2957,#2956,#1025,.T.);
#3671=EDGE_CURVE('',#2957,#2958,#1238,.T.);
#3672=EDGE_CURVE('',#2959,#2958,#1026,.T.);
#3673=EDGE_CURVE('',#2959,#2960,#1239,.T.);
#3674=EDGE_CURVE('',#2961,#2960,#1027,.T.);
#3675=EDGE_CURVE('',#2961,#2962,#1240,.T.);
#3676=EDGE_CURVE('',#2962,#2963,#1241,.T.);
#3677=EDGE_CURVE('',#2963,#2964,#1242,.T.);
#3678=EDGE_CURVE('',#2964,#2965,#1243,.T.);
#3679=EDGE_CURVE('',#2966,#2965,#1244,.T.);
#3680=EDGE_CURVE('',#2967,#2966,#40,.T.);
#3681=EDGE_CURVE('',#2967,#2968,#1245,.T.);
#3682=EDGE_CURVE('',#2948,#2968,#41,.T.);
#3683=EDGE_CURVE('',#2969,#2970,#1028,.T.);
#3684=EDGE_CURVE('',#2970,#2971,#1246,.T.);
#3685=EDGE_CURVE('',#2971,#2972,#1029,.T.);
#3686=EDGE_CURVE('',#2972,#2969,#1247,.T.);
#3687=EDGE_CURVE('',#2973,#2970,#1248,.T.);
#3688=EDGE_CURVE('',#2974,#2973,#1249,.T.);
#3689=EDGE_CURVE('',#2971,#2974,#1250,.T.);
#3690=EDGE_CURVE('',#2969,#2975,#1251,.T.);
#3691=EDGE_CURVE('',#2976,#2975,#42,.T.);
#3692=EDGE_CURVE('',#2976,#2977,#1252,.T.);
#3693=EDGE_CURVE('',#2978,#2977,#43,.T.);
#3694=EDGE_CURVE('',#2978,#2979,#1253,.T.);
#3695=EDGE_CURVE('',#2979,#2980,#1254,.T.);
#3696=EDGE_CURVE('',#2980,#2981,#1255,.T.);
#3697=EDGE_CURVE('',#2981,#2982,#1256,.T.);
#3698=EDGE_CURVE('',#2983,#2982,#1257,.T.);
#3699=EDGE_CURVE('',#2984,#2983,#1030,.T.);
#3700=EDGE_CURVE('',#2984,#2985,#1258,.T.);
#3701=EDGE_CURVE('',#2986,#2985,#1031,.T.);
#3702=EDGE_CURVE('',#2986,#2987,#1259,.T.);
#3703=EDGE_CURVE('',#2988,#2987,#1032,.T.);
#3704=EDGE_CURVE('',#2988,#2989,#1260,.T.);
#3705=EDGE_CURVE('',#2990,#2989,#1033,.T.);
#3706=EDGE_CURVE('',#2990,#2991,#1261,.T.);
#3707=EDGE_CURVE('',#2973,#2991,#1034,.T.);
#3708=EDGE_CURVE('',#2992,#2993,#1035,.T.);
#3709=EDGE_CURVE('',#2993,#2961,#1262,.T.);
#3710=EDGE_CURVE('',#2960,#2992,#1263,.T.);
#3711=EDGE_CURVE('',#2994,#2959,#1264,.T.);
#3712=EDGE_CURVE('',#2992,#2994,#1265,.T.);
#3713=EDGE_CURVE('',#2995,#2996,#1036,.T.);
#3714=EDGE_CURVE('',#2996,#2984,#1266,.T.);
#3715=EDGE_CURVE('',#2983,#2995,#1267,.T.);
#3716=EDGE_CURVE('',#2997,#2996,#1268,.T.);
#3717=EDGE_CURVE('',#2985,#2997,#1269,.T.);
#3718=EDGE_CURVE('',#2998,#2974,#1037,.T.);
#3719=EDGE_CURVE('',#2998,#2999,#1270,.T.);
#3720=EDGE_CURVE('',#3000,#2999,#1038,.T.);
#3721=EDGE_CURVE('',#3000,#3001,#1271,.T.);
#3722=EDGE_CURVE('',#3002,#3001,#1039,.T.);
#3723=EDGE_CURVE('',#3002,#3003,#1272,.T.);
#3724=EDGE_CURVE('',#2997,#3003,#1040,.T.);
#3725=EDGE_CURVE('',#2995,#3004,#1273,.T.);
#3726=EDGE_CURVE('',#3004,#3005,#1274,.T.);
#3727=EDGE_CURVE('',#3005,#3006,#1275,.T.);
#3728=EDGE_CURVE('',#3006,#3007,#1276,.T.);
#3729=EDGE_CURVE('',#3007,#3008,#1277,.T.);
#3730=EDGE_CURVE('',#3009,#3008,#1278,.T.);
#3731=EDGE_CURVE('',#3009,#3010,#1279,.T.);
#3732=EDGE_CURVE('',#3011,#3010,#1280,.T.);
#3733=EDGE_CURVE('',#3011,#2972,#1281,.T.);
#3734=EDGE_CURVE('',#3012,#3013,#1041,.T.);
#3735=EDGE_CURVE('',#3013,#3014,#1282,.T.);
#3736=EDGE_CURVE('',#3014,#3015,#1042,.T.);
#3737=EDGE_CURVE('',#3015,#3012,#1283,.T.);
#3738=EDGE_CURVE('',#3012,#3016,#1284,.T.);
#3739=EDGE_CURVE('',#3017,#3016,#1043,.T.);
#3740=EDGE_CURVE('',#3017,#3018,#1285,.T.);
#3741=EDGE_CURVE('',#3018,#3019,#1286,.T.);
#3742=EDGE_CURVE('',#3019,#3020,#1287,.T.);
#3743=EDGE_CURVE('',#3020,#3021,#1044,.T.);
#3744=EDGE_CURVE('',#3021,#3022,#1288,.T.);
#3745=EDGE_CURVE('',#3022,#3023,#1045,.T.);
#3746=EDGE_CURVE('',#3023,#3024,#1289,.T.);
#3747=EDGE_CURVE('',#3024,#3025,#1290,.T.);
#3748=EDGE_CURVE('',#3025,#3026,#1291,.T.);
#3749=EDGE_CURVE('',#3026,#3027,#1292,.T.);
#3750=EDGE_CURVE('',#3027,#3013,#1293,.T.);
#3751=EDGE_CURVE('',#3028,#3015,#1294,.T.);
#3752=EDGE_CURVE('',#3016,#3028,#1295,.T.);
#3753=EDGE_CURVE('',#3029,#3030,#1046,.T.);
#3754=EDGE_CURVE('',#3030,#3031,#1296,.T.);
#3755=EDGE_CURVE('',#3031,#3032,#1047,.T.);
#3756=EDGE_CURVE('',#3032,#3029,#1297,.T.);
#3757=EDGE_CURVE('',#3029,#3033,#1298,.T.);
#3758=EDGE_CURVE('',#3033,#3034,#1299,.T.);
#3759=EDGE_CURVE('',#3034,#3035,#1300,.T.);
#3760=EDGE_CURVE('',#3035,#3036,#1301,.T.);
#3761=EDGE_CURVE('',#3036,#3037,#1302,.T.);
#3762=EDGE_CURVE('',#3037,#3038,#1048,.T.);
#3763=EDGE_CURVE('',#3038,#3039,#1303,.T.);
#3764=EDGE_CURVE('',#3039,#3040,#1049,.T.);
#3765=EDGE_CURVE('',#3040,#3041,#1304,.T.);
#3766=EDGE_CURVE('',#3041,#3042,#1305,.T.);
#3767=EDGE_CURVE('',#3043,#3042,#1306,.T.);
#3768=EDGE_CURVE('',#3044,#3043,#1050,.T.);
#3769=EDGE_CURVE('',#3030,#3044,#1307,.T.);
#3770=EDGE_CURVE('',#3032,#3045,#1308,.T.);
#3771=EDGE_CURVE('',#3045,#3033,#1309,.T.);
#3772=EDGE_CURVE('',#2874,#2935,#1310,.T.);
#3773=EDGE_CURVE('',#2910,#2911,#1311,.T.);
#3774=EDGE_CURVE('',#2912,#2909,#1312,.T.);
#3775=EDGE_CURVE('',#2936,#2873,#1313,.T.);
#3776=EDGE_CURVE('',#2886,#2923,#1314,.T.);
#3777=EDGE_CURVE('',#2956,#3046,#1315,.T.);
#3778=EDGE_CURVE('',#3046,#3047,#1051,.T.);
#3779=EDGE_CURVE('',#3047,#2957,#1316,.T.);
#3780=EDGE_CURVE('',#3048,#2955,#1317,.T.);
#3781=EDGE_CURVE('',#3048,#3046,#1318,.T.);
#3782=EDGE_CURVE('',#2954,#3049,#1319,.T.);
#3783=EDGE_CURVE('',#3049,#3048,#1052,.T.);
#3784=EDGE_CURVE('',#3050,#3051,#1053,.T.);
#3785=EDGE_CURVE('',#3051,#2953,#1320,.T.);
#3786=EDGE_CURVE('',#2952,#3050,#1321,.T.);
#3787=EDGE_CURVE('',#3051,#3049,#1322,.T.);
#3788=EDGE_CURVE('',#2958,#3052,#1323,.T.);
#3789=EDGE_CURVE('',#3052,#2994,#1054,.T.);
#3790=EDGE_CURVE('',#3047,#3052,#1324,.T.);
#3791=EDGE_CURVE('',#3050,#2947,#1325,.T.);
#3792=EDGE_CURVE('',#3008,#3053,#1055,.T.);
#3793=EDGE_CURVE('',#3053,#3054,#1326,.T.);
#3794=EDGE_CURVE('',#3054,#3009,#25,.T.);
#3795=EDGE_CURVE('',#3055,#3053,#1327,.T.);
#3796=EDGE_CURVE('',#3056,#3055,#1056,.F.);
#3797=EDGE_CURVE('',#3057,#3056,#1328,.F.);
#3798=EDGE_CURVE('',#3058,#3057,#1329,.F.);
#3799=EDGE_CURVE('',#3058,#3054,#1330,.F.);
#3800=EDGE_CURVE('',#3010,#3059,#26,.T.);
#3801=EDGE_CURVE('',#3059,#3060,#1331,.T.);
#3802=EDGE_CURVE('',#3060,#3011,#1057,.T.);
#3803=EDGE_CURVE('',#3060,#3061,#1332,.T.);
#3804=EDGE_CURVE('',#3062,#3059,#1333,.T.);
#3805=EDGE_CURVE('',#3062,#3063,#1334,.T.);
#3806=EDGE_CURVE('',#3064,#3063,#1335,.F.);
#3807=EDGE_CURVE('',#3061,#3064,#1058,.F.);
#3808=EDGE_CURVE('',#3065,#3066,#27,.T.);
#3809=EDGE_CURVE('',#3066,#3067,#1336,.T.);
#3810=EDGE_CURVE('',#3067,#3068,#1059,.T.);
#3811=EDGE_CURVE('',#3068,#3065,#1337,.T.);
#3812=EDGE_CURVE('',#3067,#3069,#1338,.T.);
#3813=EDGE_CURVE('',#3070,#3066,#1339,.T.);
#3814=EDGE_CURVE('',#3070,#3071,#1340,.T.);
#3815=EDGE_CURVE('',#3072,#3071,#1341,.F.);
#3816=EDGE_CURVE('',#3069,#3072,#1060,.F.);
#3817=EDGE_CURVE('',#2950,#3073,#1342,.T.);
#3818=EDGE_CURVE('',#3073,#3074,#28,.T.);
#3819=EDGE_CURVE('',#3074,#2951,#1343,.T.);
#3820=EDGE_CURVE('',#3075,#2949,#1061,.F.);
#3821=EDGE_CURVE('',#3076,#3075,#1344,.F.);
#3822=EDGE_CURVE('',#3077,#3076,#1345,.F.);
#3823=EDGE_CURVE('',#3077,#3073,#1346,.F.);
#3824=EDGE_CURVE('',#2966,#3069,#44,.T.);
#3825=EDGE_CURVE('',#3069,#2967,#1062,.T.);
#3826=EDGE_CURVE('',#3078,#2965,#1347,.T.);
#3827=EDGE_CURVE('',#3078,#3068,#1348,.T.);
#3828=EDGE_CURVE('',#2968,#2949,#1063,.T.);
#3829=EDGE_CURVE('',#3055,#2978,#45,.T.);
#3830=EDGE_CURVE('',#2977,#3055,#1064,.T.);
#3831=EDGE_CURVE('',#2975,#3061,#46,.T.);
#3832=EDGE_CURVE('',#3061,#2976,#1065,.T.);
#3833=EDGE_CURVE('',#3066,#3073,#1349,.T.);
#3834=EDGE_CURVE('',#3077,#3070,#1350,.T.);
#3835=EDGE_CURVE('',#3071,#3076,#1351,.T.);
#3836=EDGE_CURVE('',#3079,#3080,#1066,.T.);
#3837=EDGE_CURVE('',#3079,#3081,#1352,.T.);
#3838=EDGE_CURVE('',#3082,#3081,#1353,.T.);
#3839=EDGE_CURVE('',#3083,#3082,#1354,.T.);
#3840=EDGE_CURVE('',#3084,#3083,#1067,.T.);
#3841=EDGE_CURVE('',#3080,#3084,#1355,.T.);
#3842=EDGE_CURVE('',#3085,#3086,#1068,.T.);
#3843=EDGE_CURVE('',#3086,#3084,#1356,.T.);
#3844=EDGE_CURVE('',#3083,#3085,#1357,.T.);
#3845=EDGE_CURVE('',#3080,#3087,#1358,.T.);
#3846=EDGE_CURVE('',#3086,#3087,#1359,.T.);
#3847=EDGE_CURVE('',#3087,#3088,#1069,.T.);
#3848=EDGE_CURVE('',#3088,#3079,#1360,.T.);
#3849=EDGE_CURVE('',#3075,#3072,#1361,.T.);
#3850=EDGE_CURVE('',#3089,#3082,#1362,.T.);
#3851=EDGE_CURVE('',#3089,#3085,#1363,.T.);
#3852=EDGE_CURVE('',#3074,#3065,#1364,.T.);
#3853=EDGE_CURVE('',#3088,#3090,#1365,.T.);
#3854=EDGE_CURVE('',#3081,#3090,#1366,.T.);
#3855=EDGE_CURVE('',#3081,#3091,#1070,.T.);
#3856=EDGE_CURVE('',#3092,#3091,#1367,.T.);
#3857=EDGE_CURVE('',#3082,#3092,#1071,.T.);
#3858=EDGE_CURVE('',#3090,#3089,#1368,.T.);
#3859=EDGE_CURVE('',#3093,#2993,#1369,.T.);
#3860=EDGE_CURVE('',#3093,#2962,#1370,.T.);
#3861=EDGE_CURVE('',#3094,#3092,#1072,.T.);
#3862=EDGE_CURVE('',#3094,#3089,#1073,.T.);
#3863=EDGE_CURVE('',#3078,#3092,#1371,.T.);
#3864=EDGE_CURVE('',#3091,#3093,#1372,.T.);
#3865=EDGE_CURVE('',#3091,#3095,#1074,.T.);
#3866=EDGE_CURVE('',#3090,#3095,#1075,.T.);
#3867=EDGE_CURVE('',#3035,#3093,#1076,.T.);
#3868=EDGE_CURVE('',#3096,#3035,#1373,.T.);
#3869=EDGE_CURVE('',#2962,#3096,#1077,.T.);
#3870=EDGE_CURVE('',#2964,#3094,#1078,.T.);
#3871=EDGE_CURVE('',#3095,#2963,#1079,.T.);
#3872=EDGE_CURVE('',#2965,#3097,#1080,.T.);
#3873=EDGE_CURVE('',#3042,#3097,#1374,.T.);
#3874=EDGE_CURVE('',#3042,#3078,#1081,.T.);
#3875=EDGE_CURVE('',#3041,#3094,#1082,.T.);
#3876=EDGE_CURVE('',#3095,#3036,#1083,.T.);
#3877=EDGE_CURVE('',#3034,#3098,#1375,.T.);
#3878=EDGE_CURVE('',#3096,#3098,#1376,.T.);
#3879=EDGE_CURVE('',#3099,#2963,#1084,.T.);
#3880=EDGE_CURVE('',#3099,#3096,#1377,.T.);
#3881=EDGE_CURVE('',#3100,#3099,#1378,.T.);
#3882=EDGE_CURVE('',#3037,#3100,#1379,.T.);
#3883=EDGE_CURVE('',#3101,#3100,#1085,.T.);
#3884=EDGE_CURVE('',#3038,#3101,#1380,.T.);
#3885=EDGE_CURVE('',#3102,#3101,#1381,.T.);
#3886=EDGE_CURVE('',#3039,#3102,#1382,.T.);
#3887=EDGE_CURVE('',#3103,#3102,#1086,.T.);
#3888=EDGE_CURVE('',#3040,#3103,#1383,.T.);
#3889=EDGE_CURVE('',#3104,#3103,#1384,.T.);
#3890=EDGE_CURVE('',#2964,#3104,#1087,.T.);
#3891=EDGE_CURVE('',#3097,#3104,#1385,.T.);
#3892=EDGE_CURVE('',#3105,#3043,#1386,.T.);
#3893=EDGE_CURVE('',#3097,#3105,#1387,.T.);
#3894=EDGE_CURVE('',#3105,#3106,#1088,.T.);
#3895=EDGE_CURVE('',#3044,#3106,#1388,.T.);
#3896=EDGE_CURVE('',#3106,#3031,#1389,.T.);
#3897=EDGE_CURVE('',#2885,#3034,#1089,.T.);
#3898=EDGE_CURVE('',#2924,#2885,#1390,.T.);
#3899=EDGE_CURVE('',#3098,#2924,#1090,.T.);
#3900=EDGE_CURVE('',#3098,#3045,#1391,.T.);
#3901=EDGE_CURVE('',#3045,#2923,#1091,.T.);
#3902=EDGE_CURVE('',#3033,#2886,#1092,.T.);
#3903=EDGE_CURVE('',#2884,#2925,#1392,.T.);
#3904=EDGE_CURVE('',#3107,#3026,#1393,.T.);
#3905=EDGE_CURVE('',#3107,#2925,#1093,.T.);
#3906=EDGE_CURVE('',#3026,#2884,#1094,.T.);
#3907=EDGE_CURVE('',#3027,#3108,#1394,.T.);
#3908=EDGE_CURVE('',#2883,#3027,#1095,.T.);
#3909=EDGE_CURVE('',#3108,#2900,#1096,.T.);
#3910=EDGE_CURVE('',#3109,#3110,#1097,.T.);
#3911=EDGE_CURVE('',#3109,#3111,#1395,.T.);
#3912=EDGE_CURVE('',#3112,#3111,#1098,.T.);
#3913=EDGE_CURVE('',#3112,#3113,#1396,.T.);
#3914=EDGE_CURVE('',#3113,#3114,#1397,.T.);
#3915=EDGE_CURVE('',#3110,#3114,#1398,.T.);
#3916=EDGE_CURVE('',#3115,#3109,#1399,.T.);
#3917=EDGE_CURVE('',#3116,#3115,#1400,.T.);
#3918=EDGE_CURVE('',#3111,#3116,#1401,.T.);
#3919=EDGE_CURVE('',#3116,#3117,#1099,.T.);
#3920=EDGE_CURVE('',#3117,#3112,#1402,.T.);
#3921=EDGE_CURVE('',#3118,#3117,#1403,.T.);
#3922=EDGE_CURVE('',#3118,#3113,#1404,.T.);
#3923=EDGE_CURVE('',#3110,#3119,#1405,.T.);
#3924=EDGE_CURVE('',#3114,#3120,#1406,.T.);
#3925=EDGE_CURVE('',#3119,#3120,#1407,.T.);
#3926=EDGE_CURVE('',#3119,#3115,#1100,.T.);
#3927=EDGE_CURVE('',#3121,#3122,#1408,.T.);
#3928=EDGE_CURVE('',#3022,#3121,#1409,.T.);
#3929=EDGE_CURVE('',#3021,#3122,#1410,.T.);
#3930=EDGE_CURVE('',#3123,#3121,#1101,.T.);
#3931=EDGE_CURVE('',#3023,#3123,#1411,.T.);
#3932=EDGE_CURVE('',#3025,#3124,#1412,.T.);
#3933=EDGE_CURVE('',#3124,#3107,#1413,.T.);
#3934=EDGE_CURVE('',#3108,#3107,#1414,.T.);
#3935=EDGE_CURVE('',#3014,#3108,#1415,.T.);
#3936=EDGE_CURVE('',#3028,#3125,#1102,.T.);
#3937=EDGE_CURVE('',#3125,#3017,#1416,.T.);
#3938=EDGE_CURVE('',#3122,#3126,#1103,.T.);
#3939=EDGE_CURVE('',#3020,#3126,#1417,.T.);
#3940=EDGE_CURVE('',#3127,#3125,#1418,.T.);
#3941=EDGE_CURVE('',#3018,#3127,#1419,.T.);
#3942=EDGE_CURVE('',#3006,#3128,#1104,.T.);
#3943=EDGE_CURVE('',#3128,#3019,#1105,.T.);
#3944=EDGE_CURVE('',#3018,#3007,#1106,.T.);
#3945=EDGE_CURVE('',#3113,#3006,#1107,.T.);
#3946=EDGE_CURVE('',#3114,#3005,#1108,.T.);
#3947=EDGE_CURVE('',#3024,#3129,#1109,.T.);
#3948=EDGE_CURVE('',#3129,#3005,#1110,.T.);
#3949=EDGE_CURVE('',#3004,#3025,#1111,.T.);
#3950=EDGE_CURVE('',#2982,#3004,#1420,.T.);
#3951=EDGE_CURVE('',#2982,#3124,#1112,.T.);
#3952=EDGE_CURVE('',#3128,#3118,#1113,.T.);
#3953=EDGE_CURVE('',#2981,#3129,#1114,.T.);
#3954=EDGE_CURVE('',#3130,#3123,#1421,.T.);
#3955=EDGE_CURVE('',#2981,#3130,#1115,.T.);
#3956=EDGE_CURVE('',#3120,#3129,#1116,.T.);
#3957=EDGE_CURVE('',#3120,#3118,#1422,.T.);
#3958=EDGE_CURVE('',#3124,#3130,#1423,.T.);
#3959=EDGE_CURVE('',#3126,#3131,#1424,.T.);
#3960=EDGE_CURVE('',#3131,#3127,#1425,.T.);
#3961=EDGE_CURVE('',#3128,#2980,#1117,.T.);
#3962=EDGE_CURVE('',#3131,#2980,#1118,.T.);
#3963=EDGE_CURVE('',#3007,#2979,#1426,.T.);
#3964=EDGE_CURVE('',#2979,#3127,#1119,.T.);
#3965=EDGE_CURVE('',#3058,#3062,#1427,.T.);
#3966=EDGE_CURVE('',#3063,#3057,#1428,.T.);
#3967=EDGE_CURVE('',#3059,#3054,#1429,.T.);
#3968=EDGE_CURVE('',#2991,#2998,#1430,.T.);
#3969=EDGE_CURVE('',#2999,#2990,#1431,.T.);
#3970=EDGE_CURVE('',#2989,#3000,#1432,.T.);
#3971=EDGE_CURVE('',#3001,#2988,#1433,.T.);
#3972=EDGE_CURVE('',#2987,#3002,#1434,.T.);
#3973=EDGE_CURVE('',#3003,#2986,#1435,.T.);
#3974=EDGE_CURVE('',#3056,#3064,#1436,.T.);
#3975=EDGE_CURVE('',#3132,#3133,#1437,.T.);
#3976=EDGE_CURVE('',#3132,#3134,#1438,.T.);
#3977=EDGE_CURVE('',#3135,#3134,#1439,.T.);
#3978=EDGE_CURVE('',#3133,#3135,#1440,.T.);
#3979=EDGE_CURVE('',#3136,#3137,#1441,.T.);
#3980=EDGE_CURVE('',#3138,#3136,#1442,.T.);
#3981=EDGE_CURVE('',#3138,#3139,#1443,.T.);
#3982=EDGE_CURVE('',#3139,#3137,#1444,.T.);
#3983=EDGE_CURVE('',#3140,#3141,#1445,.T.);
#3984=EDGE_CURVE('',#3140,#3139,#1446,.T.);
#3985=EDGE_CURVE('',#3141,#3138,#1447,.T.);
#3986=EDGE_CURVE('',#3142,#3143,#1448,.T.);
#3987=EDGE_CURVE('',#3135,#3142,#1449,.T.);
#3988=EDGE_CURVE('',#3134,#3143,#1450,.T.);
#3989=EDGE_CURVE('',#3144,#3145,#1451,.T.);
#3990=EDGE_CURVE('',#3144,#3146,#1452,.T.);
#3991=EDGE_CURVE('',#3147,#3146,#1453,.T.);
#3992=EDGE_CURVE('',#3145,#3147,#1454,.T.);
#3993=EDGE_CURVE('',#3148,#3149,#1455,.T.);
#3994=EDGE_CURVE('',#3150,#3148,#1456,.T.);
#3995=EDGE_CURVE('',#3150,#3151,#1457,.T.);
#3996=EDGE_CURVE('',#3151,#3149,#1458,.T.);
#3997=EDGE_CURVE('',#3152,#3153,#1459,.T.);
#3998=EDGE_CURVE('',#3152,#3151,#1460,.T.);
#3999=EDGE_CURVE('',#3153,#3150,#1461,.T.);
#4000=EDGE_CURVE('',#3154,#3155,#1462,.T.);
#4001=EDGE_CURVE('',#3147,#3154,#1463,.T.);
#4002=EDGE_CURVE('',#3146,#3155,#1464,.T.);
#4003=EDGE_CURVE('',#3156,#3157,#1465,.T.);
#4004=EDGE_CURVE('',#3156,#3158,#1466,.T.);
#4005=EDGE_CURVE('',#3159,#3158,#1467,.T.);
#4006=EDGE_CURVE('',#3157,#3159,#1468,.T.);
#4007=EDGE_CURVE('',#3160,#3161,#1469,.T.);
#4008=EDGE_CURVE('',#3162,#3160,#1470,.T.);
#4009=EDGE_CURVE('',#3162,#3163,#1471,.T.);
#4010=EDGE_CURVE('',#3163,#3161,#1472,.T.);
#4011=EDGE_CURVE('',#3164,#3165,#1473,.T.);
#4012=EDGE_CURVE('',#3164,#3163,#1474,.T.);
#4013=EDGE_CURVE('',#3165,#3162,#1475,.T.);
#4014=EDGE_CURVE('',#3166,#3167,#1476,.T.);
#4015=EDGE_CURVE('',#3159,#3166,#1477,.T.);
#4016=EDGE_CURVE('',#3158,#3167,#1478,.T.);
#4017=EDGE_CURVE('',#3168,#3169,#1479,.T.);
#4018=EDGE_CURVE('',#3168,#3170,#1480,.T.);
#4019=EDGE_CURVE('',#3171,#3170,#1481,.T.);
#4020=EDGE_CURVE('',#3169,#3171,#1482,.T.);
#4021=EDGE_CURVE('',#3172,#3173,#1483,.T.);
#4022=EDGE_CURVE('',#3174,#3172,#1484,.T.);
#4023=EDGE_CURVE('',#3174,#3175,#1485,.T.);
#4024=EDGE_CURVE('',#3175,#3173,#1486,.T.);
#4025=EDGE_CURVE('',#3176,#3177,#1487,.T.);
#4026=EDGE_CURVE('',#3176,#3175,#1488,.T.);
#4027=EDGE_CURVE('',#3177,#3174,#1489,.T.);
#4028=EDGE_CURVE('',#3178,#3179,#1490,.T.);
#4029=EDGE_CURVE('',#3171,#3178,#1491,.T.);
#4030=EDGE_CURVE('',#3170,#3179,#1492,.T.);
#4031=EDGE_CURVE('',#3180,#3181,#1493,.T.);
#4032=EDGE_CURVE('',#3180,#3182,#1494,.T.);
#4033=EDGE_CURVE('',#3183,#3182,#1495,.T.);
#4034=EDGE_CURVE('',#3181,#3183,#1496,.T.);
#4035=EDGE_CURVE('',#3184,#3185,#1497,.T.);
#4036=EDGE_CURVE('',#3186,#3184,#1498,.T.);
#4037=EDGE_CURVE('',#3186,#3187,#1499,.T.);
#4038=EDGE_CURVE('',#3187,#3185,#1500,.T.);
#4039=EDGE_CURVE('',#3188,#3189,#1501,.T.);
#4040=EDGE_CURVE('',#3188,#3187,#1502,.T.);
#4041=EDGE_CURVE('',#3189,#3186,#1503,.T.);
#4042=EDGE_CURVE('',#3190,#3191,#1504,.T.);
#4043=EDGE_CURVE('',#3183,#3190,#1505,.T.);
#4044=EDGE_CURVE('',#3182,#3191,#1506,.T.);
#4045=EDGE_CURVE('',#3192,#3193,#1507,.T.);
#4046=EDGE_CURVE('',#3192,#3194,#1508,.T.);
#4047=EDGE_CURVE('',#3195,#3194,#1509,.T.);
#4048=EDGE_CURVE('',#3193,#3195,#1510,.T.);
#4049=EDGE_CURVE('',#3196,#3197,#1511,.T.);
#4050=EDGE_CURVE('',#3198,#3196,#1512,.T.);
#4051=EDGE_CURVE('',#3198,#3199,#1513,.T.);
#4052=EDGE_CURVE('',#3199,#3197,#1514,.T.);
#4053=EDGE_CURVE('',#3200,#3201,#1515,.T.);
#4054=EDGE_CURVE('',#3200,#3199,#1516,.T.);
#4055=EDGE_CURVE('',#3201,#3198,#1517,.T.);
#4056=EDGE_CURVE('',#3202,#3203,#1518,.T.);
#4057=EDGE_CURVE('',#3195,#3202,#1519,.T.);
#4058=EDGE_CURVE('',#3194,#3203,#1520,.T.);
#4059=EDGE_CURVE('',#3204,#3205,#1521,.T.);
#4060=EDGE_CURVE('',#3206,#3204,#1522,.T.);
#4061=EDGE_CURVE('',#3206,#3207,#1523,.T.);
#4062=EDGE_CURVE('',#3207,#3205,#1524,.T.);
#4063=EDGE_CURVE('',#3208,#3209,#1525,.T.);
#4064=EDGE_CURVE('',#3210,#3208,#1526,.T.);
#4065=EDGE_CURVE('',#3210,#3211,#1527,.T.);
#4066=EDGE_CURVE('',#3211,#3209,#1528,.T.);
#4067=EDGE_CURVE('',#3212,#3213,#1529,.T.);
#4068=EDGE_CURVE('',#3212,#3207,#1530,.T.);
#4069=EDGE_CURVE('',#3213,#3206,#1531,.T.);
#4070=EDGE_CURVE('',#3214,#3215,#1532,.T.);
#4071=EDGE_CURVE('',#3214,#3211,#1533,.T.);
#4072=EDGE_CURVE('',#3215,#3210,#1534,.T.);
#4073=EDGE_CURVE('',#3216,#3217,#1535,.T.);
#4074=EDGE_CURVE('',#3216,#3218,#1536,.T.);
#4075=EDGE_CURVE('',#3219,#3218,#1537,.T.);
#4076=EDGE_CURVE('',#3217,#3219,#1538,.T.);
#4077=EDGE_CURVE('',#3220,#3221,#1539,.T.);
#4078=EDGE_CURVE('',#3222,#3220,#1540,.T.);
#4079=EDGE_CURVE('',#3222,#3223,#1541,.T.);
#4080=EDGE_CURVE('',#3223,#3221,#1542,.T.);
#4081=EDGE_CURVE('',#3224,#3225,#1543,.T.);
#4082=EDGE_CURVE('',#3224,#3223,#1544,.T.);
#4083=EDGE_CURVE('',#3225,#3222,#1545,.T.);
#4084=EDGE_CURVE('',#3226,#3227,#1546,.T.);
#4085=EDGE_CURVE('',#3219,#3226,#1547,.T.);
#4086=EDGE_CURVE('',#3218,#3227,#1548,.T.);
#4087=EDGE_CURVE('',#3137,#3228,#1549,.T.);
#4088=EDGE_CURVE('',#3228,#3229,#1550,.T.);
#4089=EDGE_CURVE('',#3230,#3229,#1551,.T.);
#4090=EDGE_CURVE('',#3231,#3230,#1552,.T.);
#4091=EDGE_CURVE('',#3231,#3232,#1553,.T.);
#4092=EDGE_CURVE('',#3136,#3232,#1554,.T.);
#4093=EDGE_CURVE('',#3233,#3132,#1555,.T.);
#4094=EDGE_CURVE('',#3234,#3133,#1556,.T.);
#4095=EDGE_CURVE('',#3235,#3234,#1557,.T.);
#4096=EDGE_CURVE('',#3236,#3235,#1558,.T.);
#4097=EDGE_CURVE('',#3236,#3237,#1559,.T.);
#4098=EDGE_CURVE('',#3237,#3233,#1560,.T.);
#4099=EDGE_CURVE('',#3149,#3238,#1561,.T.);
#4100=EDGE_CURVE('',#3238,#3239,#1562,.T.);
#4101=EDGE_CURVE('',#3240,#3239,#1563,.T.);
#4102=EDGE_CURVE('',#3241,#3240,#1564,.T.);
#4103=EDGE_CURVE('',#3241,#3242,#1565,.T.);
#4104=EDGE_CURVE('',#3148,#3242,#1566,.T.);
#4105=EDGE_CURVE('',#3243,#3144,#1567,.T.);
#4106=EDGE_CURVE('',#3244,#3145,#1568,.T.);
#4107=EDGE_CURVE('',#3245,#3244,#1569,.T.);
#4108=EDGE_CURVE('',#3246,#3245,#1570,.T.);
#4109=EDGE_CURVE('',#3246,#3247,#1571,.T.);
#4110=EDGE_CURVE('',#3247,#3243,#1572,.T.);
#4111=EDGE_CURVE('',#3161,#3248,#1573,.T.);
#4112=EDGE_CURVE('',#3248,#3249,#1574,.T.);
#4113=EDGE_CURVE('',#3250,#3249,#1575,.T.);
#4114=EDGE_CURVE('',#3251,#3250,#1576,.T.);
#4115=EDGE_CURVE('',#3251,#3252,#1577,.T.);
#4116=EDGE_CURVE('',#3160,#3252,#1578,.T.);
#4117=EDGE_CURVE('',#3165,#3154,#1579,.T.);
#4118=EDGE_CURVE('',#3244,#3252,#1580,.T.);
#4119=EDGE_CURVE('',#3253,#3156,#1581,.T.);
#4120=EDGE_CURVE('',#3254,#3157,#1582,.T.);
#4121=EDGE_CURVE('',#3255,#3254,#1583,.T.);
#4122=EDGE_CURVE('',#3256,#3255,#1584,.T.);
#4123=EDGE_CURVE('',#3256,#3257,#1585,.T.);
#4124=EDGE_CURVE('',#3257,#3253,#1586,.T.);
#4125=EDGE_CURVE('',#3177,#3142,#1587,.T.);
#4126=EDGE_CURVE('',#3172,#3258,#1588,.T.);
#4127=EDGE_CURVE('',#3234,#3258,#1589,.T.);
#4128=EDGE_CURVE('',#3173,#3259,#1590,.T.);
#4129=EDGE_CURVE('',#3259,#3260,#1591,.T.);
#4130=EDGE_CURVE('',#3261,#3260,#1592,.T.);
#4131=EDGE_CURVE('',#3262,#3261,#1593,.T.);
#4132=EDGE_CURVE('',#3262,#3258,#1594,.T.);
#4133=EDGE_CURVE('',#3263,#3168,#1595,.T.);
#4134=EDGE_CURVE('',#3264,#3169,#1596,.T.);
#4135=EDGE_CURVE('',#3265,#3264,#1597,.T.);
#4136=EDGE_CURVE('',#3266,#3265,#1598,.T.);
#4137=EDGE_CURVE('',#3266,#3267,#1599,.T.);
#4138=EDGE_CURVE('',#3267,#3263,#1600,.T.);
#4139=EDGE_CURVE('',#3185,#3268,#1601,.T.);
#4140=EDGE_CURVE('',#3268,#3269,#1602,.T.);
#4141=EDGE_CURVE('',#3270,#3269,#1603,.T.);
#4142=EDGE_CURVE('',#3271,#3270,#1604,.T.);
#4143=EDGE_CURVE('',#3271,#3272,#1605,.T.);
#4144=EDGE_CURVE('',#3184,#3272,#1606,.T.);
#4145=EDGE_CURVE('',#3273,#3180,#1607,.T.);
#4146=EDGE_CURVE('',#3274,#3181,#1608,.T.);
#4147=EDGE_CURVE('',#3275,#3274,#1609,.T.);
#4148=EDGE_CURVE('',#3276,#3275,#1610,.T.);
#4149=EDGE_CURVE('',#3276,#3277,#1611,.T.);
#4150=EDGE_CURVE('',#3277,#3273,#1612,.T.);
#4151=EDGE_CURVE('',#3197,#3278,#1613,.T.);
#4152=EDGE_CURVE('',#3278,#3279,#1614,.T.);
#4153=EDGE_CURVE('',#3280,#3279,#1615,.T.);
#4154=EDGE_CURVE('',#3281,#3280,#1616,.T.);
#4155=EDGE_CURVE('',#3281,#3282,#1617,.T.);
#4156=EDGE_CURVE('',#3196,#3282,#1618,.T.);
#4157=EDGE_CURVE('',#3283,#3192,#1619,.T.);
#4158=EDGE_CURVE('',#3284,#3193,#1620,.T.);
#4159=EDGE_CURVE('',#3285,#3284,#1621,.T.);
#4160=EDGE_CURVE('',#3286,#3285,#1622,.T.);
#4161=EDGE_CURVE('',#3286,#3287,#1623,.T.);
#4162=EDGE_CURVE('',#3287,#3283,#1624,.T.);
#4163=EDGE_CURVE('',#3209,#3288,#1625,.T.);
#4164=EDGE_CURVE('',#3288,#3289,#1626,.T.);
#4165=EDGE_CURVE('',#3290,#3289,#1627,.T.);
#4166=EDGE_CURVE('',#3291,#3290,#1628,.T.);
#4167=EDGE_CURVE('',#3291,#3292,#1629,.T.);
#4168=EDGE_CURVE('',#3208,#3292,#1630,.T.);
#4169=EDGE_CURVE('',#3215,#3166,#1631,.T.);
#4170=EDGE_CURVE('',#3254,#3292,#1632,.T.);
#4171=EDGE_CURVE('',#3221,#3293,#1633,.T.);
#4172=EDGE_CURVE('',#3293,#3294,#1634,.T.);
#4173=EDGE_CURVE('',#3295,#3294,#1635,.T.);
#4174=EDGE_CURVE('',#3296,#3295,#1636,.T.);
#4175=EDGE_CURVE('',#3296,#3297,#1637,.T.);
#4176=EDGE_CURVE('',#3220,#3297,#1638,.T.);
#4177=EDGE_CURVE('',#3225,#3178,#1639,.T.);
#4178=EDGE_CURVE('',#3264,#3297,#1640,.T.);
#4179=EDGE_CURVE('',#3298,#3216,#1641,.T.);
#4180=EDGE_CURVE('',#3299,#3217,#1642,.T.);
#4181=EDGE_CURVE('',#3300,#3299,#1643,.T.);
#4182=EDGE_CURVE('',#3301,#3300,#1644,.T.);
#4183=EDGE_CURVE('',#3301,#3302,#1645,.T.);
#4184=EDGE_CURVE('',#3302,#3298,#1646,.T.);
#4185=EDGE_CURVE('',#3303,#3226,#1647,.T.);
#4186=EDGE_CURVE('',#3304,#3303,#1648,.T.);
#4187=EDGE_CURVE('',#3305,#3304,#1649,.T.);
#4188=EDGE_CURVE('',#3306,#3305,#1650,.T.);
#4189=EDGE_CURVE('',#3299,#3306,#1651,.T.);
#4190=EDGE_CURVE('',#3307,#3308,#1652,.T.);
#4191=EDGE_CURVE('',#3308,#3309,#47,.F.);
#4192=EDGE_CURVE('',#3309,#3310,#1653,.T.);
#4193=EDGE_CURVE('',#3310,#3307,#29,.T.);
#4194=EDGE_CURVE('',#3311,#3307,#1654,.T.);
#4195=EDGE_CURVE('',#3310,#3312,#1655,.T.);
#4196=EDGE_CURVE('',#3312,#3311,#30,.T.);
#4197=EDGE_CURVE('',#3312,#3313,#1656,.T.);
#4198=EDGE_CURVE('',#3313,#3314,#48,.F.);
#4199=EDGE_CURVE('',#3314,#3311,#1657,.T.);
#4200=EDGE_CURVE('',#3308,#3315,#1658,.T.);
#4201=EDGE_CURVE('',#3307,#3316,#1659,.T.);
#4202=EDGE_CURVE('',#3317,#3316,#1660,.T.);
#4203=EDGE_CURVE('',#3317,#3318,#1661,.T.);
#4204=EDGE_CURVE('',#3315,#3318,#1662,.T.);
#4205=EDGE_CURVE('',#3311,#3319,#1663,.T.);
#4206=EDGE_CURVE('',#3320,#3319,#1664,.T.);
#4207=EDGE_CURVE('',#3320,#3321,#1665,.T.);
#4208=EDGE_CURVE('',#3321,#3322,#1666,.T.);
#4209=EDGE_CURVE('',#3322,#3323,#1667,.T.);
#4210=EDGE_CURVE('',#3316,#3323,#1668,.T.);
#4211=EDGE_CURVE('',#3324,#3314,#1669,.T.);
#4212=EDGE_CURVE('',#3325,#3324,#1670,.T.);
#4213=EDGE_CURVE('',#3325,#3326,#1671,.T.);
#4214=EDGE_CURVE('',#3319,#3326,#1672,.T.);
#4215=EDGE_CURVE('',#3313,#3306,#1120,.F.);
#4216=EDGE_CURVE('',#3305,#3324,#31,.T.);
#4217=EDGE_CURVE('',#3327,#3328,#1673,.T.);
#4218=EDGE_CURVE('',#3328,#3309,#1121,.F.);
#4219=EDGE_CURVE('',#3315,#3327,#32,.T.);
#4220=EDGE_CURVE('',#3305,#3329,#1674,.T.);
#4221=EDGE_CURVE('',#3329,#3325,#33,.T.);
#4222=EDGE_CURVE('',#3329,#3330,#1675,.T.);
#4223=EDGE_CURVE('',#3330,#3318,#34,.T.);
#4224=EDGE_CURVE('',#3318,#3325,#1676,.T.);
#4225=EDGE_CURVE('',#3330,#3327,#1677,.T.);
#4226=EDGE_CURVE('',#3331,#3317,#1678,.T.);
#4227=EDGE_CURVE('',#3331,#3332,#1679,.T.);
#4228=EDGE_CURVE('',#3332,#3333,#1680,.T.);
#4229=EDGE_CURVE('',#3333,#3334,#1681,.T.);
#4230=EDGE_CURVE('',#3334,#3335,#1682,.T.);
#4231=EDGE_CURVE('',#3335,#3336,#1683,.T.);
#4232=EDGE_CURVE('',#3336,#3337,#1684,.T.);
#4233=EDGE_CURVE('',#3337,#3338,#1685,.T.);
#4234=EDGE_CURVE('',#3326,#3338,#1686,.T.);
#4235=EDGE_CURVE('',#3339,#3340,#1687,.T.);
#4236=EDGE_CURVE('',#3340,#3341,#35,.T.);
#4237=EDGE_CURVE('',#3341,#3342,#1688,.T.);
#4238=EDGE_CURVE('',#3342,#3339,#36,.T.);
#4239=EDGE_CURVE('',#3343,#3339,#1689,.T.);
#4240=EDGE_CURVE('',#3342,#3344,#1690,.T.);
#4241=EDGE_CURVE('',#3344,#3343,#37,.T.);
#4242=EDGE_CURVE('',#3344,#3345,#1691,.T.);
#4243=EDGE_CURVE('',#3345,#3346,#38,.T.);
#4244=EDGE_CURVE('',#3346,#3343,#1692,.T.);
#4245=EDGE_CURVE('',#3347,#3339,#1693,.T.);
#4246=EDGE_CURVE('',#3304,#3347,#1694,.T.);
#4247=EDGE_CURVE('',#3340,#3303,#1695,.T.);
#4248=EDGE_CURVE('',#3348,#3343,#1696,.T.);
#4249=EDGE_CURVE('',#3347,#3348,#1697,.T.);
#4250=EDGE_CURVE('',#3349,#3346,#1698,.T.);
#4251=EDGE_CURVE('',#3350,#3349,#1699,.T.);
#4252=EDGE_CURVE('',#3348,#3350,#1700,.T.);
#4253=EDGE_CURVE('',#3141,#3190,#1701,.T.);
#4254=EDGE_CURVE('',#3191,#3188,#1702,.T.);
#4255=EDGE_CURVE('',#3189,#3204,#1703,.T.);
#4256=EDGE_CURVE('',#3205,#3214,#1704,.T.);
#4257=EDGE_CURVE('',#3167,#3164,#1705,.T.);
#4258=EDGE_CURVE('',#3155,#3152,#1706,.T.);
#4259=EDGE_CURVE('',#3153,#3202,#1707,.T.);
#4260=EDGE_CURVE('',#3203,#3200,#1708,.T.);
#4261=EDGE_CURVE('',#3201,#3349,#1709,.T.);
#4262=EDGE_CURVE('',#3345,#3341,#1710,.T.);
#4263=EDGE_CURVE('',#3227,#3224,#1711,.T.);
#4264=EDGE_CURVE('',#3179,#3176,#1712,.T.);
#4265=EDGE_CURVE('',#3143,#3140,#1713,.T.);
#4266=EDGE_CURVE('',#3293,#3298,#1714,.T.);
#4267=EDGE_CURVE('',#3328,#3282,#1715,.T.);
#4268=EDGE_CURVE('',#3350,#3327,#1716,.T.);
#4269=EDGE_CURVE('',#3278,#3283,#1717,.T.);
#4270=EDGE_CURVE('',#3284,#3242,#1718,.T.);
#4271=EDGE_CURVE('',#3238,#3243,#1719,.T.);
#4272=EDGE_CURVE('',#3228,#3233,#1720,.T.);
#4273=EDGE_CURVE('',#3248,#3253,#1721,.T.);
#4274=EDGE_CURVE('',#3259,#3263,#1722,.T.);
#4275=EDGE_CURVE('',#3268,#3273,#1723,.T.);
#4276=EDGE_CURVE('',#3351,#3212,#1724,.T.);
#4277=EDGE_CURVE('',#3288,#3351,#1725,.T.);
#4278=EDGE_CURVE('',#3352,#3272,#1726,.T.);
#4279=EDGE_CURVE('',#3352,#3213,#1727,.T.);
#4280=EDGE_CURVE('',#3274,#3232,#1728,.T.);
#4281=EDGE_CURVE('',#3250,#3256,#1729,.T.);
#4282=EDGE_CURVE('',#3249,#3257,#1730,.T.);
#4283=EDGE_CURVE('',#3261,#3266,#1731,.T.);
#4284=EDGE_CURVE('',#3260,#3267,#1732,.T.);
#4285=EDGE_CURVE('',#3230,#3236,#1733,.T.);
#4286=EDGE_CURVE('',#3229,#3237,#1734,.T.);
#4287=EDGE_CURVE('',#3240,#3246,#1735,.T.);
#4288=EDGE_CURVE('',#3239,#3247,#1736,.T.);
#4289=EDGE_CURVE('',#3290,#3353,#1737,.T.);
#4290=EDGE_CURVE('',#3289,#3354,#1738,.T.);
#4291=EDGE_CURVE('',#3353,#3354,#1739,.T.);
#4292=EDGE_CURVE('',#3355,#3352,#1740,.T.);
#4293=EDGE_CURVE('',#3353,#3355,#1741,.T.);
#4294=EDGE_CURVE('',#3354,#3351,#1742,.T.);
#4295=EDGE_CURVE('',#3295,#3301,#1743,.T.);
#4296=EDGE_CURVE('',#3294,#3302,#1744,.T.);
#4297=EDGE_CURVE('',#3270,#3276,#1745,.T.);
#4298=EDGE_CURVE('',#3269,#3277,#1746,.T.);
#4299=EDGE_CURVE('',#3280,#3286,#1747,.T.);
#4300=EDGE_CURVE('',#3279,#3287,#1748,.T.);
#4301=EDGE_CURVE('',#3291,#3255,#1749,.T.);
#4302=EDGE_CURVE('',#3271,#3355,#1750,.T.);
#4303=EDGE_CURVE('',#3231,#3275,#1751,.T.);
#4304=EDGE_CURVE('',#3262,#3235,#1752,.T.);
#4305=EDGE_CURVE('',#3296,#3265,#1753,.T.);
#4306=EDGE_CURVE('',#3356,#3300,#1754,.T.);
#4307=EDGE_CURVE('',#3357,#3356,#1755,.T.);
#4308=EDGE_CURVE('',#3358,#3357,#1756,.T.);
#4309=EDGE_CURVE('',#3337,#3358,#1757,.T.);
#4310=EDGE_CURVE('',#3336,#3359,#1758,.T.);
#4311=EDGE_CURVE('',#3360,#3359,#1759,.T.);
#4312=EDGE_CURVE('',#3333,#3360,#1760,.T.);
#4313=EDGE_CURVE('',#3361,#3332,#1761,.T.);
#4314=EDGE_CURVE('',#3362,#3361,#1762,.T.);
#4315=EDGE_CURVE('',#3363,#3362,#1763,.T.);
#4316=EDGE_CURVE('',#3281,#3363,#1764,.T.);
#4317=EDGE_CURVE('',#3241,#3285,#1765,.T.);
#4318=EDGE_CURVE('',#3251,#3245,#1766,.T.);
#4319=EDGE_CURVE('',#3364,#3365,#1767,.T.);
#4320=EDGE_CURVE('',#3366,#3364,#1768,.T.);
#4321=EDGE_CURVE('',#3367,#3366,#1769,.T.);
#4322=EDGE_CURVE('',#3365,#3367,#1770,.T.);
#4323=EDGE_CURVE('',#3368,#3369,#1771,.T.);
#4324=EDGE_CURVE('',#3370,#3368,#1772,.T.);
#4325=EDGE_CURVE('',#3371,#3370,#1773,.T.);
#4326=EDGE_CURVE('',#3369,#3371,#1774,.T.);
#4327=EDGE_CURVE('',#3372,#3373,#1775,.T.);
#4328=EDGE_CURVE('',#3374,#3372,#1776,.T.);
#4329=EDGE_CURVE('',#3375,#3374,#1777,.T.);
#4330=EDGE_CURVE('',#3373,#3375,#1778,.T.);
#4331=EDGE_CURVE('',#3376,#3377,#1779,.T.);
#4332=EDGE_CURVE('',#3378,#3376,#1780,.T.);
#4333=EDGE_CURVE('',#3379,#3378,#1781,.T.);
#4334=EDGE_CURVE('',#3377,#3379,#1782,.T.);
#4335=EDGE_CURVE('',#3380,#3381,#1783,.T.);
#4336=EDGE_CURVE('',#3382,#3380,#1784,.T.);
#4337=EDGE_CURVE('',#3383,#3382,#1785,.T.);
#4338=EDGE_CURVE('',#3381,#3383,#1786,.T.);
#4339=EDGE_CURVE('',#3384,#3385,#1787,.T.);
#4340=EDGE_CURVE('',#3386,#3384,#1788,.T.);
#4341=EDGE_CURVE('',#3387,#3386,#1789,.T.);
#4342=EDGE_CURVE('',#3385,#3387,#1790,.T.);
#4343=EDGE_CURVE('',#3388,#3389,#1791,.T.);
#4344=EDGE_CURVE('',#3390,#3388,#1792,.T.);
#4345=EDGE_CURVE('',#3391,#3390,#1793,.T.);
#4346=EDGE_CURVE('',#3389,#3391,#1794,.T.);
#4347=EDGE_CURVE('',#3392,#3393,#1795,.T.);
#4348=EDGE_CURVE('',#3392,#3394,#1796,.T.);
#4349=EDGE_CURVE('',#3394,#3395,#1797,.T.);
#4350=EDGE_CURVE('',#3393,#3395,#1798,.T.);
#4351=EDGE_CURVE('',#3396,#3392,#1799,.T.);
#4352=EDGE_CURVE('',#3396,#3397,#1800,.T.);
#4353=EDGE_CURVE('',#3397,#3394,#1801,.T.);
#4354=EDGE_CURVE('',#3398,#3396,#1802,.T.);
#4355=EDGE_CURVE('',#3399,#3398,#1803,.T.);
#4356=EDGE_CURVE('',#3399,#3397,#1804,.T.);
#4357=EDGE_CURVE('',#3395,#3399,#1805,.T.);
#4358=EDGE_CURVE('',#3400,#3401,#1806,.T.);
#4359=EDGE_CURVE('',#3400,#3402,#1807,.T.);
#4360=EDGE_CURVE('',#3402,#3403,#1808,.T.);
#4361=EDGE_CURVE('',#3401,#3403,#1809,.T.);
#4362=EDGE_CURVE('',#3404,#3400,#1810,.T.);
#4363=EDGE_CURVE('',#3404,#3405,#1811,.T.);
#4364=EDGE_CURVE('',#3405,#3402,#1812,.T.);
#4365=EDGE_CURVE('',#3406,#3404,#1813,.T.);
#4366=EDGE_CURVE('',#3407,#3406,#1814,.T.);
#4367=EDGE_CURVE('',#3407,#3405,#1815,.T.);
#4368=EDGE_CURVE('',#3403,#3407,#1816,.T.);
#4369=EDGE_CURVE('',#3408,#3409,#1817,.T.);
#4370=EDGE_CURVE('',#3408,#3410,#1818,.T.);
#4371=EDGE_CURVE('',#3410,#3411,#1819,.T.);
#4372=EDGE_CURVE('',#3409,#3411,#1820,.T.);
#4373=EDGE_CURVE('',#3412,#3408,#1821,.T.);
#4374=EDGE_CURVE('',#3412,#3413,#1822,.T.);
#4375=EDGE_CURVE('',#3413,#3410,#1823,.T.);
#4376=EDGE_CURVE('',#3414,#3412,#1824,.T.);
#4377=EDGE_CURVE('',#3415,#3414,#1825,.T.);
#4378=EDGE_CURVE('',#3415,#3413,#1826,.T.);
#4379=EDGE_CURVE('',#3411,#3415,#1827,.T.);
#4380=EDGE_CURVE('',#3416,#3417,#1828,.T.);
#4381=EDGE_CURVE('',#3416,#3418,#1829,.T.);
#4382=EDGE_CURVE('',#3418,#3419,#1830,.T.);
#4383=EDGE_CURVE('',#3417,#3419,#1831,.T.);
#4384=EDGE_CURVE('',#3420,#3416,#1832,.T.);
#4385=EDGE_CURVE('',#3420,#3421,#1833,.T.);
#4386=EDGE_CURVE('',#3421,#3418,#1834,.T.);
#4387=EDGE_CURVE('',#3422,#3420,#1835,.T.);
#4388=EDGE_CURVE('',#3423,#3422,#1836,.T.);
#4389=EDGE_CURVE('',#3423,#3421,#1837,.T.);
#4390=EDGE_CURVE('',#3419,#3423,#1838,.T.);
#4391=EDGE_CURVE('',#3424,#3425,#1839,.T.);
#4392=EDGE_CURVE('',#3424,#3426,#1840,.T.);
#4393=EDGE_CURVE('',#3426,#3427,#1841,.T.);
#4394=EDGE_CURVE('',#3425,#3427,#1842,.T.);
#4395=EDGE_CURVE('',#3428,#3424,#1843,.T.);
#4396=EDGE_CURVE('',#3428,#3429,#1844,.T.);
#4397=EDGE_CURVE('',#3429,#3426,#1845,.T.);
#4398=EDGE_CURVE('',#3430,#3428,#1846,.T.);
#4399=EDGE_CURVE('',#3431,#3430,#1847,.T.);
#4400=EDGE_CURVE('',#3431,#3429,#1848,.T.);
#4401=EDGE_CURVE('',#3427,#3431,#1849,.T.);
#4402=EDGE_CURVE('',#3432,#3433,#1850,.T.);
#4403=EDGE_CURVE('',#3432,#3434,#1851,.T.);
#4404=EDGE_CURVE('',#3434,#3435,#1852,.T.);
#4405=EDGE_CURVE('',#3433,#3435,#1853,.T.);
#4406=EDGE_CURVE('',#3436,#3432,#1854,.T.);
#4407=EDGE_CURVE('',#3436,#3437,#1855,.T.);
#4408=EDGE_CURVE('',#3437,#3434,#1856,.T.);
#4409=EDGE_CURVE('',#3438,#3436,#1857,.T.);
#4410=EDGE_CURVE('',#3439,#3438,#1858,.T.);
#4411=EDGE_CURVE('',#3439,#3437,#1859,.T.);
#4412=EDGE_CURVE('',#3435,#3439,#1860,.T.);
#4413=EDGE_CURVE('',#3440,#3441,#1861,.T.);
#4414=EDGE_CURVE('',#3440,#3442,#1862,.T.);
#4415=EDGE_CURVE('',#3442,#3443,#1863,.T.);
#4416=EDGE_CURVE('',#3441,#3443,#1864,.T.);
#4417=EDGE_CURVE('',#3444,#3440,#1865,.T.);
#4418=EDGE_CURVE('',#3444,#3445,#1866,.T.);
#4419=EDGE_CURVE('',#3445,#3442,#1867,.T.);
#4420=EDGE_CURVE('',#3446,#3444,#1868,.T.);
#4421=EDGE_CURVE('',#3447,#3446,#1869,.T.);
#4422=EDGE_CURVE('',#3447,#3445,#1870,.T.);
#4423=EDGE_CURVE('',#3443,#3447,#1871,.T.);
#4424=EDGE_CURVE('',#3448,#3449,#1872,.T.);
#4425=EDGE_CURVE('',#3448,#3450,#1873,.T.);
#4426=EDGE_CURVE('',#3450,#3451,#1874,.T.);
#4427=EDGE_CURVE('',#3449,#3451,#1875,.T.);
#4428=EDGE_CURVE('',#3452,#3448,#1876,.T.);
#4429=EDGE_CURVE('',#3452,#3453,#1877,.T.);
#4430=EDGE_CURVE('',#3453,#3450,#1878,.T.);
#4431=EDGE_CURVE('',#3454,#3452,#1879,.T.);
#4432=EDGE_CURVE('',#3455,#3454,#1880,.T.);
#4433=EDGE_CURVE('',#3455,#3453,#1881,.T.);
#4434=EDGE_CURVE('',#3451,#3455,#1882,.T.);
#4435=EDGE_CURVE('',#3393,#3422,#1883,.T.);
#4436=EDGE_CURVE('',#3417,#3454,#1884,.T.);
#4437=EDGE_CURVE('',#3449,#3456,#1885,.T.);
#4438=EDGE_CURVE('',#3456,#3457,#1886,.T.);
#4439=EDGE_CURVE('',#3457,#3458,#1887,.T.);
#4440=EDGE_CURVE('',#3458,#3331,#1888,.T.);
#4441=EDGE_CURVE('',#3323,#3459,#1889,.T.);
#4442=EDGE_CURVE('',#3459,#3460,#1890,.T.);
#4443=EDGE_CURVE('',#3460,#3320,#1891,.T.);
#4444=EDGE_CURVE('',#3338,#3461,#1892,.T.);
#4445=EDGE_CURVE('',#3461,#3462,#1893,.T.);
#4446=EDGE_CURVE('',#3462,#3463,#1894,.T.);
#4447=EDGE_CURVE('',#3463,#3438,#1895,.T.);
#4448=EDGE_CURVE('',#3433,#3406,#1896,.T.);
#4449=EDGE_CURVE('',#3401,#3414,#1897,.T.);
#4450=EDGE_CURVE('',#3409,#3446,#1898,.T.);
#4451=EDGE_CURVE('',#3441,#3430,#1899,.T.);
#4452=EDGE_CURVE('',#3425,#3398,#1900,.T.);
#4453=EDGE_CURVE('',#3461,#3358,#1901,.T.);
#4454=EDGE_CURVE('',#3464,#3465,#1902,.T.);
#4455=EDGE_CURVE('',#3388,#3464,#1903,.T.);
#4456=EDGE_CURVE('',#3465,#3389,#1904,.T.);
#4457=EDGE_CURVE('',#3466,#3467,#1905,.T.);
#4458=EDGE_CURVE('',#3391,#3466,#1906,.T.);
#4459=EDGE_CURVE('',#3467,#3390,#1907,.T.);
#4460=EDGE_CURVE('',#3468,#3469,#1908,.T.);
#4461=EDGE_CURVE('',#3376,#3468,#1909,.T.);
#4462=EDGE_CURVE('',#3469,#3377,#1910,.T.);
#4463=EDGE_CURVE('',#3470,#3471,#1911,.T.);
#4464=EDGE_CURVE('',#3385,#3470,#1912,.T.);
#4465=EDGE_CURVE('',#3471,#3387,#1913,.T.);
#4466=EDGE_CURVE('',#3472,#3473,#1914,.T.);
#4467=EDGE_CURVE('',#3364,#3472,#1915,.T.);
#4468=EDGE_CURVE('',#3473,#3365,#1916,.T.);
#4469=EDGE_CURVE('',#3474,#3475,#1917,.T.);
#4470=EDGE_CURVE('',#3381,#3474,#1918,.T.);
#4471=EDGE_CURVE('',#3475,#3383,#1919,.T.);
#4472=EDGE_CURVE('',#3361,#3458,#1920,.T.);
#4473=EDGE_CURVE('',#3476,#3477,#1921,.T.);
#4474=EDGE_CURVE('',#3379,#3476,#1922,.T.);
#4475=EDGE_CURVE('',#3477,#3378,#1923,.T.);
#4476=EDGE_CURVE('',#3478,#3479,#1924,.T.);
#4477=EDGE_CURVE('',#3372,#3478,#1925,.T.);
#4478=EDGE_CURVE('',#3479,#3373,#1926,.T.);
#4479=EDGE_CURVE('',#3480,#3481,#1927,.T.);
#4480=EDGE_CURVE('',#3375,#3480,#1928,.T.);
#4481=EDGE_CURVE('',#3481,#3374,#1929,.T.);
#4482=EDGE_CURVE('',#3482,#3483,#1930,.T.);
#4483=EDGE_CURVE('',#3368,#3482,#1931,.T.);
#4484=EDGE_CURVE('',#3483,#3369,#1932,.T.);
#4485=EDGE_CURVE('',#3484,#3485,#1933,.T.);
#4486=EDGE_CURVE('',#3371,#3484,#1934,.T.);
#4487=EDGE_CURVE('',#3485,#3370,#1935,.T.);
#4488=EDGE_CURVE('',#3486,#3487,#1936,.T.);
#4489=EDGE_CURVE('',#3386,#3486,#1937,.T.);
#4490=EDGE_CURVE('',#3487,#3384,#1938,.T.);
#4491=EDGE_CURVE('',#3488,#3489,#1939,.T.);
#4492=EDGE_CURVE('',#3367,#3488,#1940,.T.);
#4493=EDGE_CURVE('',#3489,#3366,#1941,.T.);
#4494=EDGE_CURVE('',#3490,#3491,#1942,.T.);
#4495=EDGE_CURVE('',#3382,#3490,#1943,.T.);
#4496=EDGE_CURVE('',#3491,#3380,#1944,.T.);
#4497=EDGE_CURVE('',#3491,#3474,#1945,.T.);
#4498=EDGE_CURVE('',#3487,#3470,#1946,.T.);
#4499=EDGE_CURVE('',#3483,#3484,#1947,.T.);
#4500=EDGE_CURVE('',#3479,#3480,#1948,.T.);
#4501=EDGE_CURVE('',#3473,#3488,#1949,.T.);
#4502=EDGE_CURVE('',#3469,#3476,#1950,.T.);
#4503=EDGE_CURVE('',#3465,#3466,#1951,.T.);
#4504=EDGE_CURVE('',#3475,#3490,#1952,.T.);
#4505=EDGE_CURVE('',#3471,#3486,#1953,.T.);
#4506=EDGE_CURVE('',#3485,#3482,#1954,.T.);
#4507=EDGE_CURVE('',#3481,#3478,#1955,.T.);
#4508=EDGE_CURVE('',#3489,#3472,#1956,.T.);
#4509=EDGE_CURVE('',#3477,#3468,#1957,.T.);
#4510=EDGE_CURVE('',#3467,#3464,#1958,.T.);
#4511=EDGE_CURVE('',#3462,#3357,#1959,.T.);
#4512=EDGE_CURVE('',#3457,#3362,#1960,.T.);
#4513=EDGE_CURVE('',#3456,#3363,#1961,.T.);
#4514=EDGE_CURVE('',#3463,#3356,#1962,.T.);
#4515=EDGE_CURVE('',#3297,#3299,#1963,.T.);
#4516=EDGE_CURVE('',#3258,#3264,#1964,.T.);
#4517=EDGE_CURVE('',#3232,#3234,#1965,.T.);
#4518=EDGE_CURVE('',#3272,#3274,#1966,.T.);
#4519=EDGE_CURVE('',#3292,#3352,#1967,.T.);
#4520=EDGE_CURVE('',#3252,#3254,#1968,.T.);
#4521=EDGE_CURVE('',#3242,#3244,#1969,.T.);
#4522=EDGE_CURVE('',#3282,#3284,#1970,.T.);
#4523=EDGE_CURVE('',#3322,#3492,#1971,.T.);
#4524=EDGE_CURVE('',#3459,#3492,#1972,.T.);
#4525=EDGE_CURVE('',#3460,#3493,#1973,.T.);
#4526=EDGE_CURVE('',#3493,#3321,#1974,.T.);
#4527=EDGE_CURVE('',#3492,#3493,#1975,.T.);
#4528=EDGE_CURVE('',#3494,#3360,#1976,.T.);
#4529=EDGE_CURVE('',#3334,#3494,#1977,.T.);
#4530=EDGE_CURVE('',#3495,#3494,#1978,.T.);
#4531=EDGE_CURVE('',#3335,#3495,#1979,.T.);
#4532=EDGE_CURVE('',#3359,#3495,#1980,.T.);
#4533=ORIENTED_EDGE('',*,*,#3496,.T.);
#4534=ORIENTED_EDGE('',*,*,#3497,.T.);
#4535=ORIENTED_EDGE('',*,*,#3498,.T.);
#4536=ORIENTED_EDGE('',*,*,#3499,.T.);
#4537=ORIENTED_EDGE('',*,*,#3500,.T.);
#4538=ORIENTED_EDGE('',*,*,#3501,.T.);
#4539=ORIENTED_EDGE('',*,*,#3502,.T.);
#4540=ORIENTED_EDGE('',*,*,#3503,.T.);
#4541=ORIENTED_EDGE('',*,*,#3504,.T.);
#4542=ORIENTED_EDGE('',*,*,#3505,.T.);
#4543=ORIENTED_EDGE('',*,*,#3506,.T.);
#4544=ORIENTED_EDGE('',*,*,#3507,.T.);
#4545=ORIENTED_EDGE('',*,*,#3508,.T.);
#4546=ORIENTED_EDGE('',*,*,#3509,.T.);
#4547=ORIENTED_EDGE('',*,*,#3510,.T.);
#4548=ORIENTED_EDGE('',*,*,#3511,.F.);
#4549=ORIENTED_EDGE('',*,*,#3512,.F.);
#4550=ORIENTED_EDGE('',*,*,#3513,.F.);
#4551=ORIENTED_EDGE('',*,*,#3497,.F.);
#4552=ORIENTED_EDGE('',*,*,#3513,.T.);
#4553=ORIENTED_EDGE('',*,*,#3514,.F.);
#4554=ORIENTED_EDGE('',*,*,#3515,.F.);
#4555=ORIENTED_EDGE('',*,*,#3498,.F.);
#4556=ORIENTED_EDGE('',*,*,#3515,.T.);
#4557=ORIENTED_EDGE('',*,*,#3516,.F.);
#4558=ORIENTED_EDGE('',*,*,#3517,.F.);
#4559=ORIENTED_EDGE('',*,*,#3499,.F.);
#4560=ORIENTED_EDGE('',*,*,#3517,.T.);
#4561=ORIENTED_EDGE('',*,*,#3518,.F.);
#4562=ORIENTED_EDGE('',*,*,#3519,.F.);
#4563=ORIENTED_EDGE('',*,*,#3500,.F.);
#4564=ORIENTED_EDGE('',*,*,#3519,.T.);
#4565=ORIENTED_EDGE('',*,*,#3520,.F.);
#4566=ORIENTED_EDGE('',*,*,#3521,.F.);
#4567=ORIENTED_EDGE('',*,*,#3501,.F.);
#4568=ORIENTED_EDGE('',*,*,#3521,.T.);
#4569=ORIENTED_EDGE('',*,*,#3522,.F.);
#4570=ORIENTED_EDGE('',*,*,#3523,.F.);
#4571=ORIENTED_EDGE('',*,*,#3502,.F.);
#4572=ORIENTED_EDGE('',*,*,#3523,.T.);
#4573=ORIENTED_EDGE('',*,*,#3524,.F.);
#4574=ORIENTED_EDGE('',*,*,#3525,.F.);
#4575=ORIENTED_EDGE('',*,*,#3503,.F.);
#4576=ORIENTED_EDGE('',*,*,#3525,.T.);
#4577=ORIENTED_EDGE('',*,*,#3526,.F.);
#4578=ORIENTED_EDGE('',*,*,#3527,.F.);
#4579=ORIENTED_EDGE('',*,*,#3504,.F.);
#4580=ORIENTED_EDGE('',*,*,#3527,.T.);
#4581=ORIENTED_EDGE('',*,*,#3528,.F.);
#4582=ORIENTED_EDGE('',*,*,#3529,.F.);
#4583=ORIENTED_EDGE('',*,*,#3505,.F.);
#4584=ORIENTED_EDGE('',*,*,#3529,.T.);
#4585=ORIENTED_EDGE('',*,*,#3530,.F.);
#4586=ORIENTED_EDGE('',*,*,#3531,.F.);
#4587=ORIENTED_EDGE('',*,*,#3506,.F.);
#4588=ORIENTED_EDGE('',*,*,#3531,.T.);
#4589=ORIENTED_EDGE('',*,*,#3532,.F.);
#4590=ORIENTED_EDGE('',*,*,#3533,.F.);
#4591=ORIENTED_EDGE('',*,*,#3507,.F.);
#4592=ORIENTED_EDGE('',*,*,#3533,.T.);
#4593=ORIENTED_EDGE('',*,*,#3534,.F.);
#4594=ORIENTED_EDGE('',*,*,#3535,.F.);
#4595=ORIENTED_EDGE('',*,*,#3508,.F.);
#4596=ORIENTED_EDGE('',*,*,#3535,.T.);
#4597=ORIENTED_EDGE('',*,*,#3536,.F.);
#4598=ORIENTED_EDGE('',*,*,#3537,.F.);
#4599=ORIENTED_EDGE('',*,*,#3509,.F.);
#4600=ORIENTED_EDGE('',*,*,#3537,.T.);
#4601=ORIENTED_EDGE('',*,*,#3538,.F.);
#4602=ORIENTED_EDGE('',*,*,#3539,.F.);
#4603=ORIENTED_EDGE('',*,*,#3510,.F.);
#4604=ORIENTED_EDGE('',*,*,#3539,.T.);
#4605=ORIENTED_EDGE('',*,*,#3540,.F.);
#4606=ORIENTED_EDGE('',*,*,#3511,.T.);
#4607=ORIENTED_EDGE('',*,*,#3496,.F.);
#4608=ORIENTED_EDGE('',*,*,#3540,.T.);
#4609=ORIENTED_EDGE('',*,*,#3538,.T.);
#4610=ORIENTED_EDGE('',*,*,#3536,.T.);
#4611=ORIENTED_EDGE('',*,*,#3534,.T.);
#4612=ORIENTED_EDGE('',*,*,#3532,.T.);
#4613=ORIENTED_EDGE('',*,*,#3530,.T.);
#4614=ORIENTED_EDGE('',*,*,#3528,.T.);
#4615=ORIENTED_EDGE('',*,*,#3526,.T.);
#4616=ORIENTED_EDGE('',*,*,#3524,.T.);
#4617=ORIENTED_EDGE('',*,*,#3522,.T.);
#4618=ORIENTED_EDGE('',*,*,#3520,.T.);
#4619=ORIENTED_EDGE('',*,*,#3518,.T.);
#4620=ORIENTED_EDGE('',*,*,#3516,.T.);
#4621=ORIENTED_EDGE('',*,*,#3514,.T.);
#4622=ORIENTED_EDGE('',*,*,#3512,.T.);
#4623=ORIENTED_EDGE('',*,*,#3541,.T.);
#4624=ORIENTED_EDGE('',*,*,#3542,.T.);
#4625=ORIENTED_EDGE('',*,*,#3543,.F.);
#4626=ORIENTED_EDGE('',*,*,#3544,.T.);
#4627=ORIENTED_EDGE('',*,*,#3545,.F.);
#4628=ORIENTED_EDGE('',*,*,#3546,.T.);
#4629=ORIENTED_EDGE('',*,*,#3547,.F.);
#4630=ORIENTED_EDGE('',*,*,#3548,.F.);
#4631=ORIENTED_EDGE('',*,*,#3549,.T.);
#4632=ORIENTED_EDGE('',*,*,#3550,.F.);
#4633=ORIENTED_EDGE('',*,*,#3551,.F.);
#4634=ORIENTED_EDGE('',*,*,#3552,.T.);
#4635=ORIENTED_EDGE('',*,*,#3553,.T.);
#4636=ORIENTED_EDGE('',*,*,#3548,.T.);
#4637=ORIENTED_EDGE('',*,*,#3554,.T.);
#4638=ORIENTED_EDGE('',*,*,#3555,.F.);
#4639=ORIENTED_EDGE('',*,*,#3556,.F.);
#4640=ORIENTED_EDGE('',*,*,#3542,.F.);
#4641=ORIENTED_EDGE('',*,*,#3547,.T.);
#4642=ORIENTED_EDGE('',*,*,#3546,.F.);
#4643=ORIENTED_EDGE('',*,*,#3557,.F.);
#4644=ORIENTED_EDGE('',*,*,#3558,.F.);
#4645=ORIENTED_EDGE('',*,*,#3553,.F.);
#4646=ORIENTED_EDGE('',*,*,#3559,.T.);
#4647=ORIENTED_EDGE('',*,*,#3560,.T.);
#4648=ORIENTED_EDGE('',*,*,#3561,.T.);
#4649=ORIENTED_EDGE('',*,*,#3562,.T.);
#4650=ORIENTED_EDGE('',*,*,#3563,.T.);
#4651=ORIENTED_EDGE('',*,*,#3564,.F.);
#4652=ORIENTED_EDGE('',*,*,#3565,.T.);
#4653=ORIENTED_EDGE('',*,*,#3566,.F.);
#4654=ORIENTED_EDGE('',*,*,#3567,.T.);
#4655=ORIENTED_EDGE('',*,*,#3568,.F.);
#4656=ORIENTED_EDGE('',*,*,#3569,.T.);
#4657=ORIENTED_EDGE('',*,*,#3570,.F.);
#4658=ORIENTED_EDGE('',*,*,#3571,.T.);
#4659=ORIENTED_EDGE('',*,*,#3572,.F.);
#4660=ORIENTED_EDGE('',*,*,#3573,.T.);
#4661=ORIENTED_EDGE('',*,*,#3574,.F.);
#4662=ORIENTED_EDGE('',*,*,#3575,.F.);
#4663=ORIENTED_EDGE('',*,*,#3576,.F.);
#4664=ORIENTED_EDGE('',*,*,#3577,.F.);
#4665=ORIENTED_EDGE('',*,*,#3578,.T.);
#4666=ORIENTED_EDGE('',*,*,#3559,.F.);
#4667=ORIENTED_EDGE('',*,*,#3541,.F.);
#4668=ORIENTED_EDGE('',*,*,#3550,.T.);
#4669=ORIENTED_EDGE('',*,*,#3579,.T.);
#4670=ORIENTED_EDGE('',*,*,#3580,.T.);
#4671=ORIENTED_EDGE('',*,*,#3581,.T.);
#4672=ORIENTED_EDGE('',*,*,#3582,.F.);
#4673=ORIENTED_EDGE('',*,*,#3583,.F.);
#4674=ORIENTED_EDGE('',*,*,#3584,.F.);
#4675=ORIENTED_EDGE('',*,*,#3585,.F.);
#4676=ORIENTED_EDGE('',*,*,#3586,.T.);
#4677=ORIENTED_EDGE('',*,*,#3564,.T.);
#4678=ORIENTED_EDGE('',*,*,#3587,.T.);
#4679=ORIENTED_EDGE('',*,*,#3588,.F.);
#4680=ORIENTED_EDGE('',*,*,#3589,.F.);
#4681=ORIENTED_EDGE('',*,*,#3590,.T.);
#4682=ORIENTED_EDGE('',*,*,#3586,.F.);
#4683=ORIENTED_EDGE('',*,*,#3591,.T.);
#4684=ORIENTED_EDGE('',*,*,#3592,.T.);
#4685=ORIENTED_EDGE('',*,*,#3593,.F.);
#4686=ORIENTED_EDGE('',*,*,#3594,.T.);
#4687=ORIENTED_EDGE('',*,*,#3595,.F.);
#4688=ORIENTED_EDGE('',*,*,#3582,.T.);
#4689=ORIENTED_EDGE('',*,*,#3585,.T.);
#4690=ORIENTED_EDGE('',*,*,#3584,.T.);
#4691=ORIENTED_EDGE('',*,*,#3596,.F.);
#4692=ORIENTED_EDGE('',*,*,#3597,.T.);
#4693=ORIENTED_EDGE('',*,*,#3598,.F.);
#4694=ORIENTED_EDGE('',*,*,#3599,.T.);
#4695=ORIENTED_EDGE('',*,*,#3590,.F.);
#4696=ORIENTED_EDGE('',*,*,#3600,.F.);
#4697=ORIENTED_EDGE('',*,*,#3601,.F.);
#4698=ORIENTED_EDGE('',*,*,#3565,.F.);
#4699=ORIENTED_EDGE('',*,*,#3579,.F.);
#4700=ORIENTED_EDGE('',*,*,#3602,.T.);
#4701=ORIENTED_EDGE('',*,*,#3603,.F.);
#4702=ORIENTED_EDGE('',*,*,#3604,.T.);
#4703=ORIENTED_EDGE('',*,*,#3605,.F.);
#4704=ORIENTED_EDGE('',*,*,#3606,.T.);
#4705=ORIENTED_EDGE('',*,*,#3607,.F.);
#4706=ORIENTED_EDGE('',*,*,#3608,.T.);
#4707=ORIENTED_EDGE('',*,*,#3609,.F.);
#4708=ORIENTED_EDGE('',*,*,#3600,.T.);
#4709=ORIENTED_EDGE('',*,*,#3610,.F.);
#4710=ORIENTED_EDGE('',*,*,#3611,.T.);
#4711=ORIENTED_EDGE('',*,*,#3612,.T.);
#4712=ORIENTED_EDGE('',*,*,#3613,.T.);
#4713=ORIENTED_EDGE('',*,*,#3614,.T.);
#4714=ORIENTED_EDGE('',*,*,#3577,.T.);
#4715=ORIENTED_EDGE('',*,*,#3615,.F.);
#4716=ORIENTED_EDGE('',*,*,#3616,.F.);
#4717=ORIENTED_EDGE('',*,*,#3581,.F.);
#4718=ORIENTED_EDGE('',*,*,#3587,.F.);
#4719=ORIENTED_EDGE('',*,*,#3617,.T.);
#4720=ORIENTED_EDGE('',*,*,#3618,.F.);
#4721=ORIENTED_EDGE('',*,*,#3570,.T.);
#4722=ORIENTED_EDGE('',*,*,#3619,.T.);
#4723=ORIENTED_EDGE('',*,*,#3605,.T.);
#4724=ORIENTED_EDGE('',*,*,#3620,.T.);
#4725=ORIENTED_EDGE('',*,*,#3619,.F.);
#4726=ORIENTED_EDGE('',*,*,#3569,.F.);
#4727=ORIENTED_EDGE('',*,*,#3621,.F.);
#4728=ORIENTED_EDGE('',*,*,#3606,.F.);
#4729=ORIENTED_EDGE('',*,*,#3566,.T.);
#4730=ORIENTED_EDGE('',*,*,#3601,.T.);
#4731=ORIENTED_EDGE('',*,*,#3609,.T.);
#4732=ORIENTED_EDGE('',*,*,#3622,.T.);
#4733=ORIENTED_EDGE('',*,*,#3588,.T.);
#4734=ORIENTED_EDGE('',*,*,#3599,.F.);
#4735=ORIENTED_EDGE('',*,*,#3623,.F.);
#4736=ORIENTED_EDGE('',*,*,#3592,.F.);
#4737=ORIENTED_EDGE('',*,*,#3568,.T.);
#4738=ORIENTED_EDGE('',*,*,#3624,.T.);
#4739=ORIENTED_EDGE('',*,*,#3607,.T.);
#4740=ORIENTED_EDGE('',*,*,#3621,.T.);
#4741=ORIENTED_EDGE('',*,*,#3622,.F.);
#4742=ORIENTED_EDGE('',*,*,#3608,.F.);
#4743=ORIENTED_EDGE('',*,*,#3624,.F.);
#4744=ORIENTED_EDGE('',*,*,#3567,.F.);
#4745=ORIENTED_EDGE('',*,*,#3572,.T.);
#4746=ORIENTED_EDGE('',*,*,#3625,.T.);
#4747=ORIENTED_EDGE('',*,*,#3603,.T.);
#4748=ORIENTED_EDGE('',*,*,#3626,.T.);
#4749=ORIENTED_EDGE('',*,*,#3620,.F.);
#4750=ORIENTED_EDGE('',*,*,#3604,.F.);
#4751=ORIENTED_EDGE('',*,*,#3625,.F.);
#4752=ORIENTED_EDGE('',*,*,#3571,.F.);
#4753=ORIENTED_EDGE('',*,*,#3627,.T.);
#4754=ORIENTED_EDGE('',*,*,#3628,.T.);
#4755=ORIENTED_EDGE('',*,*,#3629,.T.);
#4756=ORIENTED_EDGE('',*,*,#3628,.F.);
#4757=ORIENTED_EDGE('',*,*,#3630,.F.);
#4758=ORIENTED_EDGE('',*,*,#3631,.T.);
#4759=ORIENTED_EDGE('',*,*,#3629,.F.);
#4760=ORIENTED_EDGE('',*,*,#3631,.F.);
#4761=ORIENTED_EDGE('',*,*,#3627,.F.);
#4762=ORIENTED_EDGE('',*,*,#3615,.T.);
#4763=ORIENTED_EDGE('',*,*,#3632,.T.);
#4764=ORIENTED_EDGE('',*,*,#3630,.T.);
#4765=ORIENTED_EDGE('',*,*,#3632,.F.);
#4766=ORIENTED_EDGE('',*,*,#3591,.F.);
#4767=ORIENTED_EDGE('',*,*,#3618,.T.);
#4768=ORIENTED_EDGE('',*,*,#3610,.T.);
#4769=ORIENTED_EDGE('',*,*,#3589,.T.);
#4770=ORIENTED_EDGE('',*,*,#3633,.T.);
#4771=ORIENTED_EDGE('',*,*,#3634,.T.);
#4772=ORIENTED_EDGE('',*,*,#3635,.T.);
#4773=ORIENTED_EDGE('',*,*,#3634,.F.);
#4774=ORIENTED_EDGE('',*,*,#3636,.F.);
#4775=ORIENTED_EDGE('',*,*,#3637,.T.);
#4776=ORIENTED_EDGE('',*,*,#3635,.F.);
#4777=ORIENTED_EDGE('',*,*,#3637,.F.);
#4778=ORIENTED_EDGE('',*,*,#3633,.F.);
#4779=ORIENTED_EDGE('',*,*,#3616,.T.);
#4780=ORIENTED_EDGE('',*,*,#3638,.T.);
#4781=ORIENTED_EDGE('',*,*,#3636,.T.);
#4782=ORIENTED_EDGE('',*,*,#3638,.F.);
#4783=ORIENTED_EDGE('',*,*,#3639,.T.);
#4784=ORIENTED_EDGE('',*,*,#3640,.T.);
#4785=ORIENTED_EDGE('',*,*,#3574,.T.);
#4786=ORIENTED_EDGE('',*,*,#3640,.F.);
#4787=ORIENTED_EDGE('',*,*,#3551,.T.);
#4788=ORIENTED_EDGE('',*,*,#3558,.T.);
#4789=ORIENTED_EDGE('',*,*,#3641,.F.);
#4790=ORIENTED_EDGE('',*,*,#3642,.T.);
#4791=ORIENTED_EDGE('',*,*,#3643,.F.);
#4792=ORIENTED_EDGE('',*,*,#3555,.T.);
#4793=ORIENTED_EDGE('',*,*,#3644,.F.);
#4794=ORIENTED_EDGE('',*,*,#3645,.T.);
#4795=ORIENTED_EDGE('',*,*,#3639,.F.);
#4796=ORIENTED_EDGE('',*,*,#3645,.F.);
#4797=ORIENTED_EDGE('',*,*,#3646,.F.);
#4798=ORIENTED_EDGE('',*,*,#3647,.T.);
#4799=ORIENTED_EDGE('',*,*,#3648,.T.);
#4800=ORIENTED_EDGE('',*,*,#3575,.T.);
#4801=ORIENTED_EDGE('',*,*,#3648,.F.);
#4802=ORIENTED_EDGE('',*,*,#3649,.F.);
#4803=ORIENTED_EDGE('',*,*,#3650,.T.);
#4804=ORIENTED_EDGE('',*,*,#3647,.F.);
#4805=ORIENTED_EDGE('',*,*,#3650,.F.);
#4806=ORIENTED_EDGE('',*,*,#3651,.F.);
#4807=ORIENTED_EDGE('',*,*,#3652,.T.);
#4808=ORIENTED_EDGE('',*,*,#3653,.T.);
#4809=ORIENTED_EDGE('',*,*,#3651,.T.);
#4810=ORIENTED_EDGE('',*,*,#3649,.T.);
#4811=ORIENTED_EDGE('',*,*,#3653,.F.);
#4812=ORIENTED_EDGE('',*,*,#3652,.F.);
#4813=ORIENTED_EDGE('',*,*,#3654,.T.);
#4814=ORIENTED_EDGE('',*,*,#3655,.T.);
#4815=ORIENTED_EDGE('',*,*,#3646,.T.);
#4816=ORIENTED_EDGE('',*,*,#3644,.T.);
#4817=ORIENTED_EDGE('',*,*,#3655,.F.);
#4818=ORIENTED_EDGE('',*,*,#3654,.F.);
#4819=ORIENTED_EDGE('',*,*,#3656,.T.);
#4820=ORIENTED_EDGE('',*,*,#3657,.T.);
#4821=ORIENTED_EDGE('',*,*,#3658,.T.);
#4822=ORIENTED_EDGE('',*,*,#3659,.T.);
#4823=ORIENTED_EDGE('',*,*,#3657,.F.);
#4824=ORIENTED_EDGE('',*,*,#3660,.T.);
#4825=ORIENTED_EDGE('',*,*,#3661,.F.);
#4826=ORIENTED_EDGE('',*,*,#3662,.T.);
#4827=ORIENTED_EDGE('',*,*,#3663,.F.);
#4828=ORIENTED_EDGE('',*,*,#3664,.T.);
#4829=ORIENTED_EDGE('',*,*,#3656,.F.);
#4830=ORIENTED_EDGE('',*,*,#3665,.T.);
#4831=ORIENTED_EDGE('',*,*,#3666,.F.);
#4832=ORIENTED_EDGE('',*,*,#3667,.T.);
#4833=ORIENTED_EDGE('',*,*,#3668,.F.);
#4834=ORIENTED_EDGE('',*,*,#3669,.T.);
#4835=ORIENTED_EDGE('',*,*,#3670,.F.);
#4836=ORIENTED_EDGE('',*,*,#3671,.T.);
#4837=ORIENTED_EDGE('',*,*,#3672,.F.);
#4838=ORIENTED_EDGE('',*,*,#3673,.T.);
#4839=ORIENTED_EDGE('',*,*,#3674,.F.);
#4840=ORIENTED_EDGE('',*,*,#3675,.T.);
#4841=ORIENTED_EDGE('',*,*,#3676,.T.);
#4842=ORIENTED_EDGE('',*,*,#3677,.T.);
#4843=ORIENTED_EDGE('',*,*,#3678,.T.);
#4844=ORIENTED_EDGE('',*,*,#3679,.F.);
#4845=ORIENTED_EDGE('',*,*,#3680,.F.);
#4846=ORIENTED_EDGE('',*,*,#3681,.T.);
#4847=ORIENTED_EDGE('',*,*,#3682,.F.);
#4848=ORIENTED_EDGE('',*,*,#3660,.F.);
#4849=ORIENTED_EDGE('',*,*,#3683,.T.);
#4850=ORIENTED_EDGE('',*,*,#3684,.T.);
#4851=ORIENTED_EDGE('',*,*,#3685,.T.);
#4852=ORIENTED_EDGE('',*,*,#3686,.T.);
#4853=ORIENTED_EDGE('',*,*,#3684,.F.);
#4854=ORIENTED_EDGE('',*,*,#3687,.F.);
#4855=ORIENTED_EDGE('',*,*,#3688,.F.);
#4856=ORIENTED_EDGE('',*,*,#3689,.F.);
#4857=ORIENTED_EDGE('',*,*,#3683,.F.);
#4858=ORIENTED_EDGE('',*,*,#3690,.T.);
#4859=ORIENTED_EDGE('',*,*,#3691,.F.);
#4860=ORIENTED_EDGE('',*,*,#3692,.T.);
#4861=ORIENTED_EDGE('',*,*,#3693,.F.);
#4862=ORIENTED_EDGE('',*,*,#3694,.T.);
#4863=ORIENTED_EDGE('',*,*,#3695,.T.);
#4864=ORIENTED_EDGE('',*,*,#3696,.T.);
#4865=ORIENTED_EDGE('',*,*,#3697,.T.);
#4866=ORIENTED_EDGE('',*,*,#3698,.F.);
#4867=ORIENTED_EDGE('',*,*,#3699,.F.);
#4868=ORIENTED_EDGE('',*,*,#3700,.T.);
#4869=ORIENTED_EDGE('',*,*,#3701,.F.);
#4870=ORIENTED_EDGE('',*,*,#3702,.T.);
#4871=ORIENTED_EDGE('',*,*,#3703,.F.);
#4872=ORIENTED_EDGE('',*,*,#3704,.T.);
#4873=ORIENTED_EDGE('',*,*,#3705,.F.);
#4874=ORIENTED_EDGE('',*,*,#3706,.T.);
#4875=ORIENTED_EDGE('',*,*,#3707,.F.);
#4876=ORIENTED_EDGE('',*,*,#3687,.T.);
#4877=ORIENTED_EDGE('',*,*,#3708,.T.);
#4878=ORIENTED_EDGE('',*,*,#3709,.T.);
#4879=ORIENTED_EDGE('',*,*,#3674,.T.);
#4880=ORIENTED_EDGE('',*,*,#3710,.T.);
#4881=ORIENTED_EDGE('',*,*,#3710,.F.);
#4882=ORIENTED_EDGE('',*,*,#3673,.F.);
#4883=ORIENTED_EDGE('',*,*,#3711,.F.);
#4884=ORIENTED_EDGE('',*,*,#3712,.F.);
#4885=ORIENTED_EDGE('',*,*,#3713,.T.);
#4886=ORIENTED_EDGE('',*,*,#3714,.T.);
#4887=ORIENTED_EDGE('',*,*,#3699,.T.);
#4888=ORIENTED_EDGE('',*,*,#3715,.T.);
#4889=ORIENTED_EDGE('',*,*,#3714,.F.);
#4890=ORIENTED_EDGE('',*,*,#3716,.F.);
#4891=ORIENTED_EDGE('',*,*,#3717,.F.);
#4892=ORIENTED_EDGE('',*,*,#3700,.F.);
#4893=ORIENTED_EDGE('',*,*,#3685,.F.);
#4894=ORIENTED_EDGE('',*,*,#3689,.T.);
#4895=ORIENTED_EDGE('',*,*,#3718,.F.);
#4896=ORIENTED_EDGE('',*,*,#3719,.T.);
#4897=ORIENTED_EDGE('',*,*,#3720,.F.);
#4898=ORIENTED_EDGE('',*,*,#3721,.T.);
#4899=ORIENTED_EDGE('',*,*,#3722,.F.);
#4900=ORIENTED_EDGE('',*,*,#3723,.T.);
#4901=ORIENTED_EDGE('',*,*,#3724,.F.);
#4902=ORIENTED_EDGE('',*,*,#3716,.T.);
#4903=ORIENTED_EDGE('',*,*,#3713,.F.);
#4904=ORIENTED_EDGE('',*,*,#3725,.T.);
#4905=ORIENTED_EDGE('',*,*,#3726,.T.);
#4906=ORIENTED_EDGE('',*,*,#3727,.T.);
#4907=ORIENTED_EDGE('',*,*,#3728,.T.);
#4908=ORIENTED_EDGE('',*,*,#3729,.T.);
#4909=ORIENTED_EDGE('',*,*,#3730,.F.);
#4910=ORIENTED_EDGE('',*,*,#3731,.T.);
#4911=ORIENTED_EDGE('',*,*,#3732,.F.);
#4912=ORIENTED_EDGE('',*,*,#3733,.T.);
#4913=ORIENTED_EDGE('',*,*,#3734,.T.);
#4914=ORIENTED_EDGE('',*,*,#3735,.T.);
#4915=ORIENTED_EDGE('',*,*,#3736,.T.);
#4916=ORIENTED_EDGE('',*,*,#3737,.T.);
#4917=ORIENTED_EDGE('',*,*,#3734,.F.);
#4918=ORIENTED_EDGE('',*,*,#3738,.T.);
#4919=ORIENTED_EDGE('',*,*,#3739,.F.);
#4920=ORIENTED_EDGE('',*,*,#3740,.T.);
#4921=ORIENTED_EDGE('',*,*,#3741,.T.);
#4922=ORIENTED_EDGE('',*,*,#3742,.T.);
#4923=ORIENTED_EDGE('',*,*,#3743,.T.);
#4924=ORIENTED_EDGE('',*,*,#3744,.T.);
#4925=ORIENTED_EDGE('',*,*,#3745,.T.);
#4926=ORIENTED_EDGE('',*,*,#3746,.T.);
#4927=ORIENTED_EDGE('',*,*,#3747,.T.);
#4928=ORIENTED_EDGE('',*,*,#3748,.T.);
#4929=ORIENTED_EDGE('',*,*,#3749,.T.);
#4930=ORIENTED_EDGE('',*,*,#3750,.T.);
#4931=ORIENTED_EDGE('',*,*,#3737,.F.);
#4932=ORIENTED_EDGE('',*,*,#3751,.F.);
#4933=ORIENTED_EDGE('',*,*,#3752,.F.);
#4934=ORIENTED_EDGE('',*,*,#3738,.F.);
#4935=ORIENTED_EDGE('',*,*,#3753,.T.);
#4936=ORIENTED_EDGE('',*,*,#3754,.T.);
#4937=ORIENTED_EDGE('',*,*,#3755,.T.);
#4938=ORIENTED_EDGE('',*,*,#3756,.T.);
#4939=ORIENTED_EDGE('',*,*,#3753,.F.);
#4940=ORIENTED_EDGE('',*,*,#3757,.T.);
#4941=ORIENTED_EDGE('',*,*,#3758,.T.);
#4942=ORIENTED_EDGE('',*,*,#3759,.T.);
#4943=ORIENTED_EDGE('',*,*,#3760,.T.);
#4944=ORIENTED_EDGE('',*,*,#3761,.T.);
#4945=ORIENTED_EDGE('',*,*,#3762,.T.);
#4946=ORIENTED_EDGE('',*,*,#3763,.T.);
#4947=ORIENTED_EDGE('',*,*,#3764,.T.);
#4948=ORIENTED_EDGE('',*,*,#3765,.T.);
#4949=ORIENTED_EDGE('',*,*,#3766,.T.);
#4950=ORIENTED_EDGE('',*,*,#3767,.F.);
#4951=ORIENTED_EDGE('',*,*,#3768,.F.);
#4952=ORIENTED_EDGE('',*,*,#3769,.F.);
#4953=ORIENTED_EDGE('',*,*,#3756,.F.);
#4954=ORIENTED_EDGE('',*,*,#3770,.T.);
#4955=ORIENTED_EDGE('',*,*,#3771,.T.);
#4956=ORIENTED_EDGE('',*,*,#3757,.F.);
#4957=ORIENTED_EDGE('',*,*,#3545,.T.);
#4958=ORIENTED_EDGE('',*,*,#3772,.T.);
#4959=ORIENTED_EDGE('',*,*,#3641,.T.);
#4960=ORIENTED_EDGE('',*,*,#3557,.T.);
#4961=ORIENTED_EDGE('',*,*,#3549,.F.);
#4962=ORIENTED_EDGE('',*,*,#3573,.F.);
#4963=ORIENTED_EDGE('',*,*,#3626,.F.);
#4964=ORIENTED_EDGE('',*,*,#3602,.F.);
#4965=ORIENTED_EDGE('',*,*,#3596,.T.);
#4966=ORIENTED_EDGE('',*,*,#3583,.T.);
#4967=ORIENTED_EDGE('',*,*,#3595,.T.);
#4968=ORIENTED_EDGE('',*,*,#3773,.T.);
#4969=ORIENTED_EDGE('',*,*,#3773,.F.);
#4970=ORIENTED_EDGE('',*,*,#3594,.F.);
#4971=ORIENTED_EDGE('',*,*,#3774,.F.);
#4972=ORIENTED_EDGE('',*,*,#3597,.F.);
#4973=ORIENTED_EDGE('',*,*,#3593,.T.);
#4974=ORIENTED_EDGE('',*,*,#3623,.T.);
#4975=ORIENTED_EDGE('',*,*,#3598,.T.);
#4976=ORIENTED_EDGE('',*,*,#3774,.T.);
#4977=ORIENTED_EDGE('',*,*,#3543,.T.);
#4978=ORIENTED_EDGE('',*,*,#3556,.T.);
#4979=ORIENTED_EDGE('',*,*,#3643,.T.);
#4980=ORIENTED_EDGE('',*,*,#3775,.T.);
#4981=ORIENTED_EDGE('',*,*,#3554,.F.);
#4982=ORIENTED_EDGE('',*,*,#3580,.F.);
#4983=ORIENTED_EDGE('',*,*,#3576,.T.);
#4984=ORIENTED_EDGE('',*,*,#3552,.F.);
#4985=ORIENTED_EDGE('',*,*,#3772,.F.);
#4986=ORIENTED_EDGE('',*,*,#3544,.F.);
#4987=ORIENTED_EDGE('',*,*,#3775,.F.);
#4988=ORIENTED_EDGE('',*,*,#3642,.F.);
#4989=ORIENTED_EDGE('',*,*,#3617,.F.);
#4990=ORIENTED_EDGE('',*,*,#3563,.F.);
#4991=ORIENTED_EDGE('',*,*,#3776,.T.);
#4992=ORIENTED_EDGE('',*,*,#3611,.F.);
#4993=ORIENTED_EDGE('',*,*,#3670,.T.);
#4994=ORIENTED_EDGE('',*,*,#3777,.T.);
#4995=ORIENTED_EDGE('',*,*,#3778,.T.);
#4996=ORIENTED_EDGE('',*,*,#3779,.T.);
#4997=ORIENTED_EDGE('',*,*,#3777,.F.);
#4998=ORIENTED_EDGE('',*,*,#3669,.F.);
#4999=ORIENTED_EDGE('',*,*,#3780,.F.);
#5000=ORIENTED_EDGE('',*,*,#3781,.T.);
#5001=ORIENTED_EDGE('',*,*,#3668,.T.);
#5002=ORIENTED_EDGE('',*,*,#3782,.T.);
#5003=ORIENTED_EDGE('',*,*,#3783,.T.);
#5004=ORIENTED_EDGE('',*,*,#3780,.T.);
#5005=ORIENTED_EDGE('',*,*,#3784,.T.);
#5006=ORIENTED_EDGE('',*,*,#3785,.T.);
#5007=ORIENTED_EDGE('',*,*,#3666,.T.);
#5008=ORIENTED_EDGE('',*,*,#3786,.T.);
#5009=ORIENTED_EDGE('',*,*,#3782,.F.);
#5010=ORIENTED_EDGE('',*,*,#3667,.F.);
#5011=ORIENTED_EDGE('',*,*,#3785,.F.);
#5012=ORIENTED_EDGE('',*,*,#3787,.T.);
#5013=ORIENTED_EDGE('',*,*,#3672,.T.);
#5014=ORIENTED_EDGE('',*,*,#3788,.T.);
#5015=ORIENTED_EDGE('',*,*,#3789,.T.);
#5016=ORIENTED_EDGE('',*,*,#3711,.T.);
#5017=ORIENTED_EDGE('',*,*,#3779,.F.);
#5018=ORIENTED_EDGE('',*,*,#3790,.T.);
#5019=ORIENTED_EDGE('',*,*,#3788,.F.);
#5020=ORIENTED_EDGE('',*,*,#3671,.F.);
#5021=ORIENTED_EDGE('',*,*,#3659,.F.);
#5022=ORIENTED_EDGE('',*,*,#3791,.F.);
#5023=ORIENTED_EDGE('',*,*,#3786,.F.);
#5024=ORIENTED_EDGE('',*,*,#3665,.F.);
#5025=ORIENTED_EDGE('',*,*,#3792,.T.);
#5026=ORIENTED_EDGE('',*,*,#3793,.T.);
#5027=ORIENTED_EDGE('',*,*,#3794,.T.);
#5028=ORIENTED_EDGE('',*,*,#3730,.T.);
#5029=ORIENTED_EDGE('',*,*,#3793,.F.);
#5030=ORIENTED_EDGE('',*,*,#3795,.F.);
#5031=ORIENTED_EDGE('',*,*,#3796,.F.);
#5032=ORIENTED_EDGE('',*,*,#3797,.F.);
#5033=ORIENTED_EDGE('',*,*,#3798,.F.);
#5034=ORIENTED_EDGE('',*,*,#3799,.T.);
#5035=ORIENTED_EDGE('',*,*,#3800,.T.);
#5036=ORIENTED_EDGE('',*,*,#3801,.T.);
#5037=ORIENTED_EDGE('',*,*,#3802,.T.);
#5038=ORIENTED_EDGE('',*,*,#3732,.T.);
#5039=ORIENTED_EDGE('',*,*,#3803,.F.);
#5040=ORIENTED_EDGE('',*,*,#3801,.F.);
#5041=ORIENTED_EDGE('',*,*,#3804,.F.);
#5042=ORIENTED_EDGE('',*,*,#3805,.T.);
#5043=ORIENTED_EDGE('',*,*,#3806,.F.);
#5044=ORIENTED_EDGE('',*,*,#3807,.F.);
#5045=ORIENTED_EDGE('',*,*,#3808,.T.);
#5046=ORIENTED_EDGE('',*,*,#3809,.T.);
#5047=ORIENTED_EDGE('',*,*,#3810,.T.);
#5048=ORIENTED_EDGE('',*,*,#3811,.T.);
#5049=ORIENTED_EDGE('',*,*,#3812,.F.);
#5050=ORIENTED_EDGE('',*,*,#3809,.F.);
#5051=ORIENTED_EDGE('',*,*,#3813,.F.);
#5052=ORIENTED_EDGE('',*,*,#3814,.T.);
#5053=ORIENTED_EDGE('',*,*,#3815,.F.);
#5054=ORIENTED_EDGE('',*,*,#3816,.F.);
#5055=ORIENTED_EDGE('',*,*,#3663,.T.);
#5056=ORIENTED_EDGE('',*,*,#3817,.T.);
#5057=ORIENTED_EDGE('',*,*,#3818,.T.);
#5058=ORIENTED_EDGE('',*,*,#3819,.T.);
#5059=ORIENTED_EDGE('',*,*,#3817,.F.);
#5060=ORIENTED_EDGE('',*,*,#3662,.F.);
#5061=ORIENTED_EDGE('',*,*,#3820,.F.);
#5062=ORIENTED_EDGE('',*,*,#3821,.F.);
#5063=ORIENTED_EDGE('',*,*,#3822,.F.);
#5064=ORIENTED_EDGE('',*,*,#3823,.T.);
#5065=ORIENTED_EDGE('',*,*,#3824,.T.);
#5066=ORIENTED_EDGE('',*,*,#3825,.T.);
#5067=ORIENTED_EDGE('',*,*,#3680,.T.);
#5068=ORIENTED_EDGE('',*,*,#3824,.F.);
#5069=ORIENTED_EDGE('',*,*,#3679,.T.);
#5070=ORIENTED_EDGE('',*,*,#3826,.F.);
#5071=ORIENTED_EDGE('',*,*,#3827,.T.);
#5072=ORIENTED_EDGE('',*,*,#3810,.F.);
#5073=ORIENTED_EDGE('',*,*,#3812,.T.);
#5074=ORIENTED_EDGE('',*,*,#3661,.T.);
#5075=ORIENTED_EDGE('',*,*,#3682,.T.);
#5076=ORIENTED_EDGE('',*,*,#3828,.T.);
#5077=ORIENTED_EDGE('',*,*,#3829,.T.);
#5078=ORIENTED_EDGE('',*,*,#3693,.T.);
#5079=ORIENTED_EDGE('',*,*,#3830,.T.);
#5080=ORIENTED_EDGE('',*,*,#3831,.T.);
#5081=ORIENTED_EDGE('',*,*,#3832,.T.);
#5082=ORIENTED_EDGE('',*,*,#3691,.T.);
#5083=ORIENTED_EDGE('',*,*,#3833,.T.);
#5084=ORIENTED_EDGE('',*,*,#3823,.F.);
#5085=ORIENTED_EDGE('',*,*,#3834,.T.);
#5086=ORIENTED_EDGE('',*,*,#3813,.T.);
#5087=ORIENTED_EDGE('',*,*,#3834,.F.);
#5088=ORIENTED_EDGE('',*,*,#3822,.T.);
#5089=ORIENTED_EDGE('',*,*,#3835,.F.);
#5090=ORIENTED_EDGE('',*,*,#3814,.F.);
#5091=ORIENTED_EDGE('',*,*,#3836,.F.);
#5092=ORIENTED_EDGE('',*,*,#3837,.T.);
#5093=ORIENTED_EDGE('',*,*,#3838,.F.);
#5094=ORIENTED_EDGE('',*,*,#3839,.F.);
#5095=ORIENTED_EDGE('',*,*,#3840,.F.);
#5096=ORIENTED_EDGE('',*,*,#3841,.F.);
#5097=ORIENTED_EDGE('',*,*,#3842,.T.);
#5098=ORIENTED_EDGE('',*,*,#3843,.T.);
#5099=ORIENTED_EDGE('',*,*,#3840,.T.);
#5100=ORIENTED_EDGE('',*,*,#3844,.T.);
#5101=ORIENTED_EDGE('',*,*,#3845,.F.);
#5102=ORIENTED_EDGE('',*,*,#3841,.T.);
#5103=ORIENTED_EDGE('',*,*,#3843,.F.);
#5104=ORIENTED_EDGE('',*,*,#3846,.T.);
#5105=ORIENTED_EDGE('',*,*,#3847,.T.);
#5106=ORIENTED_EDGE('',*,*,#3848,.T.);
#5107=ORIENTED_EDGE('',*,*,#3836,.T.);
#5108=ORIENTED_EDGE('',*,*,#3845,.T.);
#5109=ORIENTED_EDGE('',*,*,#3849,.T.);
#5110=ORIENTED_EDGE('',*,*,#3815,.T.);
#5111=ORIENTED_EDGE('',*,*,#3835,.T.);
#5112=ORIENTED_EDGE('',*,*,#3821,.T.);
#5113=ORIENTED_EDGE('',*,*,#3844,.F.);
#5114=ORIENTED_EDGE('',*,*,#3839,.T.);
#5115=ORIENTED_EDGE('',*,*,#3850,.F.);
#5116=ORIENTED_EDGE('',*,*,#3851,.T.);
#5117=ORIENTED_EDGE('',*,*,#3852,.F.);
#5118=ORIENTED_EDGE('',*,*,#3818,.F.);
#5119=ORIENTED_EDGE('',*,*,#3833,.F.);
#5120=ORIENTED_EDGE('',*,*,#3808,.F.);
#5121=ORIENTED_EDGE('',*,*,#3848,.F.);
#5122=ORIENTED_EDGE('',*,*,#3853,.T.);
#5123=ORIENTED_EDGE('',*,*,#3854,.F.);
#5124=ORIENTED_EDGE('',*,*,#3837,.F.);
#5125=ORIENTED_EDGE('',*,*,#3838,.T.);
#5126=ORIENTED_EDGE('',*,*,#3855,.T.);
#5127=ORIENTED_EDGE('',*,*,#3856,.F.);
#5128=ORIENTED_EDGE('',*,*,#3857,.F.);
#5129=ORIENTED_EDGE('',*,*,#3847,.F.);
#5130=ORIENTED_EDGE('',*,*,#3846,.F.);
#5131=ORIENTED_EDGE('',*,*,#3842,.F.);
#5132=ORIENTED_EDGE('',*,*,#3851,.F.);
#5133=ORIENTED_EDGE('',*,*,#3858,.F.);
#5134=ORIENTED_EDGE('',*,*,#3853,.F.);
#5135=ORIENTED_EDGE('',*,*,#3709,.F.);
#5136=ORIENTED_EDGE('',*,*,#3859,.F.);
#5137=ORIENTED_EDGE('',*,*,#3860,.T.);
#5138=ORIENTED_EDGE('',*,*,#3675,.F.);
#5139=ORIENTED_EDGE('',*,*,#3681,.F.);
#5140=ORIENTED_EDGE('',*,*,#3825,.F.);
#5141=ORIENTED_EDGE('',*,*,#3816,.T.);
#5142=ORIENTED_EDGE('',*,*,#3849,.F.);
#5143=ORIENTED_EDGE('',*,*,#3820,.T.);
#5144=ORIENTED_EDGE('',*,*,#3828,.F.);
#5145=ORIENTED_EDGE('',*,*,#3861,.F.);
#5146=ORIENTED_EDGE('',*,*,#3862,.T.);
#5147=ORIENTED_EDGE('',*,*,#3850,.T.);
#5148=ORIENTED_EDGE('',*,*,#3857,.T.);
#5149=ORIENTED_EDGE('',*,*,#3658,.F.);
#5150=ORIENTED_EDGE('',*,*,#3664,.F.);
#5151=ORIENTED_EDGE('',*,*,#3819,.F.);
#5152=ORIENTED_EDGE('',*,*,#3852,.T.);
#5153=ORIENTED_EDGE('',*,*,#3811,.F.);
#5154=ORIENTED_EDGE('',*,*,#3827,.F.);
#5155=ORIENTED_EDGE('',*,*,#3863,.T.);
#5156=ORIENTED_EDGE('',*,*,#3856,.T.);
#5157=ORIENTED_EDGE('',*,*,#3864,.T.);
#5158=ORIENTED_EDGE('',*,*,#3859,.T.);
#5159=ORIENTED_EDGE('',*,*,#3708,.F.);
#5160=ORIENTED_EDGE('',*,*,#3712,.T.);
#5161=ORIENTED_EDGE('',*,*,#3789,.F.);
#5162=ORIENTED_EDGE('',*,*,#3790,.F.);
#5163=ORIENTED_EDGE('',*,*,#3778,.F.);
#5164=ORIENTED_EDGE('',*,*,#3781,.F.);
#5165=ORIENTED_EDGE('',*,*,#3783,.F.);
#5166=ORIENTED_EDGE('',*,*,#3787,.F.);
#5167=ORIENTED_EDGE('',*,*,#3784,.F.);
#5168=ORIENTED_EDGE('',*,*,#3791,.T.);
#5169=ORIENTED_EDGE('',*,*,#3865,.F.);
#5170=ORIENTED_EDGE('',*,*,#3855,.F.);
#5171=ORIENTED_EDGE('',*,*,#3854,.T.);
#5172=ORIENTED_EDGE('',*,*,#3866,.T.);
#5173=ORIENTED_EDGE('',*,*,#3860,.F.);
#5174=ORIENTED_EDGE('',*,*,#3867,.F.);
#5175=ORIENTED_EDGE('',*,*,#3868,.F.);
#5176=ORIENTED_EDGE('',*,*,#3869,.F.);
#5177=ORIENTED_EDGE('',*,*,#3858,.T.);
#5178=ORIENTED_EDGE('',*,*,#3862,.F.);
#5179=ORIENTED_EDGE('',*,*,#3870,.F.);
#5180=ORIENTED_EDGE('',*,*,#3677,.F.);
#5181=ORIENTED_EDGE('',*,*,#3871,.F.);
#5182=ORIENTED_EDGE('',*,*,#3866,.F.);
#5183=ORIENTED_EDGE('',*,*,#3826,.T.);
#5184=ORIENTED_EDGE('',*,*,#3872,.T.);
#5185=ORIENTED_EDGE('',*,*,#3873,.F.);
#5186=ORIENTED_EDGE('',*,*,#3874,.T.);
#5187=ORIENTED_EDGE('',*,*,#3874,.F.);
#5188=ORIENTED_EDGE('',*,*,#3766,.F.);
#5189=ORIENTED_EDGE('',*,*,#3875,.T.);
#5190=ORIENTED_EDGE('',*,*,#3861,.T.);
#5191=ORIENTED_EDGE('',*,*,#3863,.F.);
#5192=ORIENTED_EDGE('',*,*,#3865,.T.);
#5193=ORIENTED_EDGE('',*,*,#3876,.T.);
#5194=ORIENTED_EDGE('',*,*,#3760,.F.);
#5195=ORIENTED_EDGE('',*,*,#3867,.T.);
#5196=ORIENTED_EDGE('',*,*,#3864,.F.);
#5197=ORIENTED_EDGE('',*,*,#3868,.T.);
#5198=ORIENTED_EDGE('',*,*,#3759,.F.);
#5199=ORIENTED_EDGE('',*,*,#3877,.T.);
#5200=ORIENTED_EDGE('',*,*,#3878,.F.);
#5201=ORIENTED_EDGE('',*,*,#3879,.T.);
#5202=ORIENTED_EDGE('',*,*,#3676,.F.);
#5203=ORIENTED_EDGE('',*,*,#3869,.T.);
#5204=ORIENTED_EDGE('',*,*,#3880,.F.);
#5205=ORIENTED_EDGE('',*,*,#3871,.T.);
#5206=ORIENTED_EDGE('',*,*,#3879,.F.);
#5207=ORIENTED_EDGE('',*,*,#3881,.F.);
#5208=ORIENTED_EDGE('',*,*,#3882,.F.);
#5209=ORIENTED_EDGE('',*,*,#3761,.F.);
#5210=ORIENTED_EDGE('',*,*,#3876,.F.);
#5211=ORIENTED_EDGE('',*,*,#3883,.F.);
#5212=ORIENTED_EDGE('',*,*,#3884,.F.);
#5213=ORIENTED_EDGE('',*,*,#3762,.F.);
#5214=ORIENTED_EDGE('',*,*,#3882,.T.);
#5215=ORIENTED_EDGE('',*,*,#3885,.F.);
#5216=ORIENTED_EDGE('',*,*,#3886,.F.);
#5217=ORIENTED_EDGE('',*,*,#3763,.F.);
#5218=ORIENTED_EDGE('',*,*,#3884,.T.);
#5219=ORIENTED_EDGE('',*,*,#3887,.F.);
#5220=ORIENTED_EDGE('',*,*,#3888,.F.);
#5221=ORIENTED_EDGE('',*,*,#3764,.F.);
#5222=ORIENTED_EDGE('',*,*,#3886,.T.);
#5223=ORIENTED_EDGE('',*,*,#3870,.T.);
#5224=ORIENTED_EDGE('',*,*,#3875,.F.);
#5225=ORIENTED_EDGE('',*,*,#3765,.F.);
#5226=ORIENTED_EDGE('',*,*,#3888,.T.);
#5227=ORIENTED_EDGE('',*,*,#3889,.F.);
#5228=ORIENTED_EDGE('',*,*,#3890,.F.);
#5229=ORIENTED_EDGE('',*,*,#3872,.F.);
#5230=ORIENTED_EDGE('',*,*,#3678,.F.);
#5231=ORIENTED_EDGE('',*,*,#3890,.T.);
#5232=ORIENTED_EDGE('',*,*,#3891,.F.);
#5233=ORIENTED_EDGE('',*,*,#3892,.T.);
#5234=ORIENTED_EDGE('',*,*,#3767,.T.);
#5235=ORIENTED_EDGE('',*,*,#3873,.T.);
#5236=ORIENTED_EDGE('',*,*,#3893,.T.);
#5237=ORIENTED_EDGE('',*,*,#3768,.T.);
#5238=ORIENTED_EDGE('',*,*,#3892,.F.);
#5239=ORIENTED_EDGE('',*,*,#3894,.T.);
#5240=ORIENTED_EDGE('',*,*,#3895,.F.);
#5241=ORIENTED_EDGE('',*,*,#3754,.F.);
#5242=ORIENTED_EDGE('',*,*,#3769,.T.);
#5243=ORIENTED_EDGE('',*,*,#3895,.T.);
#5244=ORIENTED_EDGE('',*,*,#3896,.T.);
#5245=ORIENTED_EDGE('',*,*,#3877,.F.);
#5246=ORIENTED_EDGE('',*,*,#3897,.F.);
#5247=ORIENTED_EDGE('',*,*,#3898,.F.);
#5248=ORIENTED_EDGE('',*,*,#3899,.F.);
#5249=ORIENTED_EDGE('',*,*,#3755,.F.);
#5250=ORIENTED_EDGE('',*,*,#3896,.F.);
#5251=ORIENTED_EDGE('',*,*,#3894,.F.);
#5252=ORIENTED_EDGE('',*,*,#3893,.F.);
#5253=ORIENTED_EDGE('',*,*,#3891,.T.);
#5254=ORIENTED_EDGE('',*,*,#3889,.T.);
#5255=ORIENTED_EDGE('',*,*,#3887,.T.);
#5256=ORIENTED_EDGE('',*,*,#3885,.T.);
#5257=ORIENTED_EDGE('',*,*,#3883,.T.);
#5258=ORIENTED_EDGE('',*,*,#3881,.T.);
#5259=ORIENTED_EDGE('',*,*,#3880,.T.);
#5260=ORIENTED_EDGE('',*,*,#3878,.T.);
#5261=ORIENTED_EDGE('',*,*,#3900,.T.);
#5262=ORIENTED_EDGE('',*,*,#3770,.F.);
#5263=ORIENTED_EDGE('',*,*,#3771,.F.);
#5264=ORIENTED_EDGE('',*,*,#3901,.T.);
#5265=ORIENTED_EDGE('',*,*,#3776,.F.);
#5266=ORIENTED_EDGE('',*,*,#3902,.F.);
#5267=ORIENTED_EDGE('',*,*,#3758,.F.);
#5268=ORIENTED_EDGE('',*,*,#3902,.T.);
#5269=ORIENTED_EDGE('',*,*,#3562,.F.);
#5270=ORIENTED_EDGE('',*,*,#3897,.T.);
#5271=ORIENTED_EDGE('',*,*,#3903,.T.);
#5272=ORIENTED_EDGE('',*,*,#3613,.F.);
#5273=ORIENTED_EDGE('',*,*,#3898,.T.);
#5274=ORIENTED_EDGE('',*,*,#3561,.F.);
#5275=ORIENTED_EDGE('',*,*,#3900,.F.);
#5276=ORIENTED_EDGE('',*,*,#3899,.T.);
#5277=ORIENTED_EDGE('',*,*,#3612,.F.);
#5278=ORIENTED_EDGE('',*,*,#3901,.F.);
#5279=ORIENTED_EDGE('',*,*,#3904,.F.);
#5280=ORIENTED_EDGE('',*,*,#3905,.T.);
#5281=ORIENTED_EDGE('',*,*,#3903,.F.);
#5282=ORIENTED_EDGE('',*,*,#3906,.F.);
#5283=ORIENTED_EDGE('',*,*,#3907,.F.);
#5284=ORIENTED_EDGE('',*,*,#3908,.F.);
#5285=ORIENTED_EDGE('',*,*,#3578,.F.);
#5286=ORIENTED_EDGE('',*,*,#3909,.F.);
#5287=ORIENTED_EDGE('',*,*,#3749,.F.);
#5288=ORIENTED_EDGE('',*,*,#3906,.T.);
#5289=ORIENTED_EDGE('',*,*,#3560,.F.);
#5290=ORIENTED_EDGE('',*,*,#3908,.T.);
#5291=ORIENTED_EDGE('',*,*,#3910,.F.);
#5292=ORIENTED_EDGE('',*,*,#3911,.T.);
#5293=ORIENTED_EDGE('',*,*,#3912,.F.);
#5294=ORIENTED_EDGE('',*,*,#3913,.T.);
#5295=ORIENTED_EDGE('',*,*,#3914,.T.);
#5296=ORIENTED_EDGE('',*,*,#3915,.F.);
#5297=ORIENTED_EDGE('',*,*,#3916,.F.);
#5298=ORIENTED_EDGE('',*,*,#3917,.F.);
#5299=ORIENTED_EDGE('',*,*,#3918,.F.);
#5300=ORIENTED_EDGE('',*,*,#3911,.F.);
#5301=ORIENTED_EDGE('',*,*,#3919,.T.);
#5302=ORIENTED_EDGE('',*,*,#3920,.T.);
#5303=ORIENTED_EDGE('',*,*,#3912,.T.);
#5304=ORIENTED_EDGE('',*,*,#3918,.T.);
#5305=ORIENTED_EDGE('',*,*,#3920,.F.);
#5306=ORIENTED_EDGE('',*,*,#3921,.F.);
#5307=ORIENTED_EDGE('',*,*,#3922,.T.);
#5308=ORIENTED_EDGE('',*,*,#3913,.F.);
#5309=ORIENTED_EDGE('',*,*,#3923,.F.);
#5310=ORIENTED_EDGE('',*,*,#3915,.T.);
#5311=ORIENTED_EDGE('',*,*,#3924,.T.);
#5312=ORIENTED_EDGE('',*,*,#3925,.F.);
#5313=ORIENTED_EDGE('',*,*,#3926,.T.);
#5314=ORIENTED_EDGE('',*,*,#3916,.T.);
#5315=ORIENTED_EDGE('',*,*,#3910,.T.);
#5316=ORIENTED_EDGE('',*,*,#3923,.T.);
#5317=ORIENTED_EDGE('',*,*,#3927,.F.);
#5318=ORIENTED_EDGE('',*,*,#3928,.F.);
#5319=ORIENTED_EDGE('',*,*,#3744,.F.);
#5320=ORIENTED_EDGE('',*,*,#3929,.T.);
#5321=ORIENTED_EDGE('',*,*,#3930,.F.);
#5322=ORIENTED_EDGE('',*,*,#3931,.F.);
#5323=ORIENTED_EDGE('',*,*,#3745,.F.);
#5324=ORIENTED_EDGE('',*,*,#3928,.T.);
#5325=ORIENTED_EDGE('',*,*,#3932,.T.);
#5326=ORIENTED_EDGE('',*,*,#3933,.T.);
#5327=ORIENTED_EDGE('',*,*,#3904,.T.);
#5328=ORIENTED_EDGE('',*,*,#3748,.F.);
#5329=ORIENTED_EDGE('',*,*,#3934,.F.);
#5330=ORIENTED_EDGE('',*,*,#3909,.T.);
#5331=ORIENTED_EDGE('',*,*,#3614,.F.);
#5332=ORIENTED_EDGE('',*,*,#3905,.F.);
#5333=ORIENTED_EDGE('',*,*,#3735,.F.);
#5334=ORIENTED_EDGE('',*,*,#3750,.F.);
#5335=ORIENTED_EDGE('',*,*,#3907,.T.);
#5336=ORIENTED_EDGE('',*,*,#3935,.F.);
#5337=ORIENTED_EDGE('',*,*,#3739,.T.);
#5338=ORIENTED_EDGE('',*,*,#3752,.T.);
#5339=ORIENTED_EDGE('',*,*,#3936,.T.);
#5340=ORIENTED_EDGE('',*,*,#3937,.T.);
#5341=ORIENTED_EDGE('',*,*,#3938,.F.);
#5342=ORIENTED_EDGE('',*,*,#3929,.F.);
#5343=ORIENTED_EDGE('',*,*,#3743,.F.);
#5344=ORIENTED_EDGE('',*,*,#3939,.T.);
#5345=ORIENTED_EDGE('',*,*,#3937,.F.);
#5346=ORIENTED_EDGE('',*,*,#3940,.F.);
#5347=ORIENTED_EDGE('',*,*,#3941,.F.);
#5348=ORIENTED_EDGE('',*,*,#3740,.F.);
#5349=ORIENTED_EDGE('',*,*,#3942,.T.);
#5350=ORIENTED_EDGE('',*,*,#3943,.T.);
#5351=ORIENTED_EDGE('',*,*,#3741,.F.);
#5352=ORIENTED_EDGE('',*,*,#3944,.T.);
#5353=ORIENTED_EDGE('',*,*,#3728,.F.);
#5354=ORIENTED_EDGE('',*,*,#3914,.F.);
#5355=ORIENTED_EDGE('',*,*,#3945,.T.);
#5356=ORIENTED_EDGE('',*,*,#3727,.F.);
#5357=ORIENTED_EDGE('',*,*,#3946,.F.);
#5358=ORIENTED_EDGE('',*,*,#3947,.T.);
#5359=ORIENTED_EDGE('',*,*,#3948,.T.);
#5360=ORIENTED_EDGE('',*,*,#3726,.F.);
#5361=ORIENTED_EDGE('',*,*,#3949,.T.);
#5362=ORIENTED_EDGE('',*,*,#3747,.F.);
#5363=ORIENTED_EDGE('',*,*,#3950,.F.);
#5364=ORIENTED_EDGE('',*,*,#3951,.T.);
#5365=ORIENTED_EDGE('',*,*,#3932,.F.);
#5366=ORIENTED_EDGE('',*,*,#3949,.F.);
#5367=ORIENTED_EDGE('',*,*,#3942,.F.);
#5368=ORIENTED_EDGE('',*,*,#3945,.F.);
#5369=ORIENTED_EDGE('',*,*,#3922,.F.);
#5370=ORIENTED_EDGE('',*,*,#3952,.F.);
#5371=ORIENTED_EDGE('',*,*,#3953,.T.);
#5372=ORIENTED_EDGE('',*,*,#3947,.F.);
#5373=ORIENTED_EDGE('',*,*,#3746,.F.);
#5374=ORIENTED_EDGE('',*,*,#3931,.T.);
#5375=ORIENTED_EDGE('',*,*,#3954,.F.);
#5376=ORIENTED_EDGE('',*,*,#3955,.F.);
#5377=ORIENTED_EDGE('',*,*,#3948,.F.);
#5378=ORIENTED_EDGE('',*,*,#3956,.F.);
#5379=ORIENTED_EDGE('',*,*,#3924,.F.);
#5380=ORIENTED_EDGE('',*,*,#3946,.T.);
#5381=ORIENTED_EDGE('',*,*,#3926,.F.);
#5382=ORIENTED_EDGE('',*,*,#3925,.T.);
#5383=ORIENTED_EDGE('',*,*,#3957,.T.);
#5384=ORIENTED_EDGE('',*,*,#3921,.T.);
#5385=ORIENTED_EDGE('',*,*,#3919,.F.);
#5386=ORIENTED_EDGE('',*,*,#3917,.T.);
#5387=ORIENTED_EDGE('',*,*,#3736,.F.);
#5388=ORIENTED_EDGE('',*,*,#3935,.T.);
#5389=ORIENTED_EDGE('',*,*,#3934,.T.);
#5390=ORIENTED_EDGE('',*,*,#3933,.F.);
#5391=ORIENTED_EDGE('',*,*,#3958,.T.);
#5392=ORIENTED_EDGE('',*,*,#3954,.T.);
#5393=ORIENTED_EDGE('',*,*,#3930,.T.);
#5394=ORIENTED_EDGE('',*,*,#3927,.T.);
#5395=ORIENTED_EDGE('',*,*,#3938,.T.);
#5396=ORIENTED_EDGE('',*,*,#3959,.T.);
#5397=ORIENTED_EDGE('',*,*,#3960,.T.);
#5398=ORIENTED_EDGE('',*,*,#3940,.T.);
#5399=ORIENTED_EDGE('',*,*,#3936,.F.);
#5400=ORIENTED_EDGE('',*,*,#3751,.T.);
#5401=ORIENTED_EDGE('',*,*,#3961,.T.);
#5402=ORIENTED_EDGE('',*,*,#3962,.F.);
#5403=ORIENTED_EDGE('',*,*,#3959,.F.);
#5404=ORIENTED_EDGE('',*,*,#3939,.F.);
#5405=ORIENTED_EDGE('',*,*,#3742,.F.);
#5406=ORIENTED_EDGE('',*,*,#3943,.F.);
#5407=ORIENTED_EDGE('',*,*,#3963,.F.);
#5408=ORIENTED_EDGE('',*,*,#3944,.F.);
#5409=ORIENTED_EDGE('',*,*,#3941,.T.);
#5410=ORIENTED_EDGE('',*,*,#3964,.F.);
#5411=ORIENTED_EDGE('',*,*,#3965,.F.);
#5412=ORIENTED_EDGE('',*,*,#3798,.T.);
#5413=ORIENTED_EDGE('',*,*,#3966,.F.);
#5414=ORIENTED_EDGE('',*,*,#3805,.F.);
#5415=ORIENTED_EDGE('',*,*,#3967,.T.);
#5416=ORIENTED_EDGE('',*,*,#3799,.F.);
#5417=ORIENTED_EDGE('',*,*,#3965,.T.);
#5418=ORIENTED_EDGE('',*,*,#3804,.T.);
#5419=ORIENTED_EDGE('',*,*,#3731,.F.);
#5420=ORIENTED_EDGE('',*,*,#3794,.F.);
#5421=ORIENTED_EDGE('',*,*,#3967,.F.);
#5422=ORIENTED_EDGE('',*,*,#3800,.F.);
#5423=ORIENTED_EDGE('',*,*,#3718,.T.);
#5424=ORIENTED_EDGE('',*,*,#3688,.T.);
#5425=ORIENTED_EDGE('',*,*,#3707,.T.);
#5426=ORIENTED_EDGE('',*,*,#3968,.T.);
#5427=ORIENTED_EDGE('',*,*,#3968,.F.);
#5428=ORIENTED_EDGE('',*,*,#3706,.F.);
#5429=ORIENTED_EDGE('',*,*,#3969,.F.);
#5430=ORIENTED_EDGE('',*,*,#3719,.F.);
#5431=ORIENTED_EDGE('',*,*,#3720,.T.);
#5432=ORIENTED_EDGE('',*,*,#3969,.T.);
#5433=ORIENTED_EDGE('',*,*,#3705,.T.);
#5434=ORIENTED_EDGE('',*,*,#3970,.T.);
#5435=ORIENTED_EDGE('',*,*,#3971,.F.);
#5436=ORIENTED_EDGE('',*,*,#3721,.F.);
#5437=ORIENTED_EDGE('',*,*,#3970,.F.);
#5438=ORIENTED_EDGE('',*,*,#3704,.F.);
#5439=ORIENTED_EDGE('',*,*,#3722,.T.);
#5440=ORIENTED_EDGE('',*,*,#3971,.T.);
#5441=ORIENTED_EDGE('',*,*,#3703,.T.);
#5442=ORIENTED_EDGE('',*,*,#3972,.T.);
#5443=ORIENTED_EDGE('',*,*,#3973,.F.);
#5444=ORIENTED_EDGE('',*,*,#3723,.F.);
#5445=ORIENTED_EDGE('',*,*,#3972,.F.);
#5446=ORIENTED_EDGE('',*,*,#3702,.F.);
#5447=ORIENTED_EDGE('',*,*,#3701,.T.);
#5448=ORIENTED_EDGE('',*,*,#3717,.T.);
#5449=ORIENTED_EDGE('',*,*,#3724,.T.);
#5450=ORIENTED_EDGE('',*,*,#3973,.T.);
#5451=ORIENTED_EDGE('',*,*,#3715,.F.);
#5452=ORIENTED_EDGE('',*,*,#3698,.T.);
#5453=ORIENTED_EDGE('',*,*,#3950,.T.);
#5454=ORIENTED_EDGE('',*,*,#3725,.F.);
#5455=ORIENTED_EDGE('',*,*,#3955,.T.);
#5456=ORIENTED_EDGE('',*,*,#3958,.F.);
#5457=ORIENTED_EDGE('',*,*,#3951,.F.);
#5458=ORIENTED_EDGE('',*,*,#3697,.F.);
#5459=ORIENTED_EDGE('',*,*,#3957,.F.);
#5460=ORIENTED_EDGE('',*,*,#3956,.T.);
#5461=ORIENTED_EDGE('',*,*,#3953,.F.);
#5462=ORIENTED_EDGE('',*,*,#3696,.F.);
#5463=ORIENTED_EDGE('',*,*,#3961,.F.);
#5464=ORIENTED_EDGE('',*,*,#3952,.T.);
#5465=ORIENTED_EDGE('',*,*,#3962,.T.);
#5466=ORIENTED_EDGE('',*,*,#3695,.F.);
#5467=ORIENTED_EDGE('',*,*,#3964,.T.);
#5468=ORIENTED_EDGE('',*,*,#3960,.F.);
#5469=ORIENTED_EDGE('',*,*,#3829,.F.);
#5470=ORIENTED_EDGE('',*,*,#3795,.T.);
#5471=ORIENTED_EDGE('',*,*,#3792,.F.);
#5472=ORIENTED_EDGE('',*,*,#3729,.F.);
#5473=ORIENTED_EDGE('',*,*,#3963,.T.);
#5474=ORIENTED_EDGE('',*,*,#3694,.F.);
#5475=ORIENTED_EDGE('',*,*,#3974,.T.);
#5476=ORIENTED_EDGE('',*,*,#3806,.T.);
#5477=ORIENTED_EDGE('',*,*,#3966,.T.);
#5478=ORIENTED_EDGE('',*,*,#3797,.T.);
#5479=ORIENTED_EDGE('',*,*,#3686,.F.);
#5480=ORIENTED_EDGE('',*,*,#3733,.F.);
#5481=ORIENTED_EDGE('',*,*,#3802,.F.);
#5482=ORIENTED_EDGE('',*,*,#3803,.T.);
#5483=ORIENTED_EDGE('',*,*,#3831,.F.);
#5484=ORIENTED_EDGE('',*,*,#3690,.F.);
#5485=ORIENTED_EDGE('',*,*,#3692,.F.);
#5486=ORIENTED_EDGE('',*,*,#3832,.F.);
#5487=ORIENTED_EDGE('',*,*,#3807,.T.);
#5488=ORIENTED_EDGE('',*,*,#3974,.F.);
#5489=ORIENTED_EDGE('',*,*,#3796,.T.);
#5490=ORIENTED_EDGE('',*,*,#3830,.F.);
#5491=ORIENTED_EDGE('',*,*,#3975,.F.);
#5492=ORIENTED_EDGE('',*,*,#3976,.T.);
#5493=ORIENTED_EDGE('',*,*,#3977,.F.);
#5494=ORIENTED_EDGE('',*,*,#3978,.F.);
#5495=ORIENTED_EDGE('',*,*,#3979,.F.);
#5496=ORIENTED_EDGE('',*,*,#3980,.F.);
#5497=ORIENTED_EDGE('',*,*,#3981,.T.);
#5498=ORIENTED_EDGE('',*,*,#3982,.T.);
#5499=ORIENTED_EDGE('',*,*,#3983,.F.);
#5500=ORIENTED_EDGE('',*,*,#3984,.T.);
#5501=ORIENTED_EDGE('',*,*,#3981,.F.);
#5502=ORIENTED_EDGE('',*,*,#3985,.F.);
#5503=ORIENTED_EDGE('',*,*,#3986,.F.);
#5504=ORIENTED_EDGE('',*,*,#3987,.F.);
#5505=ORIENTED_EDGE('',*,*,#3977,.T.);
#5506=ORIENTED_EDGE('',*,*,#3988,.T.);
#5507=ORIENTED_EDGE('',*,*,#3989,.F.);
#5508=ORIENTED_EDGE('',*,*,#3990,.T.);
#5509=ORIENTED_EDGE('',*,*,#3991,.F.);
#5510=ORIENTED_EDGE('',*,*,#3992,.F.);
#5511=ORIENTED_EDGE('',*,*,#3993,.F.);
#5512=ORIENTED_EDGE('',*,*,#3994,.F.);
#5513=ORIENTED_EDGE('',*,*,#3995,.T.);
#5514=ORIENTED_EDGE('',*,*,#3996,.T.);
#5515=ORIENTED_EDGE('',*,*,#3997,.F.);
#5516=ORIENTED_EDGE('',*,*,#3998,.T.);
#5517=ORIENTED_EDGE('',*,*,#3995,.F.);
#5518=ORIENTED_EDGE('',*,*,#3999,.F.);
#5519=ORIENTED_EDGE('',*,*,#4000,.F.);
#5520=ORIENTED_EDGE('',*,*,#4001,.F.);
#5521=ORIENTED_EDGE('',*,*,#3991,.T.);
#5522=ORIENTED_EDGE('',*,*,#4002,.T.);
#5523=ORIENTED_EDGE('',*,*,#4003,.F.);
#5524=ORIENTED_EDGE('',*,*,#4004,.T.);
#5525=ORIENTED_EDGE('',*,*,#4005,.F.);
#5526=ORIENTED_EDGE('',*,*,#4006,.F.);
#5527=ORIENTED_EDGE('',*,*,#4007,.F.);
#5528=ORIENTED_EDGE('',*,*,#4008,.F.);
#5529=ORIENTED_EDGE('',*,*,#4009,.T.);
#5530=ORIENTED_EDGE('',*,*,#4010,.T.);
#5531=ORIENTED_EDGE('',*,*,#4011,.F.);
#5532=ORIENTED_EDGE('',*,*,#4012,.T.);
#5533=ORIENTED_EDGE('',*,*,#4009,.F.);
#5534=ORIENTED_EDGE('',*,*,#4013,.F.);
#5535=ORIENTED_EDGE('',*,*,#4014,.F.);
#5536=ORIENTED_EDGE('',*,*,#4015,.F.);
#5537=ORIENTED_EDGE('',*,*,#4005,.T.);
#5538=ORIENTED_EDGE('',*,*,#4016,.T.);
#5539=ORIENTED_EDGE('',*,*,#4017,.F.);
#5540=ORIENTED_EDGE('',*,*,#4018,.T.);
#5541=ORIENTED_EDGE('',*,*,#4019,.F.);
#5542=ORIENTED_EDGE('',*,*,#4020,.F.);
#5543=ORIENTED_EDGE('',*,*,#4021,.F.);
#5544=ORIENTED_EDGE('',*,*,#4022,.F.);
#5545=ORIENTED_EDGE('',*,*,#4023,.T.);
#5546=ORIENTED_EDGE('',*,*,#4024,.T.);
#5547=ORIENTED_EDGE('',*,*,#4025,.F.);
#5548=ORIENTED_EDGE('',*,*,#4026,.T.);
#5549=ORIENTED_EDGE('',*,*,#4023,.F.);
#5550=ORIENTED_EDGE('',*,*,#4027,.F.);
#5551=ORIENTED_EDGE('',*,*,#4028,.F.);
#5552=ORIENTED_EDGE('',*,*,#4029,.F.);
#5553=ORIENTED_EDGE('',*,*,#4019,.T.);
#5554=ORIENTED_EDGE('',*,*,#4030,.T.);
#5555=ORIENTED_EDGE('',*,*,#4031,.F.);
#5556=ORIENTED_EDGE('',*,*,#4032,.T.);
#5557=ORIENTED_EDGE('',*,*,#4033,.F.);
#5558=ORIENTED_EDGE('',*,*,#4034,.F.);
#5559=ORIENTED_EDGE('',*,*,#4035,.F.);
#5560=ORIENTED_EDGE('',*,*,#4036,.F.);
#5561=ORIENTED_EDGE('',*,*,#4037,.T.);
#5562=ORIENTED_EDGE('',*,*,#4038,.T.);
#5563=ORIENTED_EDGE('',*,*,#4039,.F.);
#5564=ORIENTED_EDGE('',*,*,#4040,.T.);
#5565=ORIENTED_EDGE('',*,*,#4037,.F.);
#5566=ORIENTED_EDGE('',*,*,#4041,.F.);
#5567=ORIENTED_EDGE('',*,*,#4042,.F.);
#5568=ORIENTED_EDGE('',*,*,#4043,.F.);
#5569=ORIENTED_EDGE('',*,*,#4033,.T.);
#5570=ORIENTED_EDGE('',*,*,#4044,.T.);
#5571=ORIENTED_EDGE('',*,*,#4045,.F.);
#5572=ORIENTED_EDGE('',*,*,#4046,.T.);
#5573=ORIENTED_EDGE('',*,*,#4047,.F.);
#5574=ORIENTED_EDGE('',*,*,#4048,.F.);
#5575=ORIENTED_EDGE('',*,*,#4049,.F.);
#5576=ORIENTED_EDGE('',*,*,#4050,.F.);
#5577=ORIENTED_EDGE('',*,*,#4051,.T.);
#5578=ORIENTED_EDGE('',*,*,#4052,.T.);
#5579=ORIENTED_EDGE('',*,*,#4053,.F.);
#5580=ORIENTED_EDGE('',*,*,#4054,.T.);
#5581=ORIENTED_EDGE('',*,*,#4051,.F.);
#5582=ORIENTED_EDGE('',*,*,#4055,.F.);
#5583=ORIENTED_EDGE('',*,*,#4056,.F.);
#5584=ORIENTED_EDGE('',*,*,#4057,.F.);
#5585=ORIENTED_EDGE('',*,*,#4047,.T.);
#5586=ORIENTED_EDGE('',*,*,#4058,.T.);
#5587=ORIENTED_EDGE('',*,*,#4059,.F.);
#5588=ORIENTED_EDGE('',*,*,#4060,.F.);
#5589=ORIENTED_EDGE('',*,*,#4061,.T.);
#5590=ORIENTED_EDGE('',*,*,#4062,.T.);
#5591=ORIENTED_EDGE('',*,*,#4063,.F.);
#5592=ORIENTED_EDGE('',*,*,#4064,.F.);
#5593=ORIENTED_EDGE('',*,*,#4065,.T.);
#5594=ORIENTED_EDGE('',*,*,#4066,.T.);
#5595=ORIENTED_EDGE('',*,*,#4067,.F.);
#5596=ORIENTED_EDGE('',*,*,#4068,.T.);
#5597=ORIENTED_EDGE('',*,*,#4061,.F.);
#5598=ORIENTED_EDGE('',*,*,#4069,.F.);
#5599=ORIENTED_EDGE('',*,*,#4070,.F.);
#5600=ORIENTED_EDGE('',*,*,#4071,.T.);
#5601=ORIENTED_EDGE('',*,*,#4065,.F.);
#5602=ORIENTED_EDGE('',*,*,#4072,.F.);
#5603=ORIENTED_EDGE('',*,*,#4073,.F.);
#5604=ORIENTED_EDGE('',*,*,#4074,.T.);
#5605=ORIENTED_EDGE('',*,*,#4075,.F.);
#5606=ORIENTED_EDGE('',*,*,#4076,.F.);
#5607=ORIENTED_EDGE('',*,*,#4077,.F.);
#5608=ORIENTED_EDGE('',*,*,#4078,.F.);
#5609=ORIENTED_EDGE('',*,*,#4079,.T.);
#5610=ORIENTED_EDGE('',*,*,#4080,.T.);
#5611=ORIENTED_EDGE('',*,*,#4081,.F.);
#5612=ORIENTED_EDGE('',*,*,#4082,.T.);
#5613=ORIENTED_EDGE('',*,*,#4079,.F.);
#5614=ORIENTED_EDGE('',*,*,#4083,.F.);
#5615=ORIENTED_EDGE('',*,*,#4084,.F.);
#5616=ORIENTED_EDGE('',*,*,#4085,.F.);
#5617=ORIENTED_EDGE('',*,*,#4075,.T.);
#5618=ORIENTED_EDGE('',*,*,#4086,.T.);
#5619=ORIENTED_EDGE('',*,*,#3979,.T.);
#5620=ORIENTED_EDGE('',*,*,#4087,.T.);
#5621=ORIENTED_EDGE('',*,*,#4088,.T.);
#5622=ORIENTED_EDGE('',*,*,#4089,.F.);
#5623=ORIENTED_EDGE('',*,*,#4090,.F.);
#5624=ORIENTED_EDGE('',*,*,#4091,.T.);
#5625=ORIENTED_EDGE('',*,*,#4092,.F.);
#5626=ORIENTED_EDGE('',*,*,#4093,.T.);
#5627=ORIENTED_EDGE('',*,*,#3975,.T.);
#5628=ORIENTED_EDGE('',*,*,#4094,.F.);
#5629=ORIENTED_EDGE('',*,*,#4095,.F.);
#5630=ORIENTED_EDGE('',*,*,#4096,.F.);
#5631=ORIENTED_EDGE('',*,*,#4097,.T.);
#5632=ORIENTED_EDGE('',*,*,#4098,.T.);
#5633=ORIENTED_EDGE('',*,*,#3993,.T.);
#5634=ORIENTED_EDGE('',*,*,#4099,.T.);
#5635=ORIENTED_EDGE('',*,*,#4100,.T.);
#5636=ORIENTED_EDGE('',*,*,#4101,.F.);
#5637=ORIENTED_EDGE('',*,*,#4102,.F.);
#5638=ORIENTED_EDGE('',*,*,#4103,.T.);
#5639=ORIENTED_EDGE('',*,*,#4104,.F.);
#5640=ORIENTED_EDGE('',*,*,#4105,.T.);
#5641=ORIENTED_EDGE('',*,*,#3989,.T.);
#5642=ORIENTED_EDGE('',*,*,#4106,.F.);
#5643=ORIENTED_EDGE('',*,*,#4107,.F.);
#5644=ORIENTED_EDGE('',*,*,#4108,.F.);
#5645=ORIENTED_EDGE('',*,*,#4109,.T.);
#5646=ORIENTED_EDGE('',*,*,#4110,.T.);
#5647=ORIENTED_EDGE('',*,*,#4007,.T.);
#5648=ORIENTED_EDGE('',*,*,#4111,.T.);
#5649=ORIENTED_EDGE('',*,*,#4112,.T.);
#5650=ORIENTED_EDGE('',*,*,#4113,.F.);
#5651=ORIENTED_EDGE('',*,*,#4114,.F.);
#5652=ORIENTED_EDGE('',*,*,#4115,.T.);
#5653=ORIENTED_EDGE('',*,*,#4116,.F.);
#5654=ORIENTED_EDGE('',*,*,#3992,.T.);
#5655=ORIENTED_EDGE('',*,*,#4001,.T.);
#5656=ORIENTED_EDGE('',*,*,#4117,.F.);
#5657=ORIENTED_EDGE('',*,*,#4013,.T.);
#5658=ORIENTED_EDGE('',*,*,#4008,.T.);
#5659=ORIENTED_EDGE('',*,*,#4116,.T.);
#5660=ORIENTED_EDGE('',*,*,#4118,.F.);
#5661=ORIENTED_EDGE('',*,*,#4106,.T.);
#5662=ORIENTED_EDGE('',*,*,#4119,.T.);
#5663=ORIENTED_EDGE('',*,*,#4003,.T.);
#5664=ORIENTED_EDGE('',*,*,#4120,.F.);
#5665=ORIENTED_EDGE('',*,*,#4121,.F.);
#5666=ORIENTED_EDGE('',*,*,#4122,.F.);
#5667=ORIENTED_EDGE('',*,*,#4123,.T.);
#5668=ORIENTED_EDGE('',*,*,#4124,.T.);
#5669=ORIENTED_EDGE('',*,*,#3978,.T.);
#5670=ORIENTED_EDGE('',*,*,#3987,.T.);
#5671=ORIENTED_EDGE('',*,*,#4125,.F.);
#5672=ORIENTED_EDGE('',*,*,#4027,.T.);
#5673=ORIENTED_EDGE('',*,*,#4022,.T.);
#5674=ORIENTED_EDGE('',*,*,#4126,.T.);
#5675=ORIENTED_EDGE('',*,*,#4127,.F.);
#5676=ORIENTED_EDGE('',*,*,#4094,.T.);
#5677=ORIENTED_EDGE('',*,*,#4021,.T.);
#5678=ORIENTED_EDGE('',*,*,#4128,.T.);
#5679=ORIENTED_EDGE('',*,*,#4129,.T.);
#5680=ORIENTED_EDGE('',*,*,#4130,.F.);
#5681=ORIENTED_EDGE('',*,*,#4131,.F.);
#5682=ORIENTED_EDGE('',*,*,#4132,.T.);
#5683=ORIENTED_EDGE('',*,*,#4126,.F.);
#5684=ORIENTED_EDGE('',*,*,#4133,.T.);
#5685=ORIENTED_EDGE('',*,*,#4017,.T.);
#5686=ORIENTED_EDGE('',*,*,#4134,.F.);
#5687=ORIENTED_EDGE('',*,*,#4135,.F.);
#5688=ORIENTED_EDGE('',*,*,#4136,.F.);
#5689=ORIENTED_EDGE('',*,*,#4137,.T.);
#5690=ORIENTED_EDGE('',*,*,#4138,.T.);
#5691=ORIENTED_EDGE('',*,*,#4035,.T.);
#5692=ORIENTED_EDGE('',*,*,#4139,.T.);
#5693=ORIENTED_EDGE('',*,*,#4140,.T.);
#5694=ORIENTED_EDGE('',*,*,#4141,.F.);
#5695=ORIENTED_EDGE('',*,*,#4142,.F.);
#5696=ORIENTED_EDGE('',*,*,#4143,.T.);
#5697=ORIENTED_EDGE('',*,*,#4144,.F.);
#5698=ORIENTED_EDGE('',*,*,#4145,.T.);
#5699=ORIENTED_EDGE('',*,*,#4031,.T.);
#5700=ORIENTED_EDGE('',*,*,#4146,.F.);
#5701=ORIENTED_EDGE('',*,*,#4147,.F.);
#5702=ORIENTED_EDGE('',*,*,#4148,.F.);
#5703=ORIENTED_EDGE('',*,*,#4149,.T.);
#5704=ORIENTED_EDGE('',*,*,#4150,.T.);
#5705=ORIENTED_EDGE('',*,*,#4049,.T.);
#5706=ORIENTED_EDGE('',*,*,#4151,.T.);
#5707=ORIENTED_EDGE('',*,*,#4152,.T.);
#5708=ORIENTED_EDGE('',*,*,#4153,.F.);
#5709=ORIENTED_EDGE('',*,*,#4154,.F.);
#5710=ORIENTED_EDGE('',*,*,#4155,.T.);
#5711=ORIENTED_EDGE('',*,*,#4156,.F.);
#5712=ORIENTED_EDGE('',*,*,#4157,.T.);
#5713=ORIENTED_EDGE('',*,*,#4045,.T.);
#5714=ORIENTED_EDGE('',*,*,#4158,.F.);
#5715=ORIENTED_EDGE('',*,*,#4159,.F.);
#5716=ORIENTED_EDGE('',*,*,#4160,.F.);
#5717=ORIENTED_EDGE('',*,*,#4161,.T.);
#5718=ORIENTED_EDGE('',*,*,#4162,.T.);
#5719=ORIENTED_EDGE('',*,*,#4063,.T.);
#5720=ORIENTED_EDGE('',*,*,#4163,.T.);
#5721=ORIENTED_EDGE('',*,*,#4164,.T.);
#5722=ORIENTED_EDGE('',*,*,#4165,.F.);
#5723=ORIENTED_EDGE('',*,*,#4166,.F.);
#5724=ORIENTED_EDGE('',*,*,#4167,.T.);
#5725=ORIENTED_EDGE('',*,*,#4168,.F.);
#5726=ORIENTED_EDGE('',*,*,#4006,.T.);
#5727=ORIENTED_EDGE('',*,*,#4015,.T.);
#5728=ORIENTED_EDGE('',*,*,#4169,.F.);
#5729=ORIENTED_EDGE('',*,*,#4072,.T.);
#5730=ORIENTED_EDGE('',*,*,#4064,.T.);
#5731=ORIENTED_EDGE('',*,*,#4168,.T.);
#5732=ORIENTED_EDGE('',*,*,#4170,.F.);
#5733=ORIENTED_EDGE('',*,*,#4120,.T.);
#5734=ORIENTED_EDGE('',*,*,#4077,.T.);
#5735=ORIENTED_EDGE('',*,*,#4171,.T.);
#5736=ORIENTED_EDGE('',*,*,#4172,.T.);
#5737=ORIENTED_EDGE('',*,*,#4173,.F.);
#5738=ORIENTED_EDGE('',*,*,#4174,.F.);
#5739=ORIENTED_EDGE('',*,*,#4175,.T.);
#5740=ORIENTED_EDGE('',*,*,#4176,.F.);
#5741=ORIENTED_EDGE('',*,*,#4020,.T.);
#5742=ORIENTED_EDGE('',*,*,#4029,.T.);
#5743=ORIENTED_EDGE('',*,*,#4177,.F.);
#5744=ORIENTED_EDGE('',*,*,#4083,.T.);
#5745=ORIENTED_EDGE('',*,*,#4078,.T.);
#5746=ORIENTED_EDGE('',*,*,#4176,.T.);
#5747=ORIENTED_EDGE('',*,*,#4178,.F.);
#5748=ORIENTED_EDGE('',*,*,#4134,.T.);
#5749=ORIENTED_EDGE('',*,*,#4179,.T.);
#5750=ORIENTED_EDGE('',*,*,#4073,.T.);
#5751=ORIENTED_EDGE('',*,*,#4180,.F.);
#5752=ORIENTED_EDGE('',*,*,#4181,.F.);
#5753=ORIENTED_EDGE('',*,*,#4182,.F.);
#5754=ORIENTED_EDGE('',*,*,#4183,.T.);
#5755=ORIENTED_EDGE('',*,*,#4184,.T.);
#5756=ORIENTED_EDGE('',*,*,#4076,.T.);
#5757=ORIENTED_EDGE('',*,*,#4085,.T.);
#5758=ORIENTED_EDGE('',*,*,#4185,.F.);
#5759=ORIENTED_EDGE('',*,*,#4186,.F.);
#5760=ORIENTED_EDGE('',*,*,#4187,.F.);
#5761=ORIENTED_EDGE('',*,*,#4188,.F.);
#5762=ORIENTED_EDGE('',*,*,#4189,.F.);
#5763=ORIENTED_EDGE('',*,*,#4180,.T.);
#5764=ORIENTED_EDGE('',*,*,#4190,.T.);
#5765=ORIENTED_EDGE('',*,*,#4191,.T.);
#5766=ORIENTED_EDGE('',*,*,#4192,.T.);
#5767=ORIENTED_EDGE('',*,*,#4193,.T.);
#5768=ORIENTED_EDGE('',*,*,#4194,.T.);
#5769=ORIENTED_EDGE('',*,*,#4193,.F.);
#5770=ORIENTED_EDGE('',*,*,#4195,.T.);
#5771=ORIENTED_EDGE('',*,*,#4196,.T.);
#5772=ORIENTED_EDGE('',*,*,#4197,.T.);
#5773=ORIENTED_EDGE('',*,*,#4198,.T.);
#5774=ORIENTED_EDGE('',*,*,#4199,.T.);
#5775=ORIENTED_EDGE('',*,*,#4196,.F.);
#5776=ORIENTED_EDGE('',*,*,#4200,.F.);
#5777=ORIENTED_EDGE('',*,*,#4190,.F.);
#5778=ORIENTED_EDGE('',*,*,#4201,.T.);
#5779=ORIENTED_EDGE('',*,*,#4202,.F.);
#5780=ORIENTED_EDGE('',*,*,#4203,.T.);
#5781=ORIENTED_EDGE('',*,*,#4204,.F.);
#5782=ORIENTED_EDGE('',*,*,#4194,.F.);
#5783=ORIENTED_EDGE('',*,*,#4205,.T.);
#5784=ORIENTED_EDGE('',*,*,#4206,.F.);
#5785=ORIENTED_EDGE('',*,*,#4207,.T.);
#5786=ORIENTED_EDGE('',*,*,#4208,.T.);
#5787=ORIENTED_EDGE('',*,*,#4209,.T.);
#5788=ORIENTED_EDGE('',*,*,#4210,.F.);
#5789=ORIENTED_EDGE('',*,*,#4201,.F.);
#5790=ORIENTED_EDGE('',*,*,#4199,.F.);
#5791=ORIENTED_EDGE('',*,*,#4211,.F.);
#5792=ORIENTED_EDGE('',*,*,#4212,.F.);
#5793=ORIENTED_EDGE('',*,*,#4213,.T.);
#5794=ORIENTED_EDGE('',*,*,#4214,.F.);
#5795=ORIENTED_EDGE('',*,*,#4205,.F.);
#5796=ORIENTED_EDGE('',*,*,#4211,.T.);
#5797=ORIENTED_EDGE('',*,*,#4198,.F.);
#5798=ORIENTED_EDGE('',*,*,#4215,.T.);
#5799=ORIENTED_EDGE('',*,*,#4188,.T.);
#5800=ORIENTED_EDGE('',*,*,#4216,.T.);
#5801=ORIENTED_EDGE('',*,*,#4217,.T.);
#5802=ORIENTED_EDGE('',*,*,#4218,.T.);
#5803=ORIENTED_EDGE('',*,*,#4191,.F.);
#5804=ORIENTED_EDGE('',*,*,#4200,.T.);
#5805=ORIENTED_EDGE('',*,*,#4219,.T.);
#5806=ORIENTED_EDGE('',*,*,#4220,.T.);
#5807=ORIENTED_EDGE('',*,*,#4221,.T.);
#5808=ORIENTED_EDGE('',*,*,#4212,.T.);
#5809=ORIENTED_EDGE('',*,*,#4216,.F.);
#5810=ORIENTED_EDGE('',*,*,#4222,.T.);
#5811=ORIENTED_EDGE('',*,*,#4223,.T.);
#5812=ORIENTED_EDGE('',*,*,#4224,.T.);
#5813=ORIENTED_EDGE('',*,*,#4221,.F.);
#5814=ORIENTED_EDGE('',*,*,#4204,.T.);
#5815=ORIENTED_EDGE('',*,*,#4223,.F.);
#5816=ORIENTED_EDGE('',*,*,#4225,.T.);
#5817=ORIENTED_EDGE('',*,*,#4219,.F.);
#5818=ORIENTED_EDGE('',*,*,#4224,.F.);
#5819=ORIENTED_EDGE('',*,*,#4203,.F.);
#5820=ORIENTED_EDGE('',*,*,#4226,.F.);
#5821=ORIENTED_EDGE('',*,*,#4227,.T.);
#5822=ORIENTED_EDGE('',*,*,#4228,.T.);
#5823=ORIENTED_EDGE('',*,*,#4229,.T.);
#5824=ORIENTED_EDGE('',*,*,#4230,.T.);
#5825=ORIENTED_EDGE('',*,*,#4231,.T.);
#5826=ORIENTED_EDGE('',*,*,#4232,.T.);
#5827=ORIENTED_EDGE('',*,*,#4233,.T.);
#5828=ORIENTED_EDGE('',*,*,#4234,.F.);
#5829=ORIENTED_EDGE('',*,*,#4213,.F.);
#5830=ORIENTED_EDGE('',*,*,#4235,.T.);
#5831=ORIENTED_EDGE('',*,*,#4236,.T.);
#5832=ORIENTED_EDGE('',*,*,#4237,.T.);
#5833=ORIENTED_EDGE('',*,*,#4238,.T.);
#5834=ORIENTED_EDGE('',*,*,#4239,.T.);
#5835=ORIENTED_EDGE('',*,*,#4238,.F.);
#5836=ORIENTED_EDGE('',*,*,#4240,.T.);
#5837=ORIENTED_EDGE('',*,*,#4241,.T.);
#5838=ORIENTED_EDGE('',*,*,#4242,.T.);
#5839=ORIENTED_EDGE('',*,*,#4243,.T.);
#5840=ORIENTED_EDGE('',*,*,#4244,.T.);
#5841=ORIENTED_EDGE('',*,*,#4241,.F.);
#5842=ORIENTED_EDGE('',*,*,#4235,.F.);
#5843=ORIENTED_EDGE('',*,*,#4245,.F.);
#5844=ORIENTED_EDGE('',*,*,#4246,.F.);
#5845=ORIENTED_EDGE('',*,*,#4186,.T.);
#5846=ORIENTED_EDGE('',*,*,#4247,.F.);
#5847=ORIENTED_EDGE('',*,*,#4239,.F.);
#5848=ORIENTED_EDGE('',*,*,#4248,.F.);
#5849=ORIENTED_EDGE('',*,*,#4249,.F.);
#5850=ORIENTED_EDGE('',*,*,#4245,.T.);
#5851=ORIENTED_EDGE('',*,*,#4244,.F.);
#5852=ORIENTED_EDGE('',*,*,#4250,.F.);
#5853=ORIENTED_EDGE('',*,*,#4251,.F.);
#5854=ORIENTED_EDGE('',*,*,#4252,.F.);
#5855=ORIENTED_EDGE('',*,*,#4248,.T.);
#5856=ORIENTED_EDGE('',*,*,#3983,.T.);
#5857=ORIENTED_EDGE('',*,*,#4253,.T.);
#5858=ORIENTED_EDGE('',*,*,#4042,.T.);
#5859=ORIENTED_EDGE('',*,*,#4254,.T.);
#5860=ORIENTED_EDGE('',*,*,#4039,.T.);
#5861=ORIENTED_EDGE('',*,*,#4255,.T.);
#5862=ORIENTED_EDGE('',*,*,#4059,.T.);
#5863=ORIENTED_EDGE('',*,*,#4256,.T.);
#5864=ORIENTED_EDGE('',*,*,#4070,.T.);
#5865=ORIENTED_EDGE('',*,*,#4169,.T.);
#5866=ORIENTED_EDGE('',*,*,#4014,.T.);
#5867=ORIENTED_EDGE('',*,*,#4257,.T.);
#5868=ORIENTED_EDGE('',*,*,#4011,.T.);
#5869=ORIENTED_EDGE('',*,*,#4117,.T.);
#5870=ORIENTED_EDGE('',*,*,#4000,.T.);
#5871=ORIENTED_EDGE('',*,*,#4258,.T.);
#5872=ORIENTED_EDGE('',*,*,#3997,.T.);
#5873=ORIENTED_EDGE('',*,*,#4259,.T.);
#5874=ORIENTED_EDGE('',*,*,#4056,.T.);
#5875=ORIENTED_EDGE('',*,*,#4260,.T.);
#5876=ORIENTED_EDGE('',*,*,#4053,.T.);
#5877=ORIENTED_EDGE('',*,*,#4261,.T.);
#5878=ORIENTED_EDGE('',*,*,#4250,.T.);
#5879=ORIENTED_EDGE('',*,*,#4243,.F.);
#5880=ORIENTED_EDGE('',*,*,#4262,.T.);
#5881=ORIENTED_EDGE('',*,*,#4236,.F.);
#5882=ORIENTED_EDGE('',*,*,#4247,.T.);
#5883=ORIENTED_EDGE('',*,*,#4185,.T.);
#5884=ORIENTED_EDGE('',*,*,#4084,.T.);
#5885=ORIENTED_EDGE('',*,*,#4263,.T.);
#5886=ORIENTED_EDGE('',*,*,#4081,.T.);
#5887=ORIENTED_EDGE('',*,*,#4177,.T.);
#5888=ORIENTED_EDGE('',*,*,#4028,.T.);
#5889=ORIENTED_EDGE('',*,*,#4264,.T.);
#5890=ORIENTED_EDGE('',*,*,#4025,.T.);
#5891=ORIENTED_EDGE('',*,*,#4125,.T.);
#5892=ORIENTED_EDGE('',*,*,#3986,.T.);
#5893=ORIENTED_EDGE('',*,*,#4265,.T.);
#5894=ORIENTED_EDGE('',*,*,#4263,.F.);
#5895=ORIENTED_EDGE('',*,*,#4086,.F.);
#5896=ORIENTED_EDGE('',*,*,#4074,.F.);
#5897=ORIENTED_EDGE('',*,*,#4179,.F.);
#5898=ORIENTED_EDGE('',*,*,#4266,.F.);
#5899=ORIENTED_EDGE('',*,*,#4171,.F.);
#5900=ORIENTED_EDGE('',*,*,#4080,.F.);
#5901=ORIENTED_EDGE('',*,*,#4082,.F.);
#5902=ORIENTED_EDGE('',*,*,#4237,.F.);
#5903=ORIENTED_EDGE('',*,*,#4262,.F.);
#5904=ORIENTED_EDGE('',*,*,#4242,.F.);
#5905=ORIENTED_EDGE('',*,*,#4240,.F.);
#5906=ORIENTED_EDGE('',*,*,#4050,.T.);
#5907=ORIENTED_EDGE('',*,*,#4156,.T.);
#5908=ORIENTED_EDGE('',*,*,#4267,.F.);
#5909=ORIENTED_EDGE('',*,*,#4217,.F.);
#5910=ORIENTED_EDGE('',*,*,#4268,.F.);
#5911=ORIENTED_EDGE('',*,*,#4251,.T.);
#5912=ORIENTED_EDGE('',*,*,#4261,.F.);
#5913=ORIENTED_EDGE('',*,*,#4055,.T.);
#5914=ORIENTED_EDGE('',*,*,#4260,.F.);
#5915=ORIENTED_EDGE('',*,*,#4058,.F.);
#5916=ORIENTED_EDGE('',*,*,#4046,.F.);
#5917=ORIENTED_EDGE('',*,*,#4157,.F.);
#5918=ORIENTED_EDGE('',*,*,#4269,.F.);
#5919=ORIENTED_EDGE('',*,*,#4151,.F.);
#5920=ORIENTED_EDGE('',*,*,#4052,.F.);
#5921=ORIENTED_EDGE('',*,*,#4054,.F.);
#5922=ORIENTED_EDGE('',*,*,#3994,.T.);
#5923=ORIENTED_EDGE('',*,*,#4104,.T.);
#5924=ORIENTED_EDGE('',*,*,#4270,.F.);
#5925=ORIENTED_EDGE('',*,*,#4158,.T.);
#5926=ORIENTED_EDGE('',*,*,#4048,.T.);
#5927=ORIENTED_EDGE('',*,*,#4057,.T.);
#5928=ORIENTED_EDGE('',*,*,#4259,.F.);
#5929=ORIENTED_EDGE('',*,*,#3999,.T.);
#5930=ORIENTED_EDGE('',*,*,#4258,.F.);
#5931=ORIENTED_EDGE('',*,*,#4002,.F.);
#5932=ORIENTED_EDGE('',*,*,#3990,.F.);
#5933=ORIENTED_EDGE('',*,*,#4105,.F.);
#5934=ORIENTED_EDGE('',*,*,#4271,.F.);
#5935=ORIENTED_EDGE('',*,*,#4099,.F.);
#5936=ORIENTED_EDGE('',*,*,#3996,.F.);
#5937=ORIENTED_EDGE('',*,*,#3998,.F.);
#5938=ORIENTED_EDGE('',*,*,#4265,.F.);
#5939=ORIENTED_EDGE('',*,*,#3988,.F.);
#5940=ORIENTED_EDGE('',*,*,#3976,.F.);
#5941=ORIENTED_EDGE('',*,*,#4093,.F.);
#5942=ORIENTED_EDGE('',*,*,#4272,.F.);
#5943=ORIENTED_EDGE('',*,*,#4087,.F.);
#5944=ORIENTED_EDGE('',*,*,#3982,.F.);
#5945=ORIENTED_EDGE('',*,*,#3984,.F.);
#5946=ORIENTED_EDGE('',*,*,#4257,.F.);
#5947=ORIENTED_EDGE('',*,*,#4016,.F.);
#5948=ORIENTED_EDGE('',*,*,#4004,.F.);
#5949=ORIENTED_EDGE('',*,*,#4119,.F.);
#5950=ORIENTED_EDGE('',*,*,#4273,.F.);
#5951=ORIENTED_EDGE('',*,*,#4111,.F.);
#5952=ORIENTED_EDGE('',*,*,#4010,.F.);
#5953=ORIENTED_EDGE('',*,*,#4012,.F.);
#5954=ORIENTED_EDGE('',*,*,#4264,.F.);
#5955=ORIENTED_EDGE('',*,*,#4030,.F.);
#5956=ORIENTED_EDGE('',*,*,#4018,.F.);
#5957=ORIENTED_EDGE('',*,*,#4133,.F.);
#5958=ORIENTED_EDGE('',*,*,#4274,.F.);
#5959=ORIENTED_EDGE('',*,*,#4128,.F.);
#5960=ORIENTED_EDGE('',*,*,#4024,.F.);
#5961=ORIENTED_EDGE('',*,*,#4026,.F.);
#5962=ORIENTED_EDGE('',*,*,#4254,.F.);
#5963=ORIENTED_EDGE('',*,*,#4044,.F.);
#5964=ORIENTED_EDGE('',*,*,#4032,.F.);
#5965=ORIENTED_EDGE('',*,*,#4145,.F.);
#5966=ORIENTED_EDGE('',*,*,#4275,.F.);
#5967=ORIENTED_EDGE('',*,*,#4139,.F.);
#5968=ORIENTED_EDGE('',*,*,#4038,.F.);
#5969=ORIENTED_EDGE('',*,*,#4040,.F.);
#5970=ORIENTED_EDGE('',*,*,#4256,.F.);
#5971=ORIENTED_EDGE('',*,*,#4062,.F.);
#5972=ORIENTED_EDGE('',*,*,#4068,.F.);
#5973=ORIENTED_EDGE('',*,*,#4276,.F.);
#5974=ORIENTED_EDGE('',*,*,#4277,.F.);
#5975=ORIENTED_EDGE('',*,*,#4163,.F.);
#5976=ORIENTED_EDGE('',*,*,#4066,.F.);
#5977=ORIENTED_EDGE('',*,*,#4071,.F.);
#5978=ORIENTED_EDGE('',*,*,#4036,.T.);
#5979=ORIENTED_EDGE('',*,*,#4144,.T.);
#5980=ORIENTED_EDGE('',*,*,#4278,.F.);
#5981=ORIENTED_EDGE('',*,*,#4279,.T.);
#5982=ORIENTED_EDGE('',*,*,#4069,.T.);
#5983=ORIENTED_EDGE('',*,*,#4060,.T.);
#5984=ORIENTED_EDGE('',*,*,#4255,.F.);
#5985=ORIENTED_EDGE('',*,*,#4041,.T.);
#5986=ORIENTED_EDGE('',*,*,#3980,.T.);
#5987=ORIENTED_EDGE('',*,*,#4092,.T.);
#5988=ORIENTED_EDGE('',*,*,#4280,.F.);
#5989=ORIENTED_EDGE('',*,*,#4146,.T.);
#5990=ORIENTED_EDGE('',*,*,#4034,.T.);
#5991=ORIENTED_EDGE('',*,*,#4043,.T.);
#5992=ORIENTED_EDGE('',*,*,#4253,.F.);
#5993=ORIENTED_EDGE('',*,*,#3985,.T.);
#5994=ORIENTED_EDGE('',*,*,#4281,.F.);
#5995=ORIENTED_EDGE('',*,*,#4113,.T.);
#5996=ORIENTED_EDGE('',*,*,#4282,.T.);
#5997=ORIENTED_EDGE('',*,*,#4123,.F.);
#5998=ORIENTED_EDGE('',*,*,#4273,.T.);
#5999=ORIENTED_EDGE('',*,*,#4124,.F.);
#6000=ORIENTED_EDGE('',*,*,#4282,.F.);
#6001=ORIENTED_EDGE('',*,*,#4112,.F.);
#6002=ORIENTED_EDGE('',*,*,#4283,.F.);
#6003=ORIENTED_EDGE('',*,*,#4130,.T.);
#6004=ORIENTED_EDGE('',*,*,#4284,.T.);
#6005=ORIENTED_EDGE('',*,*,#4137,.F.);
#6006=ORIENTED_EDGE('',*,*,#4274,.T.);
#6007=ORIENTED_EDGE('',*,*,#4138,.F.);
#6008=ORIENTED_EDGE('',*,*,#4284,.F.);
#6009=ORIENTED_EDGE('',*,*,#4129,.F.);
#6010=ORIENTED_EDGE('',*,*,#4285,.F.);
#6011=ORIENTED_EDGE('',*,*,#4089,.T.);
#6012=ORIENTED_EDGE('',*,*,#4286,.T.);
#6013=ORIENTED_EDGE('',*,*,#4097,.F.);
#6014=ORIENTED_EDGE('',*,*,#4272,.T.);
#6015=ORIENTED_EDGE('',*,*,#4098,.F.);
#6016=ORIENTED_EDGE('',*,*,#4286,.F.);
#6017=ORIENTED_EDGE('',*,*,#4088,.F.);
#6018=ORIENTED_EDGE('',*,*,#4287,.F.);
#6019=ORIENTED_EDGE('',*,*,#4101,.T.);
#6020=ORIENTED_EDGE('',*,*,#4288,.T.);
#6021=ORIENTED_EDGE('',*,*,#4109,.F.);
#6022=ORIENTED_EDGE('',*,*,#4271,.T.);
#6023=ORIENTED_EDGE('',*,*,#4110,.F.);
#6024=ORIENTED_EDGE('',*,*,#4288,.F.);
#6025=ORIENTED_EDGE('',*,*,#4100,.F.);
#6026=ORIENTED_EDGE('',*,*,#4289,.F.);
#6027=ORIENTED_EDGE('',*,*,#4165,.T.);
#6028=ORIENTED_EDGE('',*,*,#4290,.T.);
#6029=ORIENTED_EDGE('',*,*,#4291,.F.);
#6030=ORIENTED_EDGE('',*,*,#4067,.T.);
#6031=ORIENTED_EDGE('',*,*,#4279,.F.);
#6032=ORIENTED_EDGE('',*,*,#4292,.F.);
#6033=ORIENTED_EDGE('',*,*,#4293,.F.);
#6034=ORIENTED_EDGE('',*,*,#4291,.T.);
#6035=ORIENTED_EDGE('',*,*,#4294,.T.);
#6036=ORIENTED_EDGE('',*,*,#4276,.T.);
#6037=ORIENTED_EDGE('',*,*,#4277,.T.);
#6038=ORIENTED_EDGE('',*,*,#4294,.F.);
#6039=ORIENTED_EDGE('',*,*,#4290,.F.);
#6040=ORIENTED_EDGE('',*,*,#4164,.F.);
#6041=ORIENTED_EDGE('',*,*,#4295,.F.);
#6042=ORIENTED_EDGE('',*,*,#4173,.T.);
#6043=ORIENTED_EDGE('',*,*,#4296,.T.);
#6044=ORIENTED_EDGE('',*,*,#4183,.F.);
#6045=ORIENTED_EDGE('',*,*,#4266,.T.);
#6046=ORIENTED_EDGE('',*,*,#4184,.F.);
#6047=ORIENTED_EDGE('',*,*,#4296,.F.);
#6048=ORIENTED_EDGE('',*,*,#4172,.F.);
#6049=ORIENTED_EDGE('',*,*,#4297,.F.);
#6050=ORIENTED_EDGE('',*,*,#4141,.T.);
#6051=ORIENTED_EDGE('',*,*,#4298,.T.);
#6052=ORIENTED_EDGE('',*,*,#4149,.F.);
#6053=ORIENTED_EDGE('',*,*,#4275,.T.);
#6054=ORIENTED_EDGE('',*,*,#4150,.F.);
#6055=ORIENTED_EDGE('',*,*,#4298,.F.);
#6056=ORIENTED_EDGE('',*,*,#4140,.F.);
#6057=ORIENTED_EDGE('',*,*,#4299,.F.);
#6058=ORIENTED_EDGE('',*,*,#4153,.T.);
#6059=ORIENTED_EDGE('',*,*,#4300,.T.);
#6060=ORIENTED_EDGE('',*,*,#4161,.F.);
#6061=ORIENTED_EDGE('',*,*,#4269,.T.);
#6062=ORIENTED_EDGE('',*,*,#4162,.F.);
#6063=ORIENTED_EDGE('',*,*,#4300,.F.);
#6064=ORIENTED_EDGE('',*,*,#4152,.F.);
#6065=ORIENTED_EDGE('',*,*,#4122,.T.);
#6066=ORIENTED_EDGE('',*,*,#4301,.F.);
#6067=ORIENTED_EDGE('',*,*,#4166,.T.);
#6068=ORIENTED_EDGE('',*,*,#4289,.T.);
#6069=ORIENTED_EDGE('',*,*,#4293,.T.);
#6070=ORIENTED_EDGE('',*,*,#4302,.F.);
#6071=ORIENTED_EDGE('',*,*,#4142,.T.);
#6072=ORIENTED_EDGE('',*,*,#4297,.T.);
#6073=ORIENTED_EDGE('',*,*,#4148,.T.);
#6074=ORIENTED_EDGE('',*,*,#4303,.F.);
#6075=ORIENTED_EDGE('',*,*,#4090,.T.);
#6076=ORIENTED_EDGE('',*,*,#4285,.T.);
#6077=ORIENTED_EDGE('',*,*,#4096,.T.);
#6078=ORIENTED_EDGE('',*,*,#4304,.F.);
#6079=ORIENTED_EDGE('',*,*,#4131,.T.);
#6080=ORIENTED_EDGE('',*,*,#4283,.T.);
#6081=ORIENTED_EDGE('',*,*,#4136,.T.);
#6082=ORIENTED_EDGE('',*,*,#4305,.F.);
#6083=ORIENTED_EDGE('',*,*,#4174,.T.);
#6084=ORIENTED_EDGE('',*,*,#4295,.T.);
#6085=ORIENTED_EDGE('',*,*,#4182,.T.);
#6086=ORIENTED_EDGE('',*,*,#4306,.F.);
#6087=ORIENTED_EDGE('',*,*,#4307,.F.);
#6088=ORIENTED_EDGE('',*,*,#4308,.F.);
#6089=ORIENTED_EDGE('',*,*,#4309,.F.);
#6090=ORIENTED_EDGE('',*,*,#4232,.F.);
#6091=ORIENTED_EDGE('',*,*,#4310,.T.);
#6092=ORIENTED_EDGE('',*,*,#4311,.F.);
#6093=ORIENTED_EDGE('',*,*,#4312,.F.);
#6094=ORIENTED_EDGE('',*,*,#4228,.F.);
#6095=ORIENTED_EDGE('',*,*,#4313,.F.);
#6096=ORIENTED_EDGE('',*,*,#4314,.F.);
#6097=ORIENTED_EDGE('',*,*,#4315,.F.);
#6098=ORIENTED_EDGE('',*,*,#4316,.F.);
#6099=ORIENTED_EDGE('',*,*,#4154,.T.);
#6100=ORIENTED_EDGE('',*,*,#4299,.T.);
#6101=ORIENTED_EDGE('',*,*,#4160,.T.);
#6102=ORIENTED_EDGE('',*,*,#4317,.F.);
#6103=ORIENTED_EDGE('',*,*,#4102,.T.);
#6104=ORIENTED_EDGE('',*,*,#4287,.T.);
#6105=ORIENTED_EDGE('',*,*,#4108,.T.);
#6106=ORIENTED_EDGE('',*,*,#4318,.F.);
#6107=ORIENTED_EDGE('',*,*,#4114,.T.);
#6108=ORIENTED_EDGE('',*,*,#4281,.T.);
#6109=ORIENTED_EDGE('',*,*,#4319,.F.);
#6110=ORIENTED_EDGE('',*,*,#4320,.F.);
#6111=ORIENTED_EDGE('',*,*,#4321,.F.);
#6112=ORIENTED_EDGE('',*,*,#4322,.F.);
#6113=ORIENTED_EDGE('',*,*,#4323,.F.);
#6114=ORIENTED_EDGE('',*,*,#4324,.F.);
#6115=ORIENTED_EDGE('',*,*,#4325,.F.);
#6116=ORIENTED_EDGE('',*,*,#4326,.F.);
#6117=ORIENTED_EDGE('',*,*,#4327,.F.);
#6118=ORIENTED_EDGE('',*,*,#4328,.F.);
#6119=ORIENTED_EDGE('',*,*,#4329,.F.);
#6120=ORIENTED_EDGE('',*,*,#4330,.F.);
#6121=ORIENTED_EDGE('',*,*,#4331,.F.);
#6122=ORIENTED_EDGE('',*,*,#4332,.F.);
#6123=ORIENTED_EDGE('',*,*,#4333,.F.);
#6124=ORIENTED_EDGE('',*,*,#4334,.F.);
#6125=ORIENTED_EDGE('',*,*,#4335,.F.);
#6126=ORIENTED_EDGE('',*,*,#4336,.F.);
#6127=ORIENTED_EDGE('',*,*,#4337,.F.);
#6128=ORIENTED_EDGE('',*,*,#4338,.F.);
#6129=ORIENTED_EDGE('',*,*,#4339,.F.);
#6130=ORIENTED_EDGE('',*,*,#4340,.F.);
#6131=ORIENTED_EDGE('',*,*,#4341,.F.);
#6132=ORIENTED_EDGE('',*,*,#4342,.F.);
#6133=ORIENTED_EDGE('',*,*,#4343,.F.);
#6134=ORIENTED_EDGE('',*,*,#4344,.F.);
#6135=ORIENTED_EDGE('',*,*,#4345,.F.);
#6136=ORIENTED_EDGE('',*,*,#4346,.F.);
#6137=ORIENTED_EDGE('',*,*,#4347,.F.);
#6138=ORIENTED_EDGE('',*,*,#4348,.T.);
#6139=ORIENTED_EDGE('',*,*,#4349,.T.);
#6140=ORIENTED_EDGE('',*,*,#4350,.F.);
#6141=ORIENTED_EDGE('',*,*,#4351,.F.);
#6142=ORIENTED_EDGE('',*,*,#4352,.T.);
#6143=ORIENTED_EDGE('',*,*,#4353,.T.);
#6144=ORIENTED_EDGE('',*,*,#4348,.F.);
#6145=ORIENTED_EDGE('',*,*,#4354,.F.);
#6146=ORIENTED_EDGE('',*,*,#4355,.F.);
#6147=ORIENTED_EDGE('',*,*,#4356,.T.);
#6148=ORIENTED_EDGE('',*,*,#4352,.F.);
#6149=ORIENTED_EDGE('',*,*,#4356,.F.);
#6150=ORIENTED_EDGE('',*,*,#4357,.F.);
#6151=ORIENTED_EDGE('',*,*,#4349,.F.);
#6152=ORIENTED_EDGE('',*,*,#4353,.F.);
#6153=ORIENTED_EDGE('',*,*,#4358,.F.);
#6154=ORIENTED_EDGE('',*,*,#4359,.T.);
#6155=ORIENTED_EDGE('',*,*,#4360,.T.);
#6156=ORIENTED_EDGE('',*,*,#4361,.F.);
#6157=ORIENTED_EDGE('',*,*,#4362,.F.);
#6158=ORIENTED_EDGE('',*,*,#4363,.T.);
#6159=ORIENTED_EDGE('',*,*,#4364,.T.);
#6160=ORIENTED_EDGE('',*,*,#4359,.F.);
#6161=ORIENTED_EDGE('',*,*,#4365,.F.);
#6162=ORIENTED_EDGE('',*,*,#4366,.F.);
#6163=ORIENTED_EDGE('',*,*,#4367,.T.);
#6164=ORIENTED_EDGE('',*,*,#4363,.F.);
#6165=ORIENTED_EDGE('',*,*,#4367,.F.);
#6166=ORIENTED_EDGE('',*,*,#4368,.F.);
#6167=ORIENTED_EDGE('',*,*,#4360,.F.);
#6168=ORIENTED_EDGE('',*,*,#4364,.F.);
#6169=ORIENTED_EDGE('',*,*,#4369,.F.);
#6170=ORIENTED_EDGE('',*,*,#4370,.T.);
#6171=ORIENTED_EDGE('',*,*,#4371,.T.);
#6172=ORIENTED_EDGE('',*,*,#4372,.F.);
#6173=ORIENTED_EDGE('',*,*,#4373,.F.);
#6174=ORIENTED_EDGE('',*,*,#4374,.T.);
#6175=ORIENTED_EDGE('',*,*,#4375,.T.);
#6176=ORIENTED_EDGE('',*,*,#4370,.F.);
#6177=ORIENTED_EDGE('',*,*,#4376,.F.);
#6178=ORIENTED_EDGE('',*,*,#4377,.F.);
#6179=ORIENTED_EDGE('',*,*,#4378,.T.);
#6180=ORIENTED_EDGE('',*,*,#4374,.F.);
#6181=ORIENTED_EDGE('',*,*,#4378,.F.);
#6182=ORIENTED_EDGE('',*,*,#4379,.F.);
#6183=ORIENTED_EDGE('',*,*,#4371,.F.);
#6184=ORIENTED_EDGE('',*,*,#4375,.F.);
#6185=ORIENTED_EDGE('',*,*,#4380,.F.);
#6186=ORIENTED_EDGE('',*,*,#4381,.T.);
#6187=ORIENTED_EDGE('',*,*,#4382,.T.);
#6188=ORIENTED_EDGE('',*,*,#4383,.F.);
#6189=ORIENTED_EDGE('',*,*,#4384,.F.);
#6190=ORIENTED_EDGE('',*,*,#4385,.T.);
#6191=ORIENTED_EDGE('',*,*,#4386,.T.);
#6192=ORIENTED_EDGE('',*,*,#4381,.F.);
#6193=ORIENTED_EDGE('',*,*,#4387,.F.);
#6194=ORIENTED_EDGE('',*,*,#4388,.F.);
#6195=ORIENTED_EDGE('',*,*,#4389,.T.);
#6196=ORIENTED_EDGE('',*,*,#4385,.F.);
#6197=ORIENTED_EDGE('',*,*,#4389,.F.);
#6198=ORIENTED_EDGE('',*,*,#4390,.F.);
#6199=ORIENTED_EDGE('',*,*,#4382,.F.);
#6200=ORIENTED_EDGE('',*,*,#4386,.F.);
#6201=ORIENTED_EDGE('',*,*,#4391,.F.);
#6202=ORIENTED_EDGE('',*,*,#4392,.T.);
#6203=ORIENTED_EDGE('',*,*,#4393,.T.);
#6204=ORIENTED_EDGE('',*,*,#4394,.F.);
#6205=ORIENTED_EDGE('',*,*,#4395,.F.);
#6206=ORIENTED_EDGE('',*,*,#4396,.T.);
#6207=ORIENTED_EDGE('',*,*,#4397,.T.);
#6208=ORIENTED_EDGE('',*,*,#4392,.F.);
#6209=ORIENTED_EDGE('',*,*,#4398,.F.);
#6210=ORIENTED_EDGE('',*,*,#4399,.F.);
#6211=ORIENTED_EDGE('',*,*,#4400,.T.);
#6212=ORIENTED_EDGE('',*,*,#4396,.F.);
#6213=ORIENTED_EDGE('',*,*,#4400,.F.);
#6214=ORIENTED_EDGE('',*,*,#4401,.F.);
#6215=ORIENTED_EDGE('',*,*,#4393,.F.);
#6216=ORIENTED_EDGE('',*,*,#4397,.F.);
#6217=ORIENTED_EDGE('',*,*,#4402,.F.);
#6218=ORIENTED_EDGE('',*,*,#4403,.T.);
#6219=ORIENTED_EDGE('',*,*,#4404,.T.);
#6220=ORIENTED_EDGE('',*,*,#4405,.F.);
#6221=ORIENTED_EDGE('',*,*,#4406,.F.);
#6222=ORIENTED_EDGE('',*,*,#4407,.T.);
#6223=ORIENTED_EDGE('',*,*,#4408,.T.);
#6224=ORIENTED_EDGE('',*,*,#4403,.F.);
#6225=ORIENTED_EDGE('',*,*,#4409,.F.);
#6226=ORIENTED_EDGE('',*,*,#4410,.F.);
#6227=ORIENTED_EDGE('',*,*,#4411,.T.);
#6228=ORIENTED_EDGE('',*,*,#4407,.F.);
#6229=ORIENTED_EDGE('',*,*,#4411,.F.);
#6230=ORIENTED_EDGE('',*,*,#4412,.F.);
#6231=ORIENTED_EDGE('',*,*,#4404,.F.);
#6232=ORIENTED_EDGE('',*,*,#4408,.F.);
#6233=ORIENTED_EDGE('',*,*,#4413,.F.);
#6234=ORIENTED_EDGE('',*,*,#4414,.T.);
#6235=ORIENTED_EDGE('',*,*,#4415,.T.);
#6236=ORIENTED_EDGE('',*,*,#4416,.F.);
#6237=ORIENTED_EDGE('',*,*,#4417,.F.);
#6238=ORIENTED_EDGE('',*,*,#4418,.T.);
#6239=ORIENTED_EDGE('',*,*,#4419,.T.);
#6240=ORIENTED_EDGE('',*,*,#4414,.F.);
#6241=ORIENTED_EDGE('',*,*,#4420,.F.);
#6242=ORIENTED_EDGE('',*,*,#4421,.F.);
#6243=ORIENTED_EDGE('',*,*,#4422,.T.);
#6244=ORIENTED_EDGE('',*,*,#4418,.F.);
#6245=ORIENTED_EDGE('',*,*,#4422,.F.);
#6246=ORIENTED_EDGE('',*,*,#4423,.F.);
#6247=ORIENTED_EDGE('',*,*,#4415,.F.);
#6248=ORIENTED_EDGE('',*,*,#4419,.F.);
#6249=ORIENTED_EDGE('',*,*,#4424,.F.);
#6250=ORIENTED_EDGE('',*,*,#4425,.T.);
#6251=ORIENTED_EDGE('',*,*,#4426,.T.);
#6252=ORIENTED_EDGE('',*,*,#4427,.F.);
#6253=ORIENTED_EDGE('',*,*,#4428,.F.);
#6254=ORIENTED_EDGE('',*,*,#4429,.T.);
#6255=ORIENTED_EDGE('',*,*,#4430,.T.);
#6256=ORIENTED_EDGE('',*,*,#4425,.F.);
#6257=ORIENTED_EDGE('',*,*,#4431,.F.);
#6258=ORIENTED_EDGE('',*,*,#4432,.F.);
#6259=ORIENTED_EDGE('',*,*,#4433,.T.);
#6260=ORIENTED_EDGE('',*,*,#4429,.F.);
#6261=ORIENTED_EDGE('',*,*,#4433,.F.);
#6262=ORIENTED_EDGE('',*,*,#4434,.F.);
#6263=ORIENTED_EDGE('',*,*,#4426,.F.);
#6264=ORIENTED_EDGE('',*,*,#4430,.F.);
#6265=ORIENTED_EDGE('',*,*,#4354,.T.);
#6266=ORIENTED_EDGE('',*,*,#4351,.T.);
#6267=ORIENTED_EDGE('',*,*,#4347,.T.);
#6268=ORIENTED_EDGE('',*,*,#4435,.T.);
#6269=ORIENTED_EDGE('',*,*,#4387,.T.);
#6270=ORIENTED_EDGE('',*,*,#4384,.T.);
#6271=ORIENTED_EDGE('',*,*,#4380,.T.);
#6272=ORIENTED_EDGE('',*,*,#4436,.T.);
#6273=ORIENTED_EDGE('',*,*,#4431,.T.);
#6274=ORIENTED_EDGE('',*,*,#4428,.T.);
#6275=ORIENTED_EDGE('',*,*,#4424,.T.);
#6276=ORIENTED_EDGE('',*,*,#4437,.T.);
#6277=ORIENTED_EDGE('',*,*,#4438,.T.);
#6278=ORIENTED_EDGE('',*,*,#4439,.T.);
#6279=ORIENTED_EDGE('',*,*,#4440,.T.);
#6280=ORIENTED_EDGE('',*,*,#4226,.T.);
#6281=ORIENTED_EDGE('',*,*,#4202,.T.);
#6282=ORIENTED_EDGE('',*,*,#4210,.T.);
#6283=ORIENTED_EDGE('',*,*,#4441,.T.);
#6284=ORIENTED_EDGE('',*,*,#4442,.T.);
#6285=ORIENTED_EDGE('',*,*,#4443,.T.);
#6286=ORIENTED_EDGE('',*,*,#4206,.T.);
#6287=ORIENTED_EDGE('',*,*,#4214,.T.);
#6288=ORIENTED_EDGE('',*,*,#4234,.T.);
#6289=ORIENTED_EDGE('',*,*,#4444,.T.);
#6290=ORIENTED_EDGE('',*,*,#4445,.T.);
#6291=ORIENTED_EDGE('',*,*,#4446,.T.);
#6292=ORIENTED_EDGE('',*,*,#4447,.T.);
#6293=ORIENTED_EDGE('',*,*,#4409,.T.);
#6294=ORIENTED_EDGE('',*,*,#4406,.T.);
#6295=ORIENTED_EDGE('',*,*,#4402,.T.);
#6296=ORIENTED_EDGE('',*,*,#4448,.T.);
#6297=ORIENTED_EDGE('',*,*,#4365,.T.);
#6298=ORIENTED_EDGE('',*,*,#4362,.T.);
#6299=ORIENTED_EDGE('',*,*,#4358,.T.);
#6300=ORIENTED_EDGE('',*,*,#4449,.T.);
#6301=ORIENTED_EDGE('',*,*,#4376,.T.);
#6302=ORIENTED_EDGE('',*,*,#4373,.T.);
#6303=ORIENTED_EDGE('',*,*,#4369,.T.);
#6304=ORIENTED_EDGE('',*,*,#4450,.T.);
#6305=ORIENTED_EDGE('',*,*,#4420,.T.);
#6306=ORIENTED_EDGE('',*,*,#4417,.T.);
#6307=ORIENTED_EDGE('',*,*,#4413,.T.);
#6308=ORIENTED_EDGE('',*,*,#4451,.T.);
#6309=ORIENTED_EDGE('',*,*,#4398,.T.);
#6310=ORIENTED_EDGE('',*,*,#4395,.T.);
#6311=ORIENTED_EDGE('',*,*,#4391,.T.);
#6312=ORIENTED_EDGE('',*,*,#4452,.T.);
#6313=ORIENTED_EDGE('',*,*,#4444,.F.);
#6314=ORIENTED_EDGE('',*,*,#4233,.F.);
#6315=ORIENTED_EDGE('',*,*,#4309,.T.);
#6316=ORIENTED_EDGE('',*,*,#4453,.F.);
#6317=ORIENTED_EDGE('',*,*,#4454,.F.);
#6318=ORIENTED_EDGE('',*,*,#4455,.F.);
#6319=ORIENTED_EDGE('',*,*,#4343,.T.);
#6320=ORIENTED_EDGE('',*,*,#4456,.F.);
#6321=ORIENTED_EDGE('',*,*,#4457,.F.);
#6322=ORIENTED_EDGE('',*,*,#4458,.F.);
#6323=ORIENTED_EDGE('',*,*,#4345,.T.);
#6324=ORIENTED_EDGE('',*,*,#4459,.F.);
#6325=ORIENTED_EDGE('',*,*,#4460,.F.);
#6326=ORIENTED_EDGE('',*,*,#4461,.F.);
#6327=ORIENTED_EDGE('',*,*,#4331,.T.);
#6328=ORIENTED_EDGE('',*,*,#4462,.F.);
#6329=ORIENTED_EDGE('',*,*,#4463,.F.);
#6330=ORIENTED_EDGE('',*,*,#4464,.F.);
#6331=ORIENTED_EDGE('',*,*,#4342,.T.);
#6332=ORIENTED_EDGE('',*,*,#4465,.F.);
#6333=ORIENTED_EDGE('',*,*,#4466,.F.);
#6334=ORIENTED_EDGE('',*,*,#4467,.F.);
#6335=ORIENTED_EDGE('',*,*,#4319,.T.);
#6336=ORIENTED_EDGE('',*,*,#4468,.F.);
#6337=ORIENTED_EDGE('',*,*,#4469,.F.);
#6338=ORIENTED_EDGE('',*,*,#4470,.F.);
#6339=ORIENTED_EDGE('',*,*,#4338,.T.);
#6340=ORIENTED_EDGE('',*,*,#4471,.F.);
#6341=ORIENTED_EDGE('',*,*,#4440,.F.);
#6342=ORIENTED_EDGE('',*,*,#4472,.F.);
#6343=ORIENTED_EDGE('',*,*,#4313,.T.);
#6344=ORIENTED_EDGE('',*,*,#4227,.F.);
#6345=ORIENTED_EDGE('',*,*,#4473,.F.);
#6346=ORIENTED_EDGE('',*,*,#4474,.F.);
#6347=ORIENTED_EDGE('',*,*,#4333,.T.);
#6348=ORIENTED_EDGE('',*,*,#4475,.F.);
#6349=ORIENTED_EDGE('',*,*,#4476,.F.);
#6350=ORIENTED_EDGE('',*,*,#4477,.F.);
#6351=ORIENTED_EDGE('',*,*,#4327,.T.);
#6352=ORIENTED_EDGE('',*,*,#4478,.F.);
#6353=ORIENTED_EDGE('',*,*,#4479,.F.);
#6354=ORIENTED_EDGE('',*,*,#4480,.F.);
#6355=ORIENTED_EDGE('',*,*,#4329,.T.);
#6356=ORIENTED_EDGE('',*,*,#4481,.F.);
#6357=ORIENTED_EDGE('',*,*,#4482,.F.);
#6358=ORIENTED_EDGE('',*,*,#4483,.F.);
#6359=ORIENTED_EDGE('',*,*,#4323,.T.);
#6360=ORIENTED_EDGE('',*,*,#4484,.F.);
#6361=ORIENTED_EDGE('',*,*,#4485,.F.);
#6362=ORIENTED_EDGE('',*,*,#4486,.F.);
#6363=ORIENTED_EDGE('',*,*,#4325,.T.);
#6364=ORIENTED_EDGE('',*,*,#4487,.F.);
#6365=ORIENTED_EDGE('',*,*,#4488,.F.);
#6366=ORIENTED_EDGE('',*,*,#4489,.F.);
#6367=ORIENTED_EDGE('',*,*,#4340,.T.);
#6368=ORIENTED_EDGE('',*,*,#4490,.F.);
#6369=ORIENTED_EDGE('',*,*,#4491,.F.);
#6370=ORIENTED_EDGE('',*,*,#4492,.F.);
#6371=ORIENTED_EDGE('',*,*,#4321,.T.);
#6372=ORIENTED_EDGE('',*,*,#4493,.F.);
#6373=ORIENTED_EDGE('',*,*,#4494,.F.);
#6374=ORIENTED_EDGE('',*,*,#4495,.F.);
#6375=ORIENTED_EDGE('',*,*,#4336,.T.);
#6376=ORIENTED_EDGE('',*,*,#4496,.F.);
#6377=ORIENTED_EDGE('',*,*,#4470,.T.);
#6378=ORIENTED_EDGE('',*,*,#4497,.F.);
#6379=ORIENTED_EDGE('',*,*,#4496,.T.);
#6380=ORIENTED_EDGE('',*,*,#4335,.T.);
#6381=ORIENTED_EDGE('',*,*,#4464,.T.);
#6382=ORIENTED_EDGE('',*,*,#4498,.F.);
#6383=ORIENTED_EDGE('',*,*,#4490,.T.);
#6384=ORIENTED_EDGE('',*,*,#4339,.T.);
#6385=ORIENTED_EDGE('',*,*,#4484,.T.);
#6386=ORIENTED_EDGE('',*,*,#4326,.T.);
#6387=ORIENTED_EDGE('',*,*,#4486,.T.);
#6388=ORIENTED_EDGE('',*,*,#4499,.F.);
#6389=ORIENTED_EDGE('',*,*,#4478,.T.);
#6390=ORIENTED_EDGE('',*,*,#4330,.T.);
#6391=ORIENTED_EDGE('',*,*,#4480,.T.);
#6392=ORIENTED_EDGE('',*,*,#4500,.F.);
#6393=ORIENTED_EDGE('',*,*,#4468,.T.);
#6394=ORIENTED_EDGE('',*,*,#4322,.T.);
#6395=ORIENTED_EDGE('',*,*,#4492,.T.);
#6396=ORIENTED_EDGE('',*,*,#4501,.F.);
#6397=ORIENTED_EDGE('',*,*,#4462,.T.);
#6398=ORIENTED_EDGE('',*,*,#4334,.T.);
#6399=ORIENTED_EDGE('',*,*,#4474,.T.);
#6400=ORIENTED_EDGE('',*,*,#4502,.F.);
#6401=ORIENTED_EDGE('',*,*,#4456,.T.);
#6402=ORIENTED_EDGE('',*,*,#4346,.T.);
#6403=ORIENTED_EDGE('',*,*,#4458,.T.);
#6404=ORIENTED_EDGE('',*,*,#4503,.F.);
#6405=ORIENTED_EDGE('',*,*,#4469,.T.);
#6406=ORIENTED_EDGE('',*,*,#4504,.T.);
#6407=ORIENTED_EDGE('',*,*,#4494,.T.);
#6408=ORIENTED_EDGE('',*,*,#4497,.T.);
#6409=ORIENTED_EDGE('',*,*,#4463,.T.);
#6410=ORIENTED_EDGE('',*,*,#4505,.T.);
#6411=ORIENTED_EDGE('',*,*,#4488,.T.);
#6412=ORIENTED_EDGE('',*,*,#4498,.T.);
#6413=ORIENTED_EDGE('',*,*,#4482,.T.);
#6414=ORIENTED_EDGE('',*,*,#4499,.T.);
#6415=ORIENTED_EDGE('',*,*,#4485,.T.);
#6416=ORIENTED_EDGE('',*,*,#4506,.T.);
#6417=ORIENTED_EDGE('',*,*,#4476,.T.);
#6418=ORIENTED_EDGE('',*,*,#4500,.T.);
#6419=ORIENTED_EDGE('',*,*,#4479,.T.);
#6420=ORIENTED_EDGE('',*,*,#4507,.T.);
#6421=ORIENTED_EDGE('',*,*,#4466,.T.);
#6422=ORIENTED_EDGE('',*,*,#4501,.T.);
#6423=ORIENTED_EDGE('',*,*,#4491,.T.);
#6424=ORIENTED_EDGE('',*,*,#4508,.T.);
#6425=ORIENTED_EDGE('',*,*,#4460,.T.);
#6426=ORIENTED_EDGE('',*,*,#4502,.T.);
#6427=ORIENTED_EDGE('',*,*,#4473,.T.);
#6428=ORIENTED_EDGE('',*,*,#4509,.T.);
#6429=ORIENTED_EDGE('',*,*,#4454,.T.);
#6430=ORIENTED_EDGE('',*,*,#4503,.T.);
#6431=ORIENTED_EDGE('',*,*,#4457,.T.);
#6432=ORIENTED_EDGE('',*,*,#4510,.T.);
#6433=ORIENTED_EDGE('',*,*,#4453,.T.);
#6434=ORIENTED_EDGE('',*,*,#4308,.T.);
#6435=ORIENTED_EDGE('',*,*,#4511,.F.);
#6436=ORIENTED_EDGE('',*,*,#4445,.F.);
#6437=ORIENTED_EDGE('',*,*,#4471,.T.);
#6438=ORIENTED_EDGE('',*,*,#4337,.T.);
#6439=ORIENTED_EDGE('',*,*,#4495,.T.);
#6440=ORIENTED_EDGE('',*,*,#4504,.F.);
#6441=ORIENTED_EDGE('',*,*,#4465,.T.);
#6442=ORIENTED_EDGE('',*,*,#4341,.T.);
#6443=ORIENTED_EDGE('',*,*,#4489,.T.);
#6444=ORIENTED_EDGE('',*,*,#4505,.F.);
#6445=ORIENTED_EDGE('',*,*,#4483,.T.);
#6446=ORIENTED_EDGE('',*,*,#4506,.F.);
#6447=ORIENTED_EDGE('',*,*,#4487,.T.);
#6448=ORIENTED_EDGE('',*,*,#4324,.T.);
#6449=ORIENTED_EDGE('',*,*,#4477,.T.);
#6450=ORIENTED_EDGE('',*,*,#4507,.F.);
#6451=ORIENTED_EDGE('',*,*,#4481,.T.);
#6452=ORIENTED_EDGE('',*,*,#4328,.T.);
#6453=ORIENTED_EDGE('',*,*,#4472,.T.);
#6454=ORIENTED_EDGE('',*,*,#4439,.F.);
#6455=ORIENTED_EDGE('',*,*,#4512,.T.);
#6456=ORIENTED_EDGE('',*,*,#4314,.T.);
#6457=ORIENTED_EDGE('',*,*,#4467,.T.);
#6458=ORIENTED_EDGE('',*,*,#4508,.F.);
#6459=ORIENTED_EDGE('',*,*,#4493,.T.);
#6460=ORIENTED_EDGE('',*,*,#4320,.T.);
#6461=ORIENTED_EDGE('',*,*,#4461,.T.);
#6462=ORIENTED_EDGE('',*,*,#4509,.F.);
#6463=ORIENTED_EDGE('',*,*,#4475,.T.);
#6464=ORIENTED_EDGE('',*,*,#4332,.T.);
#6465=ORIENTED_EDGE('',*,*,#4455,.T.);
#6466=ORIENTED_EDGE('',*,*,#4510,.F.);
#6467=ORIENTED_EDGE('',*,*,#4459,.T.);
#6468=ORIENTED_EDGE('',*,*,#4344,.T.);
#6469=ORIENTED_EDGE('',*,*,#4438,.F.);
#6470=ORIENTED_EDGE('',*,*,#4513,.T.);
#6471=ORIENTED_EDGE('',*,*,#4315,.T.);
#6472=ORIENTED_EDGE('',*,*,#4512,.F.);
#6473=ORIENTED_EDGE('',*,*,#4355,.T.);
#6474=ORIENTED_EDGE('',*,*,#4452,.F.);
#6475=ORIENTED_EDGE('',*,*,#4394,.T.);
#6476=ORIENTED_EDGE('',*,*,#4401,.T.);
#6477=ORIENTED_EDGE('',*,*,#4399,.T.);
#6478=ORIENTED_EDGE('',*,*,#4451,.F.);
#6479=ORIENTED_EDGE('',*,*,#4416,.T.);
#6480=ORIENTED_EDGE('',*,*,#4423,.T.);
#6481=ORIENTED_EDGE('',*,*,#4421,.T.);
#6482=ORIENTED_EDGE('',*,*,#4450,.F.);
#6483=ORIENTED_EDGE('',*,*,#4372,.T.);
#6484=ORIENTED_EDGE('',*,*,#4379,.T.);
#6485=ORIENTED_EDGE('',*,*,#4377,.T.);
#6486=ORIENTED_EDGE('',*,*,#4449,.F.);
#6487=ORIENTED_EDGE('',*,*,#4361,.T.);
#6488=ORIENTED_EDGE('',*,*,#4368,.T.);
#6489=ORIENTED_EDGE('',*,*,#4366,.T.);
#6490=ORIENTED_EDGE('',*,*,#4448,.F.);
#6491=ORIENTED_EDGE('',*,*,#4405,.T.);
#6492=ORIENTED_EDGE('',*,*,#4412,.T.);
#6493=ORIENTED_EDGE('',*,*,#4410,.T.);
#6494=ORIENTED_EDGE('',*,*,#4447,.F.);
#6495=ORIENTED_EDGE('',*,*,#4514,.T.);
#6496=ORIENTED_EDGE('',*,*,#4306,.T.);
#6497=ORIENTED_EDGE('',*,*,#4181,.T.);
#6498=ORIENTED_EDGE('',*,*,#4515,.F.);
#6499=ORIENTED_EDGE('',*,*,#4175,.F.);
#6500=ORIENTED_EDGE('',*,*,#4305,.T.);
#6501=ORIENTED_EDGE('',*,*,#4135,.T.);
#6502=ORIENTED_EDGE('',*,*,#4516,.F.);
#6503=ORIENTED_EDGE('',*,*,#4132,.F.);
#6504=ORIENTED_EDGE('',*,*,#4304,.T.);
#6505=ORIENTED_EDGE('',*,*,#4095,.T.);
#6506=ORIENTED_EDGE('',*,*,#4517,.F.);
#6507=ORIENTED_EDGE('',*,*,#4091,.F.);
#6508=ORIENTED_EDGE('',*,*,#4303,.T.);
#6509=ORIENTED_EDGE('',*,*,#4147,.T.);
#6510=ORIENTED_EDGE('',*,*,#4518,.F.);
#6511=ORIENTED_EDGE('',*,*,#4143,.F.);
#6512=ORIENTED_EDGE('',*,*,#4302,.T.);
#6513=ORIENTED_EDGE('',*,*,#4292,.T.);
#6514=ORIENTED_EDGE('',*,*,#4519,.F.);
#6515=ORIENTED_EDGE('',*,*,#4167,.F.);
#6516=ORIENTED_EDGE('',*,*,#4301,.T.);
#6517=ORIENTED_EDGE('',*,*,#4121,.T.);
#6518=ORIENTED_EDGE('',*,*,#4520,.F.);
#6519=ORIENTED_EDGE('',*,*,#4115,.F.);
#6520=ORIENTED_EDGE('',*,*,#4318,.T.);
#6521=ORIENTED_EDGE('',*,*,#4107,.T.);
#6522=ORIENTED_EDGE('',*,*,#4521,.F.);
#6523=ORIENTED_EDGE('',*,*,#4103,.F.);
#6524=ORIENTED_EDGE('',*,*,#4317,.T.);
#6525=ORIENTED_EDGE('',*,*,#4159,.T.);
#6526=ORIENTED_EDGE('',*,*,#4522,.F.);
#6527=ORIENTED_EDGE('',*,*,#4155,.F.);
#6528=ORIENTED_EDGE('',*,*,#4316,.T.);
#6529=ORIENTED_EDGE('',*,*,#4513,.F.);
#6530=ORIENTED_EDGE('',*,*,#4437,.F.);
#6531=ORIENTED_EDGE('',*,*,#4427,.T.);
#6532=ORIENTED_EDGE('',*,*,#4434,.T.);
#6533=ORIENTED_EDGE('',*,*,#4432,.T.);
#6534=ORIENTED_EDGE('',*,*,#4436,.F.);
#6535=ORIENTED_EDGE('',*,*,#4383,.T.);
#6536=ORIENTED_EDGE('',*,*,#4390,.T.);
#6537=ORIENTED_EDGE('',*,*,#4388,.T.);
#6538=ORIENTED_EDGE('',*,*,#4435,.F.);
#6539=ORIENTED_EDGE('',*,*,#4350,.T.);
#6540=ORIENTED_EDGE('',*,*,#4357,.T.);
#6541=ORIENTED_EDGE('',*,*,#4446,.F.);
#6542=ORIENTED_EDGE('',*,*,#4511,.T.);
#6543=ORIENTED_EDGE('',*,*,#4307,.T.);
#6544=ORIENTED_EDGE('',*,*,#4514,.F.);
#6545=ORIENTED_EDGE('',*,*,#4441,.F.);
#6546=ORIENTED_EDGE('',*,*,#4209,.F.);
#6547=ORIENTED_EDGE('',*,*,#4523,.T.);
#6548=ORIENTED_EDGE('',*,*,#4524,.F.);
#6549=ORIENTED_EDGE('',*,*,#4443,.F.);
#6550=ORIENTED_EDGE('',*,*,#4525,.T.);
#6551=ORIENTED_EDGE('',*,*,#4526,.T.);
#6552=ORIENTED_EDGE('',*,*,#4207,.F.);
#6553=ORIENTED_EDGE('',*,*,#4442,.F.);
#6554=ORIENTED_EDGE('',*,*,#4524,.T.);
#6555=ORIENTED_EDGE('',*,*,#4527,.T.);
#6556=ORIENTED_EDGE('',*,*,#4525,.F.);
#6557=ORIENTED_EDGE('',*,*,#4527,.F.);
#6558=ORIENTED_EDGE('',*,*,#4523,.F.);
#6559=ORIENTED_EDGE('',*,*,#4208,.F.);
#6560=ORIENTED_EDGE('',*,*,#4526,.F.);
#6561=ORIENTED_EDGE('',*,*,#4229,.F.);
#6562=ORIENTED_EDGE('',*,*,#4312,.T.);
#6563=ORIENTED_EDGE('',*,*,#4528,.F.);
#6564=ORIENTED_EDGE('',*,*,#4529,.F.);
#6565=ORIENTED_EDGE('',*,*,#4230,.F.);
#6566=ORIENTED_EDGE('',*,*,#4529,.T.);
#6567=ORIENTED_EDGE('',*,*,#4530,.F.);
#6568=ORIENTED_EDGE('',*,*,#4531,.F.);
#6569=ORIENTED_EDGE('',*,*,#4231,.F.);
#6570=ORIENTED_EDGE('',*,*,#4531,.T.);
#6571=ORIENTED_EDGE('',*,*,#4532,.F.);
#6572=ORIENTED_EDGE('',*,*,#4310,.F.);
#6573=ORIENTED_EDGE('',*,*,#4311,.T.);
#6574=ORIENTED_EDGE('',*,*,#4532,.T.);
#6575=ORIENTED_EDGE('',*,*,#4530,.T.);
#6576=ORIENTED_EDGE('',*,*,#4528,.T.);
#6577=ORIENTED_EDGE('',*,*,#4220,.F.);
#6578=ORIENTED_EDGE('',*,*,#4187,.T.);
#6579=ORIENTED_EDGE('',*,*,#4246,.T.);
#6580=ORIENTED_EDGE('',*,*,#4249,.T.);
#6581=ORIENTED_EDGE('',*,*,#4252,.T.);
#6582=ORIENTED_EDGE('',*,*,#4268,.T.);
#6583=ORIENTED_EDGE('',*,*,#4225,.F.);
#6584=ORIENTED_EDGE('',*,*,#4222,.F.);
#6585=ORIENTED_EDGE('',*,*,#4192,.F.);
#6586=ORIENTED_EDGE('',*,*,#4218,.F.);
#6587=ORIENTED_EDGE('',*,*,#4267,.T.);
#6588=ORIENTED_EDGE('',*,*,#4522,.T.);
#6589=ORIENTED_EDGE('',*,*,#4270,.T.);
#6590=ORIENTED_EDGE('',*,*,#4521,.T.);
#6591=ORIENTED_EDGE('',*,*,#4118,.T.);
#6592=ORIENTED_EDGE('',*,*,#4520,.T.);
#6593=ORIENTED_EDGE('',*,*,#4170,.T.);
#6594=ORIENTED_EDGE('',*,*,#4519,.T.);
#6595=ORIENTED_EDGE('',*,*,#4278,.T.);
#6596=ORIENTED_EDGE('',*,*,#4518,.T.);
#6597=ORIENTED_EDGE('',*,*,#4280,.T.);
#6598=ORIENTED_EDGE('',*,*,#4517,.T.);
#6599=ORIENTED_EDGE('',*,*,#4127,.T.);
#6600=ORIENTED_EDGE('',*,*,#4516,.T.);
#6601=ORIENTED_EDGE('',*,*,#4178,.T.);
#6602=ORIENTED_EDGE('',*,*,#4515,.T.);
#6603=ORIENTED_EDGE('',*,*,#4189,.T.);
#6604=ORIENTED_EDGE('',*,*,#4215,.F.);
#6605=ORIENTED_EDGE('',*,*,#4197,.F.);
#6606=ORIENTED_EDGE('',*,*,#4195,.F.);
#6607=PLANE('',#7315);
#6608=PLANE('',#7317);
#6609=PLANE('',#7318);
#6610=PLANE('',#7319);
#6611=PLANE('',#7320);
#6612=PLANE('',#7321);
#6613=PLANE('',#7322);
#6614=PLANE('',#7323);
#6615=PLANE('',#7324);
#6616=PLANE('',#7325);
#6617=PLANE('',#7326);
#6618=PLANE('',#7327);
#6619=PLANE('',#7328);
#6620=PLANE('',#7329);
#6621=PLANE('',#7332);
#6622=PLANE('',#7333);
#6623=PLANE('',#7343);
#6624=PLANE('',#7346);
#6625=PLANE('',#7351);
#6626=PLANE('',#7352);
#6627=PLANE('',#7353);
#6628=PLANE('',#7360);
#6629=PLANE('',#7363);
#6630=PLANE('',#7367);
#6631=PLANE('',#7369);
#6632=PLANE('',#7372);
#6633=PLANE('',#7375);
#6634=PLANE('',#7376);
#6635=PLANE('',#7383);
#6636=PLANE('',#7386);
#6637=PLANE('',#7388);
#6638=PLANE('',#7390);
#6639=PLANE('',#7392);
#6640=PLANE('',#7399);
#6641=PLANE('',#7409);
#6642=PLANE('',#7415);
#6643=PLANE('',#7430);
#6644=PLANE('',#7434);
#6645=PLANE('',#7438);
#6646=PLANE('',#7440);
#6647=PLANE('',#7449);
#6648=PLANE('',#7450);
#6649=PLANE('',#7458);
#6650=PLANE('',#7461);
#6651=PLANE('',#7462);
#6652=PLANE('',#7470);
#6653=PLANE('',#7474);
#6654=PLANE('',#7478);
#6655=PLANE('',#7482);
#6656=PLANE('',#7484);
#6657=PLANE('',#7486);
#6658=PLANE('',#7489);
#6659=PLANE('',#7490);
#6660=PLANE('',#7491);
#6661=PLANE('',#7494);
#6662=PLANE('',#7499);
#6663=PLANE('',#7502);
#6664=PLANE('',#7503);
#6665=PLANE('',#7507);
#6666=PLANE('',#7512);
#6667=PLANE('',#7517);
#6668=PLANE('',#7521);
#6669=PLANE('',#7524);
#6670=PLANE('',#7528);
#6671=PLANE('',#7529);
#6672=PLANE('',#7530);
#6673=PLANE('',#7535);
#6674=PLANE('',#7538);
#6675=PLANE('',#7539);
#6676=PLANE('',#7541);
#6677=PLANE('',#7545);
#6678=PLANE('',#7546);
#6679=PLANE('',#7548);
#6680=PLANE('',#7551);
#6681=PLANE('',#7552);
#6682=PLANE('',#7555);
#6683=PLANE('',#7561);
#6684=PLANE('',#7568);
#6685=PLANE('',#7571);
#6686=PLANE('',#7574);
#6687=PLANE('',#7577);
#6688=PLANE('',#7580);
#6689=PLANE('',#7583);
#6690=PLANE('',#7584);
#6691=PLANE('',#7587);
#6692=PLANE('',#7588);
#6693=PLANE('',#7592);
#6694=PLANE('',#7594);
#6695=PLANE('',#7597);
#6696=PLANE('',#7601);
#6697=PLANE('',#7604);
#6698=PLANE('',#7607);
#6699=PLANE('',#7608);
#6700=PLANE('',#7611);
#6701=PLANE('',#7614);
#6702=PLANE('',#7616);
#6703=PLANE('',#7621);
#6704=PLANE('',#7633);
#6705=PLANE('',#7635);
#6706=PLANE('',#7637);
#6707=PLANE('',#7640);
#6708=PLANE('',#7642);
#6709=PLANE('',#7643);
#6710=PLANE('',#7644);
#6711=PLANE('',#7647);
#6712=PLANE('',#7649);
#6713=PLANE('',#7650);
#6714=PLANE('',#7653);
#6715=PLANE('',#7655);
#6716=PLANE('',#7657);
#6717=PLANE('',#7659);
#6718=PLANE('',#7663);
#6719=PLANE('',#7664);
#6720=PLANE('',#7665);
#6721=PLANE('',#7668);
#6722=PLANE('',#7669);
#6723=PLANE('',#7670);
#6724=PLANE('',#7671);
#6725=PLANE('',#7672);
#6726=PLANE('',#7673);
#6727=PLANE('',#7674);
#6728=PLANE('',#7675);
#6729=PLANE('',#7676);
#6730=PLANE('',#7677);
#6731=PLANE('',#7678);
#6732=PLANE('',#7679);
#6733=PLANE('',#7680);
#6734=PLANE('',#7681);
#6735=PLANE('',#7682);
#6736=PLANE('',#7683);
#6737=PLANE('',#7684);
#6738=PLANE('',#7685);
#6739=PLANE('',#7686);
#6740=PLANE('',#7687);
#6741=PLANE('',#7688);
#6742=PLANE('',#7689);
#6743=PLANE('',#7690);
#6744=PLANE('',#7691);
#6745=PLANE('',#7692);
#6746=PLANE('',#7693);
#6747=PLANE('',#7694);
#6748=PLANE('',#7695);
#6749=PLANE('',#7696);
#6750=PLANE('',#7697);
#6751=PLANE('',#7698);
#6752=PLANE('',#7699);
#6753=PLANE('',#7700);
#6754=PLANE('',#7701);
#6755=PLANE('',#7702);
#6756=PLANE('',#7703);
#6757=PLANE('',#7704);
#6758=PLANE('',#7705);
#6759=PLANE('',#7706);
#6760=PLANE('',#7707);
#6761=PLANE('',#7708);
#6762=PLANE('',#7709);
#6763=PLANE('',#7710);
#6764=PLANE('',#7711);
#6765=PLANE('',#7712);
#6766=PLANE('',#7713);
#6767=PLANE('',#7714);
#6768=PLANE('',#7715);
#6769=PLANE('',#7716);
#6770=PLANE('',#7717);
#6771=PLANE('',#7718);
#6772=PLANE('',#7719);
#6773=PLANE('',#7725);
#6774=PLANE('',#7726);
#6775=PLANE('',#7727);
#6776=PLANE('',#7739);
#6777=PLANE('',#7747);
#6778=PLANE('',#7748);
#6779=PLANE('',#7749);
#6780=PLANE('',#7750);
#6781=PLANE('',#7751);
#6782=PLANE('',#7752);
#6783=PLANE('',#7753);
#6784=PLANE('',#7754);
#6785=PLANE('',#7755);
#6786=PLANE('',#7756);
#6787=PLANE('',#7757);
#6788=PLANE('',#7758);
#6789=PLANE('',#7759);
#6790=PLANE('',#7760);
#6791=PLANE('',#7761);
#6792=PLANE('',#7762);
#6793=PLANE('',#7763);
#6794=PLANE('',#7764);
#6795=PLANE('',#7765);
#6796=PLANE('',#7766);
#6797=PLANE('',#7767);
#6798=PLANE('',#7768);
#6799=PLANE('',#7769);
#6800=PLANE('',#7770);
#6801=PLANE('',#7771);
#6802=PLANE('',#7772);
#6803=PLANE('',#7773);
#6804=PLANE('',#7774);
#6805=PLANE('',#7775);
#6806=PLANE('',#7776);
#6807=PLANE('',#7777);
#6808=PLANE('',#7778);
#6809=PLANE('',#7779);
#6810=PLANE('',#7780);
#6811=PLANE('',#7781);
#6812=PLANE('',#7782);
#6813=PLANE('',#7783);
#6814=PLANE('',#7784);
#6815=PLANE('',#7785);
#6816=PLANE('',#7786);
#6817=PLANE('',#7787);
#6818=PLANE('',#7788);
#6819=PLANE('',#7789);
#6820=PLANE('',#7790);
#6821=PLANE('',#7791);
#6822=PLANE('',#7792);
#6823=PLANE('',#7793);
#6824=PLANE('',#7794);
#6825=PLANE('',#7795);
#6826=PLANE('',#7796);
#6827=PLANE('',#7797);
#6828=PLANE('',#7798);
#6829=PLANE('',#7799);
#6830=PLANE('',#7800);
#6831=PLANE('',#7801);
#6832=PLANE('',#7802);
#6833=PLANE('',#7803);
#6834=PLANE('',#7804);
#6835=PLANE('',#7805);
#6836=PLANE('',#7806);
#6837=PLANE('',#7807);
#6838=PLANE('',#7808);
#6839=PLANE('',#7809);
#6840=PLANE('',#7810);
#6841=PLANE('',#7811);
#6842=PLANE('',#7812);
#6843=PLANE('',#7813);
#6844=PLANE('',#7814);
#6845=PLANE('',#7815);
#6846=PLANE('',#7816);
#6847=PLANE('',#7817);
#6848=PLANE('',#7818);
#6849=PLANE('',#7819);
#6850=PLANE('',#7820);
#6851=PLANE('',#7821);
#6852=PLANE('',#7822);
#6853=PLANE('',#7823);
#6854=PLANE('',#7824);
#6855=PLANE('',#7825);
#6856=PLANE('',#7826);
#6857=PLANE('',#7827);
#6858=PLANE('',#7828);
#6859=PLANE('',#7829);
#6860=PLANE('',#7830);
#6861=PLANE('',#7831);
#6862=PLANE('',#7832);
#6863=PLANE('',#7833);
#6864=PLANE('',#7834);
#6865=PLANE('',#7835);
#6866=PLANE('',#7836);
#6867=PLANE('',#7837);
#6868=PLANE('',#7838);
#6869=PLANE('',#7839);
#6870=PLANE('',#7840);
#6871=PLANE('',#7841);
#6872=PLANE('',#7842);
#6873=PLANE('',#7843);
#6874=PLANE('',#7844);
#6875=PLANE('',#7845);
#6876=PLANE('',#7846);
#6877=PLANE('',#7847);
#6878=PLANE('',#7848);
#6879=PLANE('',#7849);
#6880=PLANE('',#7850);
#6881=PLANE('',#7851);
#6882=PLANE('',#7852);
#6883=PLANE('',#7853);
#6884=PLANE('',#7854);
#6885=PLANE('',#7855);
#6886=PLANE('',#7856);
#6887=PLANE('',#7857);
#6888=PLANE('',#7858);
#6889=PLANE('',#7859);
#6890=PLANE('',#7860);
#6891=PLANE('',#7861);
#6892=PLANE('',#7862);
#6893=PLANE('',#7863);
#6894=PLANE('',#7864);
#6895=PLANE('',#7865);
#6896=PLANE('',#7866);
#6897=ADVANCED_FACE('',(#201),#6607,.F.);
#6898=ADVANCED_FACE('',(#202),#6608,.T.);
#6899=ADVANCED_FACE('',(#203),#6609,.T.);
#6900=ADVANCED_FACE('',(#204),#6610,.T.);
#6901=ADVANCED_FACE('',(#205),#6611,.T.);
#6902=ADVANCED_FACE('',(#206),#6612,.T.);
#6903=ADVANCED_FACE('',(#207),#6613,.T.);
#6904=ADVANCED_FACE('',(#208),#6614,.T.);
#6905=ADVANCED_FACE('',(#209),#6615,.T.);
#6906=ADVANCED_FACE('',(#210),#6616,.T.);
#6907=ADVANCED_FACE('',(#211),#6617,.T.);
#6908=ADVANCED_FACE('',(#212),#6618,.T.);
#6909=ADVANCED_FACE('',(#213),#6619,.T.);
#6910=ADVANCED_FACE('',(#214),#6620,.T.);
#6911=ADVANCED_FACE('',(#215),#125,.T.);
#6912=ADVANCED_FACE('',(#216),#6621,.T.);
#6913=ADVANCED_FACE('',(#217),#6622,.T.);
#6914=ADVANCED_FACE('',(#218),#6623,.F.);
#6915=ADVANCED_FACE('',(#219),#6624,.F.);
#6916=ADVANCED_FACE('',(#220),#126,.T.);
#6917=ADVANCED_FACE('',(#221),#6625,.T.);
#6918=ADVANCED_FACE('',(#222),#6626,.F.);
#6919=ADVANCED_FACE('',(#223,#57,#58),#6627,.T.);
#6920=ADVANCED_FACE('',(#224),#6628,.T.);
#6921=ADVANCED_FACE('',(#225),#127,.F.);
#6922=ADVANCED_FACE('',(#226),#6629,.T.);
#6923=ADVANCED_FACE('',(#227),#128,.T.);
#6924=ADVANCED_FACE('',(#228),#6630,.F.);
#6925=ADVANCED_FACE('',(#229),#6631,.F.);
#6926=ADVANCED_FACE('',(#230),#6632,.T.);
#6927=ADVANCED_FACE('',(#231),#6633,.F.);
#6928=ADVANCED_FACE('',(#232,#59,#60),#6634,.F.);
#6929=ADVANCED_FACE('',(#233),#6635,.T.);
#6930=ADVANCED_FACE('',(#234),#129,.F.);
#6931=ADVANCED_FACE('',(#235),#6636,.F.);
#6932=ADVANCED_FACE('',(#236),#130,.F.);
#6933=ADVANCED_FACE('',(#237),#6637,.F.);
#6934=ADVANCED_FACE('',(#238),#131,.F.);
#6935=ADVANCED_FACE('',(#239),#6638,.F.);
#6936=ADVANCED_FACE('',(#240),#132,.F.);
#6937=ADVANCED_FACE('',(#241),#6639,.F.);
#6938=ADVANCED_FACE('',(#242),#49,.F.);
#6939=ADVANCED_FACE('',(#243),#133,.F.);
#6940=ADVANCED_FACE('',(#244),#6640,.T.);
#6941=ADVANCED_FACE('',(#245),#50,.T.);
#6942=ADVANCED_FACE('',(#246),#134,.F.);
#6943=ADVANCED_FACE('',(#247),#51,.F.);
#6944=ADVANCED_FACE('',(#248),#135,.F.);
#6945=ADVANCED_FACE('',(#249),#6641,.T.);
#6946=ADVANCED_FACE('',(#250),#52,.T.);
#6947=ADVANCED_FACE('',(#251),#53,.F.);
#6948=ADVANCED_FACE('',(#252),#6642,.T.);
#6949=ADVANCED_FACE('',(#253),#136,.T.);
#6950=ADVANCED_FACE('',(#254),#54,.F.);
#6951=ADVANCED_FACE('',(#255),#137,.T.);
#6952=ADVANCED_FACE('',(#256),#55,.T.);
#6953=ADVANCED_FACE('',(#257),#6643,.T.);
#6954=ADVANCED_FACE('',(#258),#56,.T.);
#6955=ADVANCED_FACE('',(#259),#6644,.T.);
#6956=ADVANCED_FACE('',(#260),#138,.T.);
#6957=ADVANCED_FACE('',(#261),#6645,.T.);
#6958=ADVANCED_FACE('',(#262),#6646,.F.);
#6959=ADVANCED_FACE('',(#263),#139,.T.);
#6960=ADVANCED_FACE('',(#264),#6647,.T.);
#6961=ADVANCED_FACE('',(#265),#6648,.T.);
#6962=ADVANCED_FACE('',(#266),#140,.T.);
#6963=ADVANCED_FACE('',(#267),#6649,.T.);
#6964=ADVANCED_FACE('',(#268),#141,.T.);
#6965=ADVANCED_FACE('',(#269),#6650,.T.);
#6966=ADVANCED_FACE('',(#270),#6651,.T.);
#6967=ADVANCED_FACE('',(#271),#142,.T.);
#6968=ADVANCED_FACE('',(#272),#6652,.T.);
#6969=ADVANCED_FACE('',(#273),#6653,.F.);
#6970=ADVANCED_FACE('',(#274),#143,.T.);
#6971=ADVANCED_FACE('',(#275),#6654,.T.);
#6972=ADVANCED_FACE('',(#276),#6655,.T.);
#6973=ADVANCED_FACE('',(#277),#144,.T.);
#6974=ADVANCED_FACE('',(#278),#6656,.F.);
#6975=ADVANCED_FACE('',(#279),#145,.T.);
#6976=ADVANCED_FACE('',(#280),#6657,.F.);
#6977=ADVANCED_FACE('',(#281),#146,.T.);
#6978=ADVANCED_FACE('',(#282),#147,.T.);
#6979=ADVANCED_FACE('',(#283),#6658,.T.);
#6980=ADVANCED_FACE('',(#284),#6659,.F.);
#6981=ADVANCED_FACE('',(#285),#6660,.T.);
#6982=ADVANCED_FACE('',(#286),#148,.T.);
#6983=ADVANCED_FACE('',(#287),#6661,.T.);
#6984=ADVANCED_FACE('',(#288),#149,.T.);
#6985=ADVANCED_FACE('',(#289),#150,.F.);
#6986=ADVANCED_FACE('',(#290),#6662,.T.);
#6987=ADVANCED_FACE('',(#291),#151,.F.);
#6988=ADVANCED_FACE('',(#292),#6663,.T.);
#6989=ADVANCED_FACE('',(#293),#6664,.T.);
#6990=ADVANCED_FACE('',(#294),#152,.F.);
#6991=ADVANCED_FACE('',(#295),#6665,.T.);
#6992=ADVANCED_FACE('',(#296),#153,.F.);
#6993=ADVANCED_FACE('',(#297),#6666,.T.);
#6994=ADVANCED_FACE('',(#298),#154,.F.);
#6995=ADVANCED_FACE('',(#299),#6667,.T.);
#6996=ADVANCED_FACE('',(#300),#155,.F.);
#6997=ADVANCED_FACE('',(#301),#6668,.T.);
#6998=ADVANCED_FACE('',(#302),#21,.F.);
#6999=ADVANCED_FACE('',(#303),#6669,.T.);
#7000=ADVANCED_FACE('',(#304),#22,.F.);
#7001=ADVANCED_FACE('',(#305),#23,.F.);
#7002=ADVANCED_FACE('',(#306),#24,.F.);
#7003=ADVANCED_FACE('',(#307),#6670,.F.);
#7004=ADVANCED_FACE('',(#308),#6671,.T.);
#7005=ADVANCED_FACE('',(#309),#6672,.F.);
#7006=ADVANCED_FACE('',(#310),#156,.T.);
#7007=ADVANCED_FACE('',(#311),#6673,.F.);
#7008=ADVANCED_FACE('',(#312),#157,.T.);
#7009=ADVANCED_FACE('',(#313),#6674,.T.);
#7010=ADVANCED_FACE('',(#314),#6675,.F.);
#7011=ADVANCED_FACE('',(#315),#158,.F.);
#7012=ADVANCED_FACE('',(#316),#6676,.F.);
#7013=ADVANCED_FACE('',(#317),#159,.F.);
#7014=ADVANCED_FACE('',(#318),#6677,.F.);
#7015=ADVANCED_FACE('',(#319),#6678,.T.);
#7016=ADVANCED_FACE('',(#320),#160,.T.);
#7017=ADVANCED_FACE('',(#321),#6679,.F.);
#7018=ADVANCED_FACE('',(#322),#6680,.T.);
#7019=ADVANCED_FACE('',(#323),#6681,.F.);
#7020=ADVANCED_FACE('',(#324),#6682,.T.);
#7021=ADVANCED_FACE('',(#325),#161,.T.);
#7022=ADVANCED_FACE('',(#326),#6683,.T.);
#7023=ADVANCED_FACE('',(#327),#162,.T.);
#7024=ADVANCED_FACE('',(#328),#163,.T.);
#7025=ADVANCED_FACE('',(#329),#6684,.T.);
#7026=ADVANCED_FACE('',(#330),#164,.F.);
#7027=ADVANCED_FACE('',(#331),#6685,.T.);
#7028=ADVANCED_FACE('',(#332),#165,.F.);
#7029=ADVANCED_FACE('',(#333),#6686,.T.);
#7030=ADVANCED_FACE('',(#334),#166,.F.);
#7031=ADVANCED_FACE('',(#335),#6687,.T.);
#7032=ADVANCED_FACE('',(#336),#167,.F.);
#7033=ADVANCED_FACE('',(#337),#6688,.T.);
#7034=ADVANCED_FACE('',(#338),#168,.F.);
#7035=ADVANCED_FACE('',(#339),#6689,.T.);
#7036=ADVANCED_FACE('',(#340),#6690,.T.);
#7037=ADVANCED_FACE('',(#341),#6691,.T.);
#7038=ADVANCED_FACE('',(#342),#6692,.T.);
#7039=ADVANCED_FACE('',(#343),#169,.T.);
#7040=ADVANCED_FACE('',(#344),#6693,.T.);
#7041=ADVANCED_FACE('',(#345),#170,.F.);
#7042=ADVANCED_FACE('',(#346),#6694,.T.);
#7043=ADVANCED_FACE('',(#347),#6695,.T.);
#7044=ADVANCED_FACE('',(#348),#171,.T.);
#7045=ADVANCED_FACE('',(#349),#6696,.T.);
#7046=ADVANCED_FACE('',(#350),#6697,.T.);
#7047=ADVANCED_FACE('',(#351),#172,.T.);
#7048=ADVANCED_FACE('',(#352),#6698,.T.);
#7049=ADVANCED_FACE('',(#353),#6699,.T.);
#7050=ADVANCED_FACE('',(#354),#173,.T.);
#7051=ADVANCED_FACE('',(#355),#6700,.F.);
#7052=ADVANCED_FACE('',(#356),#174,.F.);
#7053=ADVANCED_FACE('',(#357),#6701,.T.);
#7054=ADVANCED_FACE('',(#358),#175,.F.);
#7055=ADVANCED_FACE('',(#359),#6702,.T.);
#7056=ADVANCED_FACE('',(#360),#176,.F.);
#7057=ADVANCED_FACE('',(#361),#177,.F.);
#7058=ADVANCED_FACE('',(#362),#6703,.F.);
#7059=ADVANCED_FACE('',(#363),#178,.T.);
#7060=ADVANCED_FACE('',(#364),#179,.F.);
#7061=ADVANCED_FACE('',(#365),#180,.T.);
#7062=ADVANCED_FACE('',(#366),#6704,.T.);
#7063=ADVANCED_FACE('',(#367),#6705,.T.);
#7064=ADVANCED_FACE('',(#368),#6706,.F.);
#7065=ADVANCED_FACE('',(#369),#6707,.T.);
#7066=ADVANCED_FACE('',(#370),#6708,.T.);
#7067=ADVANCED_FACE('',(#371),#6709,.T.);
#7068=ADVANCED_FACE('',(#372),#6710,.F.);
#7069=ADVANCED_FACE('',(#373),#6711,.F.);
#7070=ADVANCED_FACE('',(#374),#6712,.T.);
#7071=ADVANCED_FACE('',(#375),#6713,.F.);
#7072=ADVANCED_FACE('',(#376),#181,.F.);
#7073=ADVANCED_FACE('',(#377),#182,.T.);
#7074=ADVANCED_FACE('',(#378),#6714,.F.);
#7075=ADVANCED_FACE('',(#379),#183,.F.);
#7076=ADVANCED_FACE('',(#380),#6715,.F.);
#7077=ADVANCED_FACE('',(#381),#184,.F.);
#7078=ADVANCED_FACE('',(#382),#6716,.F.);
#7079=ADVANCED_FACE('',(#383),#185,.T.);
#7080=ADVANCED_FACE('',(#384),#6717,.T.);
#7081=ADVANCED_FACE('',(#385),#186,.F.);
#7082=ADVANCED_FACE('',(#386),#187,.T.);
#7083=ADVANCED_FACE('',(#387),#188,.F.);
#7084=ADVANCED_FACE('',(#388),#6718,.F.);
#7085=ADVANCED_FACE('',(#389),#6719,.T.);
#7086=ADVANCED_FACE('',(#390),#6720,.F.);
#7087=ADVANCED_FACE('',(#391),#189,.T.);
#7088=ADVANCED_FACE('',(#392),#6721,.F.);
#7089=ADVANCED_FACE('',(#393),#6722,.F.);
#7090=ADVANCED_FACE('',(#394),#6723,.F.);
#7091=ADVANCED_FACE('',(#395),#6724,.F.);
#7092=ADVANCED_FACE('',(#396),#6725,.F.);
#7093=ADVANCED_FACE('',(#397),#6726,.F.);
#7094=ADVANCED_FACE('',(#398),#6727,.F.);
#7095=ADVANCED_FACE('',(#399),#6728,.F.);
#7096=ADVANCED_FACE('',(#400),#6729,.F.);
#7097=ADVANCED_FACE('',(#401),#6730,.F.);
#7098=ADVANCED_FACE('',(#402),#6731,.F.);
#7099=ADVANCED_FACE('',(#403),#6732,.F.);
#7100=ADVANCED_FACE('',(#404),#6733,.F.);
#7101=ADVANCED_FACE('',(#405),#6734,.F.);
#7102=ADVANCED_FACE('',(#406),#6735,.F.);
#7103=ADVANCED_FACE('',(#407),#6736,.F.);
#7104=ADVANCED_FACE('',(#408),#6737,.F.);
#7105=ADVANCED_FACE('',(#409),#6738,.F.);
#7106=ADVANCED_FACE('',(#410),#6739,.F.);
#7107=ADVANCED_FACE('',(#411),#6740,.F.);
#7108=ADVANCED_FACE('',(#412),#6741,.F.);
#7109=ADVANCED_FACE('',(#413),#6742,.F.);
#7110=ADVANCED_FACE('',(#414),#6743,.F.);
#7111=ADVANCED_FACE('',(#415),#6744,.F.);
#7112=ADVANCED_FACE('',(#416),#6745,.F.);
#7113=ADVANCED_FACE('',(#417),#6746,.F.);
#7114=ADVANCED_FACE('',(#418),#6747,.F.);
#7115=ADVANCED_FACE('',(#419),#6748,.F.);
#7116=ADVANCED_FACE('',(#420),#6749,.F.);
#7117=ADVANCED_FACE('',(#421),#6750,.F.);
#7118=ADVANCED_FACE('',(#422),#6751,.F.);
#7119=ADVANCED_FACE('',(#423),#6752,.F.);
#7120=ADVANCED_FACE('',(#424),#6753,.F.);
#7121=ADVANCED_FACE('',(#425),#6754,.F.);
#7122=ADVANCED_FACE('',(#426),#6755,.F.);
#7123=ADVANCED_FACE('',(#427),#6756,.F.);
#7124=ADVANCED_FACE('',(#428),#6757,.F.);
#7125=ADVANCED_FACE('',(#429),#6758,.T.);
#7126=ADVANCED_FACE('',(#430),#6759,.F.);
#7127=ADVANCED_FACE('',(#431),#6760,.T.);
#7128=ADVANCED_FACE('',(#432),#6761,.F.);
#7129=ADVANCED_FACE('',(#433),#6762,.F.);
#7130=ADVANCED_FACE('',(#434),#6763,.F.);
#7131=ADVANCED_FACE('',(#435),#6764,.F.);
#7132=ADVANCED_FACE('',(#436),#6765,.F.);
#7133=ADVANCED_FACE('',(#437),#6766,.F.);
#7134=ADVANCED_FACE('',(#438),#6767,.F.);
#7135=ADVANCED_FACE('',(#439),#6768,.T.);
#7136=ADVANCED_FACE('',(#440),#6769,.F.);
#7137=ADVANCED_FACE('',(#441),#6770,.T.);
#7138=ADVANCED_FACE('',(#442),#6771,.F.);
#7139=ADVANCED_FACE('',(#443),#6772,.T.);
#7140=ADVANCED_FACE('',(#444),#190,.T.);
#7141=ADVANCED_FACE('',(#445),#191,.T.);
#7142=ADVANCED_FACE('',(#446),#192,.T.);
#7143=ADVANCED_FACE('',(#447),#6773,.T.);
#7144=ADVANCED_FACE('',(#448),#6774,.T.);
#7145=ADVANCED_FACE('',(#449),#6775,.T.);
#7146=ADVANCED_FACE('',(#450),#193,.T.);
#7147=ADVANCED_FACE('',(#451),#194,.T.);
#7148=ADVANCED_FACE('',(#452),#195,.T.);
#7149=ADVANCED_FACE('',(#453),#196,.T.);
#7150=ADVANCED_FACE('',(#454),#197,.T.);
#7151=ADVANCED_FACE('',(#455),#6776,.T.);
#7152=ADVANCED_FACE('',(#456),#198,.T.);
#7153=ADVANCED_FACE('',(#457),#199,.T.);
#7154=ADVANCED_FACE('',(#458),#200,.T.);
#7155=ADVANCED_FACE('',(#459),#6777,.T.);
#7156=ADVANCED_FACE('',(#460),#6778,.T.);
#7157=ADVANCED_FACE('',(#461),#6779,.T.);
#7158=ADVANCED_FACE('',(#462),#6780,.T.);
#7159=ADVANCED_FACE('',(#463),#6781,.F.);
#7160=ADVANCED_FACE('',(#464),#6782,.T.);
#7161=ADVANCED_FACE('',(#465),#6783,.T.);
#7162=ADVANCED_FACE('',(#466),#6784,.F.);
#7163=ADVANCED_FACE('',(#467),#6785,.T.);
#7164=ADVANCED_FACE('',(#468),#6786,.F.);
#7165=ADVANCED_FACE('',(#469),#6787,.F.);
#7166=ADVANCED_FACE('',(#470),#6788,.F.);
#7167=ADVANCED_FACE('',(#471),#6789,.F.);
#7168=ADVANCED_FACE('',(#472),#6790,.F.);
#7169=ADVANCED_FACE('',(#473),#6791,.F.);
#7170=ADVANCED_FACE('',(#474),#6792,.T.);
#7171=ADVANCED_FACE('',(#475),#6793,.T.);
#7172=ADVANCED_FACE('',(#476),#6794,.F.);
#7173=ADVANCED_FACE('',(#477),#6795,.F.);
#7174=ADVANCED_FACE('',(#478),#6796,.F.);
#7175=ADVANCED_FACE('',(#479),#6797,.F.);
#7176=ADVANCED_FACE('',(#480),#6798,.F.);
#7177=ADVANCED_FACE('',(#481),#6799,.F.);
#7178=ADVANCED_FACE('',(#482),#6800,.F.);
#7179=ADVANCED_FACE('',(#483),#6801,.F.);
#7180=ADVANCED_FACE('',(#484),#6802,.F.);
#7181=ADVANCED_FACE('',(#485),#6803,.F.);
#7182=ADVANCED_FACE('',(#486),#6804,.F.);
#7183=ADVANCED_FACE('',(#487),#6805,.F.);
#7184=ADVANCED_FACE('',(#488),#6806,.F.);
#7185=ADVANCED_FACE('',(#489),#6807,.F.);
#7186=ADVANCED_FACE('',(#490),#6808,.F.);
#7187=ADVANCED_FACE('',(#491),#6809,.F.);
#7188=ADVANCED_FACE('',(#492),#6810,.F.);
#7189=ADVANCED_FACE('',(#493,#61,#62,#63,#64,#65,#66,#67),#6811,.T.);
#7190=ADVANCED_FACE('',(#494),#6812,.F.);
#7191=ADVANCED_FACE('',(#495),#6813,.F.);
#7192=ADVANCED_FACE('',(#496),#6814,.F.);
#7193=ADVANCED_FACE('',(#497),#6815,.F.);
#7194=ADVANCED_FACE('',(#498),#6816,.F.);
#7195=ADVANCED_FACE('',(#499),#6817,.F.);
#7196=ADVANCED_FACE('',(#500),#6818,.F.);
#7197=ADVANCED_FACE('',(#501),#6819,.F.);
#7198=ADVANCED_FACE('',(#502),#6820,.F.);
#7199=ADVANCED_FACE('',(#503),#6821,.F.);
#7200=ADVANCED_FACE('',(#504),#6822,.F.);
#7201=ADVANCED_FACE('',(#505),#6823,.F.);
#7202=ADVANCED_FACE('',(#506),#6824,.F.);
#7203=ADVANCED_FACE('',(#507),#6825,.F.);
#7204=ADVANCED_FACE('',(#508),#6826,.F.);
#7205=ADVANCED_FACE('',(#509),#6827,.F.);
#7206=ADVANCED_FACE('',(#510),#6828,.F.);
#7207=ADVANCED_FACE('',(#511),#6829,.F.);
#7208=ADVANCED_FACE('',(#512),#6830,.F.);
#7209=ADVANCED_FACE('',(#513),#6831,.F.);
#7210=ADVANCED_FACE('',(#514),#6832,.F.);
#7211=ADVANCED_FACE('',(#515),#6833,.F.);
#7212=ADVANCED_FACE('',(#516),#6834,.F.);
#7213=ADVANCED_FACE('',(#517),#6835,.F.);
#7214=ADVANCED_FACE('',(#518),#6836,.F.);
#7215=ADVANCED_FACE('',(#519),#6837,.F.);
#7216=ADVANCED_FACE('',(#520),#6838,.F.);
#7217=ADVANCED_FACE('',(#521),#6839,.F.);
#7218=ADVANCED_FACE('',(#522),#6840,.F.);
#7219=ADVANCED_FACE('',(#523),#6841,.F.);
#7220=ADVANCED_FACE('',(#524),#6842,.F.);
#7221=ADVANCED_FACE('',(#525),#6843,.F.);
#7222=ADVANCED_FACE('',(#526),#6844,.T.);
#7223=ADVANCED_FACE('',(#527),#6845,.F.);
#7224=ADVANCED_FACE('',(#528),#6846,.F.);
#7225=ADVANCED_FACE('',(#529),#6847,.F.);
#7226=ADVANCED_FACE('',(#530),#6848,.F.);
#7227=ADVANCED_FACE('',(#531),#6849,.F.);
#7228=ADVANCED_FACE('',(#532),#6850,.F.);
#7229=ADVANCED_FACE('',(#533),#6851,.F.);
#7230=ADVANCED_FACE('',(#534),#6852,.F.);
#7231=ADVANCED_FACE('',(#535),#6853,.F.);
#7232=ADVANCED_FACE('',(#536),#6854,.F.);
#7233=ADVANCED_FACE('',(#537),#6855,.F.);
#7234=ADVANCED_FACE('',(#538),#6856,.F.);
#7235=ADVANCED_FACE('',(#539),#6857,.F.);
#7236=ADVANCED_FACE('',(#540),#6858,.F.);
#7237=ADVANCED_FACE('',(#541),#6859,.F.);
#7238=ADVANCED_FACE('',(#542),#6860,.F.);
#7239=ADVANCED_FACE('',(#543),#6861,.T.);
#7240=ADVANCED_FACE('',(#544),#6862,.T.);
#7241=ADVANCED_FACE('',(#545),#6863,.T.);
#7242=ADVANCED_FACE('',(#546),#6864,.T.);
#7243=ADVANCED_FACE('',(#547),#6865,.T.);
#7244=ADVANCED_FACE('',(#548),#6866,.T.);
#7245=ADVANCED_FACE('',(#549),#6867,.T.);
#7246=ADVANCED_FACE('',(#550),#6868,.T.);
#7247=ADVANCED_FACE('',(#551),#6869,.T.);
#7248=ADVANCED_FACE('',(#552),#6870,.T.);
#7249=ADVANCED_FACE('',(#553),#6871,.T.);
#7250=ADVANCED_FACE('',(#554),#6872,.T.);
#7251=ADVANCED_FACE('',(#555),#6873,.T.);
#7252=ADVANCED_FACE('',(#556),#6874,.T.);
#7253=ADVANCED_FACE('',(#557),#6875,.F.);
#7254=ADVANCED_FACE('',(#558),#6876,.F.);
#7255=ADVANCED_FACE('',(#559),#6877,.F.);
#7256=ADVANCED_FACE('',(#560),#6878,.F.);
#7257=ADVANCED_FACE('',(#561),#6879,.F.);
#7258=ADVANCED_FACE('',(#562),#6880,.F.);
#7259=ADVANCED_FACE('',(#563),#6881,.F.);
#7260=ADVANCED_FACE('',(#564),#6882,.F.);
#7261=ADVANCED_FACE('',(#565),#6883,.F.);
#7262=ADVANCED_FACE('',(#566),#6884,.F.);
#7263=ADVANCED_FACE('',(#567),#6885,.F.);
#7264=ADVANCED_FACE('',(#568),#6886,.F.);
#7265=ADVANCED_FACE('',(#569),#6887,.F.);
#7266=ADVANCED_FACE('',(#570),#6888,.F.);
#7267=ADVANCED_FACE('',(#571),#6889,.F.);
#7268=ADVANCED_FACE('',(#572),#6890,.F.);
#7269=ADVANCED_FACE('',(#573),#6891,.T.);
#7270=ADVANCED_FACE('',(#574),#6892,.T.);
#7271=ADVANCED_FACE('',(#575),#6893,.T.);
#7272=ADVANCED_FACE('',(#576),#6894,.T.);
#7273=ADVANCED_FACE('',(#577),#6895,.T.);
#7274=ADVANCED_FACE('',(#578),#6896,.F.);
#7275=CLOSED_SHELL('',(#6897,#6898,#6899,#6900,#6901,#6902,#6903,#6904,
#6905,#6906,#6907,#6908,#6909,#6910,#6911,#6912,#6913));
#7276=CLOSED_SHELL('',(#6914,#6915,#6916,#6917,#6918,#6919,#6920,#6921,
#6922,#6923,#6924,#6925,#6926,#6927,#6928,#6929,#6930,#6931,#6932,#6933,
#6934,#6935,#6936,#6937,#6938,#6939,#6940,#6941,#6942,#6943,#6944,#6945,
#6946,#6947,#6948,#6949,#6950,#6951,#6952,#6953,#6954,#6955,#6956,#6957,
#6958,#6959,#6960,#6961,#6962,#6963,#6964,#6965,#6966,#6967,#6968,#6969,
#6970,#6971,#6972,#6973,#6974,#6975,#6976,#6977,#6978,#6979,#6980,#6981,
#6982,#6983,#6984,#6985,#6986,#6987,#6988,#6989,#6990,#6991,#6992,#6993,
#6994,#6995,#6996,#6997,#6998,#6999,#7000,#7001,#7002,#7003,#7004,#7005,
#7006,#7007,#7008,#7009,#7010,#7011,#7012,#7013,#7014,#7015,#7016,#7017,
#7018,#7019,#7020,#7021,#7022,#7023,#7024,#7025,#7026,#7027,#7028,#7029,
#7030,#7031,#7032,#7033,#7034,#7035,#7036,#7037,#7038,#7039,#7040,#7041,
#7042,#7043,#7044,#7045,#7046,#7047,#7048,#7049,#7050,#7051,#7052,#7053,
#7054,#7055,#7056,#7057,#7058,#7059,#7060,#7061,#7062,#7063,#7064,#7065,
#7066,#7067,#7068,#7069,#7070,#7071,#7072,#7073,#7074,#7075,#7076,#7077,
#7078,#7079,#7080,#7081,#7082,#7083,#7084,#7085,#7086,#7087));
#7277=CLOSED_SHELL('',(#7088,#7089,#7090,#7091,#7092,#7093,#7094,#7095,
#7096,#7097,#7098,#7099,#7100,#7101,#7102,#7103,#7104,#7105,#7106,#7107,
#7108,#7109,#7110,#7111,#7112,#7113,#7114,#7115,#7116,#7117,#7118,#7119,
#7120,#7121,#7122,#7123,#7124,#7125,#7126,#7127,#7128,#7129,#7130,#7131,
#7132,#7133,#7134,#7135,#7136,#7137,#7138,#7139,#7140,#7141,#7142,#7143,
#7144,#7145,#7146,#7147,#7148,#7149,#7150,#7151,#7152,#7153,#7154,#7155,
#7156,#7157,#7158,#7159,#7160,#7161,#7162,#7163,#7164,#7165,#7166,#7167,
#7168,#7169,#7170,#7171,#7172,#7173,#7174,#7175,#7176,#7177,#7178,#7179,
#7180,#7181,#7182,#7183,#7184,#7185,#7186,#7187,#7188,#7189,#7190,#7191,
#7192,#7193,#7194,#7195,#7196,#7197,#7198,#7199,#7200,#7201,#7202,#7203,
#7204,#7205,#7206,#7207,#7208,#7209,#7210,#7211,#7212,#7213,#7214,#7215,
#7216,#7217,#7218,#7219,#7220,#7221,#7222,#7223,#7224,#7225,#7226,#7227,
#7228,#7229,#7230,#7231,#7232,#7233,#7234,#7235,#7236,#7237,#7238,#7239,
#7240,#7241,#7242,#7243,#7244,#7245,#7246,#7247,#7248,#7249,#7250,#7251,
#7252,#7253,#7254,#7255,#7256,#7257,#7258,#7259,#7260,#7261,#7262,#7263,
#7264,#7265,#7266,#7267,#7268,#7269,#7270,#7271,#7272,#7273,#7274));
#7278=DERIVED_UNIT_ELEMENT(#7284,1.);
#7279=DERIVED_UNIT_ELEMENT(#12235,-3.);
#7280=DERIVED_UNIT_ELEMENT(#7284,1.);
#7281=DERIVED_UNIT_ELEMENT(#12235,-3.);
#7282=DERIVED_UNIT_ELEMENT(#7284,1.);
#7283=DERIVED_UNIT_ELEMENT(#12235,-3.);
#7284=(
MASS_UNIT()
NAMED_UNIT(*)
SI_UNIT(.KILO.,.GRAM.)
);
#7285=DERIVED_UNIT((#7278,#7279));
#7286=DERIVED_UNIT((#7280,#7281));
#7287=DERIVED_UNIT((#7282,#7283));
#7288=MEASURE_REPRESENTATION_ITEM('density measure',
POSITIVE_RATIO_MEASURE(8940.),#7285);
#7289=MEASURE_REPRESENTATION_ITEM('density measure',
POSITIVE_RATIO_MEASURE(7850.),#7286);
#7290=MEASURE_REPRESENTATION_ITEM('density measure',
POSITIVE_RATIO_MEASURE(952.),#7287);
#7291=PROPERTY_DEFINITION_REPRESENTATION(#7306,#7297);
#7292=PROPERTY_DEFINITION_REPRESENTATION(#7307,#7298);
#7293=PROPERTY_DEFINITION_REPRESENTATION(#7308,#7299);
#7294=PROPERTY_DEFINITION_REPRESENTATION(#7309,#7300);
#7295=PROPERTY_DEFINITION_REPRESENTATION(#7310,#7301);
#7296=PROPERTY_DEFINITION_REPRESENTATION(#7311,#7302);
#7297=REPRESENTATION('material name',(#7303),#12230);
#7298=REPRESENTATION('density',(#7288),#12230);
#7299=REPRESENTATION('material name',(#7304),#12231);
#7300=REPRESENTATION('density',(#7289),#12231);
#7301=REPRESENTATION('material name',(#7305),#12232);
#7302=REPRESENTATION('density',(#7290),#12232);
#7303=DESCRIPTIVE_REPRESENTATION_ITEM('\X2\9285\X0\','\X2\9285\X0\');
#7304=DESCRIPTIVE_REPRESENTATION_ITEM('\X2\92FC\X0\','\X2\92FC\X0\');
#7305=DESCRIPTIVE_REPRESENTATION_ITEM(
'\X2\30D730E930B930C130C330AF30014E0D900F660E\X0\ \X2\9ED2\X0\',
'\X2\30D730E930B930C130C330AF30014E0D900F660E\X0\ \X2\9ED2\X0\');
#7306=PROPERTY_DEFINITION('material property','material name',#12267);
#7307=PROPERTY_DEFINITION('material property','density of part',#12267);
#7308=PROPERTY_DEFINITION('material property','material name',#12268);
#7309=PROPERTY_DEFINITION('material property','density of part',#12268);
#7310=PROPERTY_DEFINITION('material property','material name',#12269);
#7311=PROPERTY_DEFINITION('material property','density of part',#12269);
#7312=AXIS2_PLACEMENT_3D('',#9848,#7871,#7872);
#7313=AXIS2_PLACEMENT_3D('',#9849,#7873,#7874);
#7314=AXIS2_PLACEMENT_3D('',#9850,#7875,#7876);
#7315=AXIS2_PLACEMENT_3D('',#9851,#7877,#7878);
#7316=AXIS2_PLACEMENT_3D('',#9881,#7893,#7894);
#7317=AXIS2_PLACEMENT_3D('',#9882,#7895,#7896);
#7318=AXIS2_PLACEMENT_3D('',#9888,#7900,#7901);
#7319=AXIS2_PLACEMENT_3D('',#9892,#7904,#7905);
#7320=AXIS2_PLACEMENT_3D('',#9896,#7908,#7909);
#7321=AXIS2_PLACEMENT_3D('',#9900,#7912,#7913);
#7322=AXIS2_PLACEMENT_3D('',#9904,#7916,#7917);
#7323=AXIS2_PLACEMENT_3D('',#9908,#7920,#7921);
#7324=AXIS2_PLACEMENT_3D('',#9912,#7924,#7925);
#7325=AXIS2_PLACEMENT_3D('',#9916,#7928,#7929);
#7326=AXIS2_PLACEMENT_3D('',#9920,#7932,#7933);
#7327=AXIS2_PLACEMENT_3D('',#9924,#7936,#7937);
#7328=AXIS2_PLACEMENT_3D('',#9928,#7940,#7941);
#7329=AXIS2_PLACEMENT_3D('',#9932,#7944,#7945);
#7330=AXIS2_PLACEMENT_3D('',#9936,#7948,#7949);
#7331=AXIS2_PLACEMENT_3D('',#9938,#7950,#7951);
#7332=AXIS2_PLACEMENT_3D('',#9940,#7953,#7954);
#7333=AXIS2_PLACEMENT_3D('',#9942,#7956,#7957);
#7334=AXIS2_PLACEMENT_3D('',#9943,#7958,#7959);
#7335=AXIS2_PLACEMENT_3D('',#9944,#7960,#7961);
#7336=AXIS2_PLACEMENT_3D('',#9945,#7962,#7963);
#7337=AXIS2_PLACEMENT_3D('',#9946,#7964,#7965);
#7338=AXIS2_PLACEMENT_3D('',#9947,#7966,#7967);
#7339=AXIS2_PLACEMENT_3D('',#9948,#7968,#7969);
#7340=AXIS2_PLACEMENT_3D('',#9949,#7970,#7971);
#7341=AXIS2_PLACEMENT_3D('',#9950,#7972,#7973);
#7342=AXIS2_PLACEMENT_3D('',#9951,#7974,#7975);
#7343=AXIS2_PLACEMENT_3D('',#9952,#7976,#7977);
#7344=AXIS2_PLACEMENT_3D('',#9959,#7980,#7981);
#7345=AXIS2_PLACEMENT_3D('',#9963,#7983,#7984);
#7346=AXIS2_PLACEMENT_3D('',#9965,#7986,#7987);
#7347=AXIS2_PLACEMENT_3D('',#9969,#7989,#7990);
#7348=AXIS2_PLACEMENT_3D('',#9972,#7992,#7993);
#7349=AXIS2_PLACEMENT_3D('',#9973,#7994,#7995);
#7350=AXIS2_PLACEMENT_3D('',#9977,#7997,#7998);
#7351=AXIS2_PLACEMENT_3D('',#9979,#8000,#8001);
#7352=AXIS2_PLACEMENT_3D('',#9984,#8005,#8006);
#7353=AXIS2_PLACEMENT_3D('',#9988,#8009,#8010);
#7354=AXIS2_PLACEMENT_3D('',#10004,#8018,#8019);
#7355=AXIS2_PLACEMENT_3D('',#10008,#8021,#8022);
#7356=AXIS2_PLACEMENT_3D('',#10012,#8024,#8025);
#7357=AXIS2_PLACEMENT_3D('',#10016,#8027,#8028);
#7358=AXIS2_PLACEMENT_3D('',#10019,#8030,#8031);
#7359=AXIS2_PLACEMENT_3D('',#10021,#8032,#8033);
#7360=AXIS2_PLACEMENT_3D('',#10022,#8034,#8035);
#7361=AXIS2_PLACEMENT_3D('',#10028,#8039,#8040);
#7362=AXIS2_PLACEMENT_3D('',#10030,#8042,#8043);
#7363=AXIS2_PLACEMENT_3D('',#10031,#8044,#8045);
#7364=AXIS2_PLACEMENT_3D('',#10040,#8050,#8051);
#7365=AXIS2_PLACEMENT_3D('',#10043,#8053,#8054);
#7366=AXIS2_PLACEMENT_3D('',#10044,#8055,#8056);
#7367=AXIS2_PLACEMENT_3D('',#10045,#8057,#8058);
#7368=AXIS2_PLACEMENT_3D('',#10049,#8060,#8061);
#7369=AXIS2_PLACEMENT_3D('',#10051,#8063,#8064);
#7370=AXIS2_PLACEMENT_3D('',#10056,#8067,#8068);
#7371=AXIS2_PLACEMENT_3D('',#10059,#8070,#8071);
#7372=AXIS2_PLACEMENT_3D('',#10060,#8072,#8073);
#7373=AXIS2_PLACEMENT_3D('',#10062,#8074,#8075);
#7374=AXIS2_PLACEMENT_3D('',#10066,#8077,#8078);
#7375=AXIS2_PLACEMENT_3D('',#10068,#8080,#8081);
#7376=AXIS2_PLACEMENT_3D('',#10072,#8084,#8085);
#7377=AXIS2_PLACEMENT_3D('',#10076,#8087,#8088);
#7378=AXIS2_PLACEMENT_3D('',#10080,#8090,#8091);
#7379=AXIS2_PLACEMENT_3D('',#10084,#8093,#8094);
#7380=AXIS2_PLACEMENT_3D('',#10087,#8096,#8097);
#7381=AXIS2_PLACEMENT_3D('',#10098,#8103,#8104);
#7382=AXIS2_PLACEMENT_3D('',#10100,#8105,#8106);
#7383=AXIS2_PLACEMENT_3D('',#10101,#8107,#8108);
#7384=AXIS2_PLACEMENT_3D('',#10103,#8110,#8111);
#7385=AXIS2_PLACEMENT_3D('',#10104,#8112,#8113);
#7386=AXIS2_PLACEMENT_3D('',#10107,#8116,#8117);
#7387=AXIS2_PLACEMENT_3D('',#10109,#8119,#8120);
#7388=AXIS2_PLACEMENT_3D('',#10111,#8122,#8123);
#7389=AXIS2_PLACEMENT_3D('',#10113,#8125,#8126);
#7390=AXIS2_PLACEMENT_3D('',#10115,#8128,#8129);
#7391=AXIS2_PLACEMENT_3D('',#10116,#8130,#8131);
#7392=AXIS2_PLACEMENT_3D('',#10119,#8134,#8135);
#7393=AXIS2_PLACEMENT_3D('',#10120,#8136,#8137);
#7394=AXIS2_PLACEMENT_3D('',#10122,#8138,#8139);
#7395=AXIS2_PLACEMENT_3D('',#10124,#8140,#8141);
#7396=AXIS2_PLACEMENT_3D('',#10125,#8142,#8143);
#7397=AXIS2_PLACEMENT_3D('',#10126,#8144,#8145);
#7398=AXIS2_PLACEMENT_3D('',#10128,#8146,#8147);
#7399=AXIS2_PLACEMENT_3D('',#10130,#8149,#8150);
#7400=AXIS2_PLACEMENT_3D('',#10131,#8151,#8152);
#7401=AXIS2_PLACEMENT_3D('',#10132,#8153,#8154);
#7402=AXIS2_PLACEMENT_3D('',#10133,#8155,#8156);
#7403=AXIS2_PLACEMENT_3D('',#10134,#8157,#8158);
#7404=AXIS2_PLACEMENT_3D('',#10136,#8159,#8160);
#7405=AXIS2_PLACEMENT_3D('',#10138,#8161,#8162);
#7406=AXIS2_PLACEMENT_3D('',#10139,#8163,#8164);
#7407=AXIS2_PLACEMENT_3D('',#10140,#8165,#8166);
#7408=AXIS2_PLACEMENT_3D('',#10142,#8167,#8168);
#7409=AXIS2_PLACEMENT_3D('',#10144,#8170,#8171);
#7410=AXIS2_PLACEMENT_3D('',#10145,#8172,#8173);
#7411=AXIS2_PLACEMENT_3D('',#10146,#8174,#8175);
#7412=AXIS2_PLACEMENT_3D('',#10147,#8176,#8177);
#7413=AXIS2_PLACEMENT_3D('',#10149,#8178,#8179);
#7414=AXIS2_PLACEMENT_3D('',#10150,#8180,#8181);
#7415=AXIS2_PLACEMENT_3D('',#10151,#8182,#8183);
#7416=AXIS2_PLACEMENT_3D('',#10153,#8184,#8185);
#7417=AXIS2_PLACEMENT_3D('',#10156,#8187,#8188);
#7418=AXIS2_PLACEMENT_3D('',#10157,#8189,#8190);
#7419=AXIS2_PLACEMENT_3D('',#10160,#8191,#8192);
#7420=AXIS2_PLACEMENT_3D('',#10162,#8194,#8195);
#7421=AXIS2_PLACEMENT_3D('',#10163,#8196,#8197);
#7422=AXIS2_PLACEMENT_3D('',#10165,#8198,#8199);
#7423=AXIS2_PLACEMENT_3D('',#10166,#8200,#8201);
#7424=AXIS2_PLACEMENT_3D('',#10167,#8202,#8203);
#7425=AXIS2_PLACEMENT_3D('',#10170,#8204,#8205);
#7426=AXIS2_PLACEMENT_3D('',#10172,#8207,#8208);
#7427=AXIS2_PLACEMENT_3D('',#10173,#8209,#8210);
#7428=AXIS2_PLACEMENT_3D('',#10175,#8211,#8212);
#7429=AXIS2_PLACEMENT_3D('',#10176,#8213,#8214);
#7430=AXIS2_PLACEMENT_3D('',#10177,#8215,#8216);
#7431=AXIS2_PLACEMENT_3D('',#10178,#8217,#8218);
#7432=AXIS2_PLACEMENT_3D('',#10180,#8219,#8220);
#7433=AXIS2_PLACEMENT_3D('',#10181,#8221,#8222);
#7434=AXIS2_PLACEMENT_3D('',#10182,#8223,#8224);
#7435=AXIS2_PLACEMENT_3D('',#10183,#8225,#8226);
#7436=AXIS2_PLACEMENT_3D('',#10186,#8227,#8228);
#7437=AXIS2_PLACEMENT_3D('',#10190,#8230,#8231);
#7438=AXIS2_PLACEMENT_3D('',#10192,#8233,#8234);
#7439=AXIS2_PLACEMENT_3D('',#10213,#8237,#8238);
#7440=AXIS2_PLACEMENT_3D('',#10215,#8240,#8241);
#7441=AXIS2_PLACEMENT_3D('',#10219,#8243,#8244);
#7442=AXIS2_PLACEMENT_3D('',#10223,#8246,#8247);
#7443=AXIS2_PLACEMENT_3D('',#10227,#8249,#8250);
#7444=AXIS2_PLACEMENT_3D('',#10231,#8252,#8253);
#7445=AXIS2_PLACEMENT_3D('',#10235,#8255,#8256);
#7446=AXIS2_PLACEMENT_3D('',#10265,#8263,#8264);
#7447=AXIS2_PLACEMENT_3D('',#10268,#8265,#8266);
#7448=AXIS2_PLACEMENT_3D('',#10272,#8268,#8269);
#7449=AXIS2_PLACEMENT_3D('',#10274,#8271,#8272);
#7450=AXIS2_PLACEMENT_3D('',#10280,#8276,#8277);
#7451=AXIS2_PLACEMENT_3D('',#10314,#8285,#8286);
#7452=AXIS2_PLACEMENT_3D('',#10318,#8288,#8289);
#7453=AXIS2_PLACEMENT_3D('',#10322,#8291,#8292);
#7454=AXIS2_PLACEMENT_3D('',#10326,#8294,#8295);
#7455=AXIS2_PLACEMENT_3D('',#10329,#8297,#8298);
#7456=AXIS2_PLACEMENT_3D('',#10330,#8299,#8300);
#7457=AXIS2_PLACEMENT_3D('',#10333,#8301,#8302);
#7458=AXIS2_PLACEMENT_3D('',#10336,#8305,#8306);
#7459=AXIS2_PLACEMENT_3D('',#10340,#8309,#8310);
#7460=AXIS2_PLACEMENT_3D('',#10343,#8311,#8312);
#7461=AXIS2_PLACEMENT_3D('',#10346,#8315,#8316);
#7462=AXIS2_PLACEMENT_3D('',#10350,#8319,#8320);
#7463=AXIS2_PLACEMENT_3D('',#10352,#8321,#8322);
#7464=AXIS2_PLACEMENT_3D('',#10356,#8324,#8325);
#7465=AXIS2_PLACEMENT_3D('',#10360,#8327,#8328);
#7466=AXIS2_PLACEMENT_3D('',#10363,#8330,#8331);
#7467=AXIS2_PLACEMENT_3D('',#10381,#8341,#8342);
#7468=AXIS2_PLACEMENT_3D('',#10384,#8343,#8344);
#7469=AXIS2_PLACEMENT_3D('',#10388,#8346,#8347);
#7470=AXIS2_PLACEMENT_3D('',#10390,#8349,#8350);
#7471=AXIS2_PLACEMENT_3D('',#10394,#8352,#8353);
#7472=AXIS2_PLACEMENT_3D('',#10402,#8357,#8358);
#7473=AXIS2_PLACEMENT_3D('',#10406,#8360,#8361);
#7474=AXIS2_PLACEMENT_3D('',#10416,#8367,#8368);
#7475=AXIS2_PLACEMENT_3D('',#10420,#8371,#8372);
#7476=AXIS2_PLACEMENT_3D('',#10423,#8373,#8374);
#7477=AXIS2_PLACEMENT_3D('',#10427,#8376,#8377);
#7478=AXIS2_PLACEMENT_3D('',#10429,#8379,#8380);
#7479=AXIS2_PLACEMENT_3D('',#10441,#8386,#8387);
#7480=AXIS2_PLACEMENT_3D('',#10445,#8389,#8390);
#7481=AXIS2_PLACEMENT_3D('',#10453,#8394,#8395);
#7482=AXIS2_PLACEMENT_3D('',#10455,#8397,#8398);
#7483=AXIS2_PLACEMENT_3D('',#10459,#8401,#8402);
#7484=AXIS2_PLACEMENT_3D('',#10461,#8404,#8405);
#7485=AXIS2_PLACEMENT_3D('',#10462,#8406,#8407);
#7486=AXIS2_PLACEMENT_3D('',#10464,#8409,#8410);
#7487=AXIS2_PLACEMENT_3D('',#10466,#8412,#8413);
#7488=AXIS2_PLACEMENT_3D('',#10467,#8414,#8415);
#7489=AXIS2_PLACEMENT_3D('',#10469,#8417,#8418);
#7490=AXIS2_PLACEMENT_3D('',#10470,#8419,#8420);
#7491=AXIS2_PLACEMENT_3D('',#10471,#8421,#8422);
#7492=AXIS2_PLACEMENT_3D('',#10473,#8424,#8425);
#7493=AXIS2_PLACEMENT_3D('',#10477,#8427,#8428);
#7494=AXIS2_PLACEMENT_3D('',#10479,#8430,#8431);
#7495=AXIS2_PLACEMENT_3D('',#10483,#8434,#8435);
#7496=AXIS2_PLACEMENT_3D('',#10486,#8437,#8438);
#7497=AXIS2_PLACEMENT_3D('',#10487,#8439,#8440);
#7498=AXIS2_PLACEMENT_3D('',#10490,#8441,#8442);
#7499=AXIS2_PLACEMENT_3D('',#10493,#8445,#8446);
#7500=AXIS2_PLACEMENT_3D('',#10495,#8448,#8449);
#7501=AXIS2_PLACEMENT_3D('',#10498,#8451,#8452);
#7502=AXIS2_PLACEMENT_3D('',#10499,#8453,#8454);
#7503=AXIS2_PLACEMENT_3D('',#10501,#8456,#8457);
#7504=AXIS2_PLACEMENT_3D('',#10503,#8459,#8460);
#7505=AXIS2_PLACEMENT_3D('',#10505,#8461,#8462);
#7506=AXIS2_PLACEMENT_3D('',#10508,#8464,#8465);
#7507=AXIS2_PLACEMENT_3D('',#10509,#8466,#8467);
#7508=AXIS2_PLACEMENT_3D('',#10513,#8469,#8470);
#7509=AXIS2_PLACEMENT_3D('',#10519,#8474,#8475);
#7510=AXIS2_PLACEMENT_3D('',#10521,#8476,#8477);
#7511=AXIS2_PLACEMENT_3D('',#10524,#8479,#8480);
#7512=AXIS2_PLACEMENT_3D('',#10525,#8481,#8482);
#7513=AXIS2_PLACEMENT_3D('',#10534,#8487,#8488);
#7514=AXIS2_PLACEMENT_3D('',#10535,#8489,#8490);
#7515=AXIS2_PLACEMENT_3D('',#10538,#8491,#8492);
#7516=AXIS2_PLACEMENT_3D('',#10542,#8494,#8495);
#7517=AXIS2_PLACEMENT_3D('',#10544,#8497,#8498);
#7518=AXIS2_PLACEMENT_3D('',#10553,#8503,#8504);
#7519=AXIS2_PLACEMENT_3D('',#10554,#8505,#8506);
#7520=AXIS2_PLACEMENT_3D('',#10558,#8508,#8509);
#7521=AXIS2_PLACEMENT_3D('',#10560,#8511,#8512);
#7522=AXIS2_PLACEMENT_3D('',#10562,#8513,#8514);
#7523=AXIS2_PLACEMENT_3D('',#10648,#8518,#8519);
#7524=AXIS2_PLACEMENT_3D('',#10649,#8520,#8521);
#7525=AXIS2_PLACEMENT_3D('',#10685,#8524,#8525);
#7526=AXIS2_PLACEMENT_3D('',#10732,#8526,#8527);
#7527=AXIS2_PLACEMENT_3D('',#10813,#8528,#8529);
#7528=AXIS2_PLACEMENT_3D('',#10814,#8530,#8531);
#7529=AXIS2_PLACEMENT_3D('',#10817,#8534,#8535);
#7530=AXIS2_PLACEMENT_3D('',#10819,#8537,#8538);
#7531=AXIS2_PLACEMENT_3D('',#10822,#8539,#8540);
#7532=AXIS2_PLACEMENT_3D('',#10830,#8544,#8545);
#7533=AXIS2_PLACEMENT_3D('',#10832,#8547,#8548);
#7534=AXIS2_PLACEMENT_3D('',#10835,#8549,#8550);
#7535=AXIS2_PLACEMENT_3D('',#10838,#8553,#8554);
#7536=AXIS2_PLACEMENT_3D('',#10842,#8557,#8558);
#7537=AXIS2_PLACEMENT_3D('',#10844,#8559,#8560);
#7538=AXIS2_PLACEMENT_3D('',#10846,#8562,#8563);
#7539=AXIS2_PLACEMENT_3D('',#10848,#8565,#8566);
#7540=AXIS2_PLACEMENT_3D('',#10852,#8569,#8570);
#7541=AXIS2_PLACEMENT_3D('',#10854,#8572,#8573);
#7542=AXIS2_PLACEMENT_3D('',#10858,#8576,#8577);
#7543=AXIS2_PLACEMENT_3D('',#10860,#8578,#8579);
#7544=AXIS2_PLACEMENT_3D('',#10863,#8581,#8582);
#7545=AXIS2_PLACEMENT_3D('',#10864,#8583,#8584);
#7546=AXIS2_PLACEMENT_3D('',#10866,#8586,#8587);
#7547=AXIS2_PLACEMENT_3D('',#10870,#8590,#8591);
#7548=AXIS2_PLACEMENT_3D('',#10871,#8592,#8593);
#7549=AXIS2_PLACEMENT_3D('',#10873,#8594,#8595);
#7550=AXIS2_PLACEMENT_3D('',#10874,#8596,#8597);
#7551=AXIS2_PLACEMENT_3D('',#10875,#8598,#8599);
#7552=AXIS2_PLACEMENT_3D('',#10878,#8602,#8603);
#7553=AXIS2_PLACEMENT_3D('',#10880,#8604,#8605);
#7554=AXIS2_PLACEMENT_3D('',#10881,#8606,#8607);
#7555=AXIS2_PLACEMENT_3D('',#10882,#8608,#8609);
#7556=AXIS2_PLACEMENT_3D('',#10883,#8610,#8611);
#7557=AXIS2_PLACEMENT_3D('',#10886,#8613,#8614);
#7558=AXIS2_PLACEMENT_3D('',#10887,#8615,#8616);
#7559=AXIS2_PLACEMENT_3D('',#10888,#8617,#8618);
#7560=AXIS2_PLACEMENT_3D('',#10889,#8619,#8620);
#7561=AXIS2_PLACEMENT_3D('',#10890,#8621,#8622);
#7562=AXIS2_PLACEMENT_3D('',#10892,#8623,#8624);
#7563=AXIS2_PLACEMENT_3D('',#10894,#8626,#8627);
#7564=AXIS2_PLACEMENT_3D('',#10895,#8628,#8629);
#7565=AXIS2_PLACEMENT_3D('',#10896,#8630,#8631);
#7566=AXIS2_PLACEMENT_3D('',#10897,#8632,#8633);
#7567=AXIS2_PLACEMENT_3D('',#10898,#8634,#8635);
#7568=AXIS2_PLACEMENT_3D('',#10899,#8636,#8637);
#7569=AXIS2_PLACEMENT_3D('',#10903,#8640,#8641);
#7570=AXIS2_PLACEMENT_3D('',#10905,#8642,#8643);
#7571=AXIS2_PLACEMENT_3D('',#10907,#8645,#8646);
#7572=AXIS2_PLACEMENT_3D('',#10911,#8649,#8650);
#7573=AXIS2_PLACEMENT_3D('',#10913,#8651,#8652);
#7574=AXIS2_PLACEMENT_3D('',#10915,#8654,#8655);
#7575=AXIS2_PLACEMENT_3D('',#10919,#8658,#8659);
#7576=AXIS2_PLACEMENT_3D('',#10921,#8660,#8661);
#7577=AXIS2_PLACEMENT_3D('',#10923,#8663,#8664);
#7578=AXIS2_PLACEMENT_3D('',#10926,#8666,#8667);
#7579=AXIS2_PLACEMENT_3D('',#10927,#8668,#8669);
#7580=AXIS2_PLACEMENT_3D('',#10929,#8671,#8672);
#7581=AXIS2_PLACEMENT_3D('',#10933,#8675,#8676);
#7582=AXIS2_PLACEMENT_3D('',#10935,#8677,#8678);
#7583=AXIS2_PLACEMENT_3D('',#10937,#8680,#8681);
#7584=AXIS2_PLACEMENT_3D('',#10939,#8683,#8684);
#7585=AXIS2_PLACEMENT_3D('',#10940,#8685,#8686);
#7586=AXIS2_PLACEMENT_3D('',#10942,#8688,#8689);
#7587=AXIS2_PLACEMENT_3D('',#10943,#8690,#8691);
#7588=AXIS2_PLACEMENT_3D('',#10945,#8693,#8694);
#7589=AXIS2_PLACEMENT_3D('',#10946,#8695,#8696);
#7590=AXIS2_PLACEMENT_3D('',#10947,#8697,#8698);
#7591=AXIS2_PLACEMENT_3D('',#10948,#8699,#8700);
#7592=AXIS2_PLACEMENT_3D('',#10949,#8701,#8702);
#7593=AXIS2_PLACEMENT_3D('',#10951,#8704,#8705);
#7594=AXIS2_PLACEMENT_3D('',#10952,#8706,#8707);
#7595=AXIS2_PLACEMENT_3D('',#10955,#8709,#8710);
#7596=AXIS2_PLACEMENT_3D('',#10956,#8711,#8712);
#7597=AXIS2_PLACEMENT_3D('',#10957,#8713,#8714);
#7598=AXIS2_PLACEMENT_3D('',#10960,#8716,#8717);
#7599=AXIS2_PLACEMENT_3D('',#10961,#8718,#8719);
#7600=AXIS2_PLACEMENT_3D('',#10962,#8720,#8721);
#7601=AXIS2_PLACEMENT_3D('',#10963,#8722,#8723);
#7602=AXIS2_PLACEMENT_3D('',#10966,#8724,#8725);
#7603=AXIS2_PLACEMENT_3D('',#10970,#8727,#8728);
#7604=AXIS2_PLACEMENT_3D('',#10976,#8732,#8733);
#7605=AXIS2_PLACEMENT_3D('',#10982,#8737,#8738);
#7606=AXIS2_PLACEMENT_3D('',#10984,#8739,#8740);
#7607=AXIS2_PLACEMENT_3D('',#10986,#8742,#8743);
#7608=AXIS2_PLACEMENT_3D('',#10990,#8746,#8747);
#7609=AXIS2_PLACEMENT_3D('',#10996,#8751,#8752);
#7610=AXIS2_PLACEMENT_3D('',#10997,#8753,#8754);
#7611=AXIS2_PLACEMENT_3D('',#10998,#8755,#8756);
#7612=AXIS2_PLACEMENT_3D('',#11004,#8760,#8761);
#7613=AXIS2_PLACEMENT_3D('',#11006,#8762,#8763);
#7614=AXIS2_PLACEMENT_3D('',#11008,#8765,#8766);
#7615=AXIS2_PLACEMENT_3D('',#11012,#8769,#8770);
#7616=AXIS2_PLACEMENT_3D('',#11014,#8772,#8773);
#7617=AXIS2_PLACEMENT_3D('',#11016,#8775,#8776);
#7618=AXIS2_PLACEMENT_3D('',#11018,#8777,#8778);
#7619=AXIS2_PLACEMENT_3D('',#11020,#8780,#8781);
#7620=AXIS2_PLACEMENT_3D('',#11022,#8782,#8783);
#7621=AXIS2_PLACEMENT_3D('',#11024,#8785,#8786);
#7622=AXIS2_PLACEMENT_3D('',#11028,#8789,#8790);
#7623=AXIS2_PLACEMENT_3D('',#11030,#8791,#8792);
#7624=AXIS2_PLACEMENT_3D('',#11031,#8793,#8794);
#7625=AXIS2_PLACEMENT_3D('',#11032,#8795,#8796);
#7626=AXIS2_PLACEMENT_3D('',#11033,#8797,#8798);
#7627=AXIS2_PLACEMENT_3D('',#11034,#8799,#8800);
#7628=AXIS2_PLACEMENT_3D('',#11035,#8801,#8802);
#7629=AXIS2_PLACEMENT_3D('',#11036,#8803,#8804);
#7630=AXIS2_PLACEMENT_3D('',#11038,#8805,#8806);
#7631=AXIS2_PLACEMENT_3D('',#11039,#8807,#8808);
#7632=AXIS2_PLACEMENT_3D('',#11040,#8809,#8810);
#7633=AXIS2_PLACEMENT_3D('',#11041,#8811,#8812);
#7634=AXIS2_PLACEMENT_3D('',#11043,#8814,#8815);
#7635=AXIS2_PLACEMENT_3D('',#11044,#8816,#8817);
#7636=AXIS2_PLACEMENT_3D('',#11045,#8818,#8819);
#7637=AXIS2_PLACEMENT_3D('',#11046,#8820,#8821);
#7638=AXIS2_PLACEMENT_3D('',#11047,#8822,#8823);
#7639=AXIS2_PLACEMENT_3D('',#11050,#8825,#8826);
#7640=AXIS2_PLACEMENT_3D('',#11051,#8827,#8828);
#7641=AXIS2_PLACEMENT_3D('',#11052,#8829,#8830);
#7642=AXIS2_PLACEMENT_3D('',#11053,#8831,#8832);
#7643=AXIS2_PLACEMENT_3D('',#11055,#8834,#8835);
#7644=AXIS2_PLACEMENT_3D('',#11060,#8839,#8840);
#7645=AXIS2_PLACEMENT_3D('',#11061,#8841,#8842);
#7646=AXIS2_PLACEMENT_3D('',#11062,#8843,#8844);
#7647=AXIS2_PLACEMENT_3D('',#11063,#8845,#8846);
#7648=AXIS2_PLACEMENT_3D('',#11065,#8848,#8849);
#7649=AXIS2_PLACEMENT_3D('',#11066,#8850,#8851);
#7650=AXIS2_PLACEMENT_3D('',#11069,#8854,#8855);
#7651=AXIS2_PLACEMENT_3D('',#11071,#8857,#8858);
#7652=AXIS2_PLACEMENT_3D('',#11072,#8859,#8860);
#7653=AXIS2_PLACEMENT_3D('',#11074,#8862,#8863);
#7654=AXIS2_PLACEMENT_3D('',#11076,#8865,#8866);
#7655=AXIS2_PLACEMENT_3D('',#11078,#8868,#8869);
#7656=AXIS2_PLACEMENT_3D('',#11080,#8871,#8872);
#7657=AXIS2_PLACEMENT_3D('',#11082,#8874,#8875);
#7658=AXIS2_PLACEMENT_3D('',#11084,#8877,#8878);
#7659=AXIS2_PLACEMENT_3D('',#11085,#8879,#8880);
#7660=AXIS2_PLACEMENT_3D('',#11086,#8881,#8882);
#7661=AXIS2_PLACEMENT_3D('',#11087,#8883,#8884);
#7662=AXIS2_PLACEMENT_3D('',#11088,#8885,#8886);
#7663=AXIS2_PLACEMENT_3D('',#11089,#8887,#8888);
#7664=AXIS2_PLACEMENT_3D('',#11090,#8889,#8890);
#7665=AXIS2_PLACEMENT_3D('',#11092,#8892,#8893);
#7666=AXIS2_PLACEMENT_3D('',#11093,#8894,#8895);
#7667=AXIS2_PLACEMENT_3D('',#11094,#8896,#8897);
#7668=AXIS2_PLACEMENT_3D('',#11095,#8898,#8899);
#7669=AXIS2_PLACEMENT_3D('',#11104,#8904,#8905);
#7670=AXIS2_PLACEMENT_3D('',#11113,#8910,#8911);
#7671=AXIS2_PLACEMENT_3D('',#11119,#8915,#8916);
#7672=AXIS2_PLACEMENT_3D('',#11125,#8920,#8921);
#7673=AXIS2_PLACEMENT_3D('',#11134,#8926,#8927);
#7674=AXIS2_PLACEMENT_3D('',#11143,#8932,#8933);
#7675=AXIS2_PLACEMENT_3D('',#11149,#8937,#8938);
#7676=AXIS2_PLACEMENT_3D('',#11155,#8942,#8943);
#7677=AXIS2_PLACEMENT_3D('',#11164,#8948,#8949);
#7678=AXIS2_PLACEMENT_3D('',#11173,#8954,#8955);
#7679=AXIS2_PLACEMENT_3D('',#11179,#8959,#8960);
#7680=AXIS2_PLACEMENT_3D('',#11185,#8964,#8965);
#7681=AXIS2_PLACEMENT_3D('',#11194,#8970,#8971);
#7682=AXIS2_PLACEMENT_3D('',#11203,#8976,#8977);
#7683=AXIS2_PLACEMENT_3D('',#11209,#8981,#8982);
#7684=AXIS2_PLACEMENT_3D('',#11215,#8986,#8987);
#7685=AXIS2_PLACEMENT_3D('',#11224,#8992,#8993);
#7686=AXIS2_PLACEMENT_3D('',#11233,#8998,#8999);
#7687=AXIS2_PLACEMENT_3D('',#11239,#9003,#9004);
#7688=AXIS2_PLACEMENT_3D('',#11245,#9008,#9009);
#7689=AXIS2_PLACEMENT_3D('',#11254,#9014,#9015);
#7690=AXIS2_PLACEMENT_3D('',#11263,#9020,#9021);
#7691=AXIS2_PLACEMENT_3D('',#11269,#9025,#9026);
#7692=AXIS2_PLACEMENT_3D('',#11275,#9030,#9031);
#7693=AXIS2_PLACEMENT_3D('',#11284,#9036,#9037);
#7694=AXIS2_PLACEMENT_3D('',#11293,#9042,#9043);
#7695=AXIS2_PLACEMENT_3D('',#11299,#9047,#9048);
#7696=AXIS2_PLACEMENT_3D('',#11305,#9052,#9053);
#7697=AXIS2_PLACEMENT_3D('',#11314,#9058,#9059);
#7698=AXIS2_PLACEMENT_3D('',#11323,#9064,#9065);
#7699=AXIS2_PLACEMENT_3D('',#11329,#9069,#9070);
#7700=AXIS2_PLACEMENT_3D('',#11335,#9074,#9075);
#7701=AXIS2_PLACEMENT_3D('',#11347,#9082,#9083);
#7702=AXIS2_PLACEMENT_3D('',#11359,#9090,#9091);
#7703=AXIS2_PLACEMENT_3D('',#11371,#9098,#9099);
#7704=AXIS2_PLACEMENT_3D('',#11383,#9106,#9107);
#7705=AXIS2_PLACEMENT_3D('',#11395,#9114,#9115);
#7706=AXIS2_PLACEMENT_3D('',#11398,#9118,#9119);
#7707=AXIS2_PLACEMENT_3D('',#11410,#9126,#9127);
#7708=AXIS2_PLACEMENT_3D('',#11415,#9131,#9132);
#7709=AXIS2_PLACEMENT_3D('',#11425,#9138,#9139);
#7710=AXIS2_PLACEMENT_3D('',#11437,#9146,#9147);
#7711=AXIS2_PLACEMENT_3D('',#11449,#9154,#9155);
#7712=AXIS2_PLACEMENT_3D('',#11461,#9162,#9163);
#7713=AXIS2_PLACEMENT_3D('',#11473,#9170,#9171);
#7714=AXIS2_PLACEMENT_3D('',#11485,#9178,#9179);
#7715=AXIS2_PLACEMENT_3D('',#11497,#9186,#9187);
#7716=AXIS2_PLACEMENT_3D('',#11500,#9190,#9191);
#7717=AXIS2_PLACEMENT_3D('',#11512,#9198,#9199);
#7718=AXIS2_PLACEMENT_3D('',#11515,#9202,#9203);
#7719=AXIS2_PLACEMENT_3D('',#11527,#9210,#9211);
#7720=AXIS2_PLACEMENT_3D('',#11537,#9217,#9218);
#7721=AXIS2_PLACEMENT_3D('',#11552,#9221,#9222);
#7722=AXIS2_PLACEMENT_3D('',#11553,#9223,#9224);
#7723=AXIS2_PLACEMENT_3D('',#11558,#9227,#9228);
#7724=AXIS2_PLACEMENT_3D('',#11559,#9229,#9230);
#7725=AXIS2_PLACEMENT_3D('',#11572,#9233,#9234);
#7726=AXIS2_PLACEMENT_3D('',#11582,#9240,#9241);
#7727=AXIS2_PLACEMENT_3D('',#11594,#9248,#9249);
#7728=AXIS2_PLACEMENT_3D('',#11602,#9254,#9255);
#7729=AXIS2_PLACEMENT_3D('',#11603,#9256,#9257);
#7730=AXIS2_PLACEMENT_3D('',#11604,#9258,#9259);
#7731=AXIS2_PLACEMENT_3D('',#11605,#9260,#9261);
#7732=AXIS2_PLACEMENT_3D('',#11609,#9263,#9264);
#7733=AXIS2_PLACEMENT_3D('',#11610,#9265,#9266);
#7734=AXIS2_PLACEMENT_3D('',#11611,#9267,#9268);
#7735=AXIS2_PLACEMENT_3D('',#11614,#9270,#9271);
#7736=AXIS2_PLACEMENT_3D('',#11615,#9272,#9273);
#7737=AXIS2_PLACEMENT_3D('',#11618,#9275,#9276);
#7738=AXIS2_PLACEMENT_3D('',#11620,#9278,#9279);
#7739=AXIS2_PLACEMENT_3D('',#11622,#9281,#9282);
#7740=AXIS2_PLACEMENT_3D('',#11640,#9292,#9293);
#7741=AXIS2_PLACEMENT_3D('',#11645,#9295,#9296);
#7742=AXIS2_PLACEMENT_3D('',#11648,#9298,#9299);
#7743=AXIS2_PLACEMENT_3D('',#11649,#9300,#9301);
#7744=AXIS2_PLACEMENT_3D('',#11654,#9304,#9305);
#7745=AXIS2_PLACEMENT_3D('',#11655,#9306,#9307);
#7746=AXIS2_PLACEMENT_3D('',#11659,#9309,#9310);
#7747=AXIS2_PLACEMENT_3D('',#11661,#9312,#9313);
#7748=AXIS2_PLACEMENT_3D('',#11666,#9317,#9318);
#7749=AXIS2_PLACEMENT_3D('',#11670,#9321,#9322);
#7750=AXIS2_PLACEMENT_3D('',#11676,#9326,#9327);
#7751=AXIS2_PLACEMENT_3D('',#11690,#9341,#9342);
#7752=AXIS2_PLACEMENT_3D('',#11692,#9344,#9345);
#7753=AXIS2_PLACEMENT_3D('',#11693,#9346,#9347);
#7754=AXIS2_PLACEMENT_3D('',#11696,#9350,#9351);
#7755=AXIS2_PLACEMENT_3D('',#11698,#9353,#9354);
#7756=AXIS2_PLACEMENT_3D('',#11700,#9356,#9357);
#7757=AXIS2_PLACEMENT_3D('',#11702,#9359,#9360);
#7758=AXIS2_PLACEMENT_3D('',#11704,#9362,#9363);
#7759=AXIS2_PLACEMENT_3D('',#11706,#9365,#9366);
#7760=AXIS2_PLACEMENT_3D('',#11708,#9368,#9369);
#7761=AXIS2_PLACEMENT_3D('',#11710,#9371,#9372);
#7762=AXIS2_PLACEMENT_3D('',#11714,#9375,#9376);
#7763=AXIS2_PLACEMENT_3D('',#11718,#9379,#9380);
#7764=AXIS2_PLACEMENT_3D('',#11720,#9382,#9383);
#7765=AXIS2_PLACEMENT_3D('',#11723,#9386,#9387);
#7766=AXIS2_PLACEMENT_3D('',#11724,#9388,#9389);
#7767=AXIS2_PLACEMENT_3D('',#11727,#9392,#9393);
#7768=AXIS2_PLACEMENT_3D('',#11728,#9394,#9395);
#7769=AXIS2_PLACEMENT_3D('',#11731,#9398,#9399);
#7770=AXIS2_PLACEMENT_3D('',#11732,#9400,#9401);
#7771=AXIS2_PLACEMENT_3D('',#11735,#9404,#9405);
#7772=AXIS2_PLACEMENT_3D('',#11736,#9406,#9407);
#7773=AXIS2_PLACEMENT_3D('',#11742,#9411,#9412);
#7774=AXIS2_PLACEMENT_3D('',#11747,#9416,#9417);
#7775=AXIS2_PLACEMENT_3D('',#11748,#9418,#9419);
#7776=AXIS2_PLACEMENT_3D('',#11751,#9422,#9423);
#7777=AXIS2_PLACEMENT_3D('',#11752,#9424,#9425);
#7778=AXIS2_PLACEMENT_3D('',#11755,#9428,#9429);
#7779=AXIS2_PLACEMENT_3D('',#11756,#9430,#9431);
#7780=AXIS2_PLACEMENT_3D('',#11759,#9434,#9435);
#7781=AXIS2_PLACEMENT_3D('',#11760,#9436,#9437);
#7782=AXIS2_PLACEMENT_3D('',#11843,#9484,#9485);
#7783=AXIS2_PLACEMENT_3D('',#11852,#9490,#9491);
#7784=AXIS2_PLACEMENT_3D('',#11858,#9495,#9496);
#7785=AXIS2_PLACEMENT_3D('',#11864,#9500,#9501);
#7786=AXIS2_PLACEMENT_3D('',#11866,#9503,#9504);
#7787=AXIS2_PLACEMENT_3D('',#11875,#9509,#9510);
#7788=AXIS2_PLACEMENT_3D('',#11881,#9514,#9515);
#7789=AXIS2_PLACEMENT_3D('',#11887,#9519,#9520);
#7790=AXIS2_PLACEMENT_3D('',#11889,#9522,#9523);
#7791=AXIS2_PLACEMENT_3D('',#11898,#9528,#9529);
#7792=AXIS2_PLACEMENT_3D('',#11904,#9533,#9534);
#7793=AXIS2_PLACEMENT_3D('',#11910,#9538,#9539);
#7794=AXIS2_PLACEMENT_3D('',#11912,#9541,#9542);
#7795=AXIS2_PLACEMENT_3D('',#11921,#9547,#9548);
#7796=AXIS2_PLACEMENT_3D('',#11927,#9552,#9553);
#7797=AXIS2_PLACEMENT_3D('',#11933,#9557,#9558);
#7798=AXIS2_PLACEMENT_3D('',#11935,#9560,#9561);
#7799=AXIS2_PLACEMENT_3D('',#11944,#9566,#9567);
#7800=AXIS2_PLACEMENT_3D('',#11950,#9571,#9572);
#7801=AXIS2_PLACEMENT_3D('',#11956,#9576,#9577);
#7802=AXIS2_PLACEMENT_3D('',#11958,#9579,#9580);
#7803=AXIS2_PLACEMENT_3D('',#11967,#9585,#9586);
#7804=AXIS2_PLACEMENT_3D('',#11973,#9590,#9591);
#7805=AXIS2_PLACEMENT_3D('',#11979,#9595,#9596);
#7806=AXIS2_PLACEMENT_3D('',#11981,#9598,#9599);
#7807=AXIS2_PLACEMENT_3D('',#11990,#9604,#9605);
#7808=AXIS2_PLACEMENT_3D('',#11996,#9609,#9610);
#7809=AXIS2_PLACEMENT_3D('',#12002,#9614,#9615);
#7810=AXIS2_PLACEMENT_3D('',#12004,#9617,#9618);
#7811=AXIS2_PLACEMENT_3D('',#12013,#9623,#9624);
#7812=AXIS2_PLACEMENT_3D('',#12019,#9628,#9629);
#7813=AXIS2_PLACEMENT_3D('',#12025,#9633,#9634);
#7814=AXIS2_PLACEMENT_3D('',#12027,#9636,#9637);
#7815=AXIS2_PLACEMENT_3D('',#12054,#9656,#9657);
#7816=AXIS2_PLACEMENT_3D('',#12056,#9659,#9660);
#7817=AXIS2_PLACEMENT_3D('',#12062,#9664,#9665);
#7818=AXIS2_PLACEMENT_3D('',#12068,#9669,#9670);
#7819=AXIS2_PLACEMENT_3D('',#12074,#9674,#9675);
#7820=AXIS2_PLACEMENT_3D('',#12080,#9679,#9680);
#7821=AXIS2_PLACEMENT_3D('',#12086,#9684,#9685);
#7822=AXIS2_PLACEMENT_3D('',#12092,#9689,#9690);
#7823=AXIS2_PLACEMENT_3D('',#12094,#9692,#9693);
#7824=AXIS2_PLACEMENT_3D('',#12100,#9697,#9698);
#7825=AXIS2_PLACEMENT_3D('',#12106,#9702,#9703);
#7826=AXIS2_PLACEMENT_3D('',#12112,#9707,#9708);
#7827=AXIS2_PLACEMENT_3D('',#12118,#9712,#9713);
#7828=AXIS2_PLACEMENT_3D('',#12124,#9717,#9718);
#7829=AXIS2_PLACEMENT_3D('',#12130,#9722,#9723);
#7830=AXIS2_PLACEMENT_3D('',#12136,#9727,#9728);
#7831=AXIS2_PLACEMENT_3D('',#12142,#9732,#9733);
#7832=AXIS2_PLACEMENT_3D('',#12144,#9735,#9736);
#7833=AXIS2_PLACEMENT_3D('',#12146,#9738,#9739);
#7834=AXIS2_PLACEMENT_3D('',#12148,#9741,#9742);
#7835=AXIS2_PLACEMENT_3D('',#12150,#9744,#9745);
#7836=AXIS2_PLACEMENT_3D('',#12152,#9747,#9748);
#7837=AXIS2_PLACEMENT_3D('',#12154,#9750,#9751);
#7838=AXIS2_PLACEMENT_3D('',#12156,#9753,#9754);
#7839=AXIS2_PLACEMENT_3D('',#12158,#9756,#9757);
#7840=AXIS2_PLACEMENT_3D('',#12160,#9759,#9760);
#7841=AXIS2_PLACEMENT_3D('',#12162,#9762,#9763);
#7842=AXIS2_PLACEMENT_3D('',#12164,#9765,#9766);
#7843=AXIS2_PLACEMENT_3D('',#12166,#9768,#9769);
#7844=AXIS2_PLACEMENT_3D('',#12168,#9771,#9772);
#7845=AXIS2_PLACEMENT_3D('',#12170,#9774,#9775);
#7846=AXIS2_PLACEMENT_3D('',#12172,#9777,#9778);
#7847=AXIS2_PLACEMENT_3D('',#12173,#9779,#9780);
#7848=AXIS2_PLACEMENT_3D('',#12174,#9781,#9782);
#7849=AXIS2_PLACEMENT_3D('',#12175,#9783,#9784);
#7850=AXIS2_PLACEMENT_3D('',#12176,#9785,#9786);
#7851=AXIS2_PLACEMENT_3D('',#12178,#9788,#9789);
#7852=AXIS2_PLACEMENT_3D('',#12179,#9790,#9791);
#7853=AXIS2_PLACEMENT_3D('',#12180,#9792,#9793);
#7854=AXIS2_PLACEMENT_3D('',#12181,#9794,#9795);
#7855=AXIS2_PLACEMENT_3D('',#12183,#9797,#9798);
#7856=AXIS2_PLACEMENT_3D('',#12193,#9808,#9809);
#7857=AXIS2_PLACEMENT_3D('',#12194,#9810,#9811);
#7858=AXIS2_PLACEMENT_3D('',#12198,#9814,#9815);
#7859=AXIS2_PLACEMENT_3D('',#12202,#9818,#9819);
#7860=AXIS2_PLACEMENT_3D('',#12204,#9821,#9822);
#7861=AXIS2_PLACEMENT_3D('',#12205,#9823,#9824);
#7862=AXIS2_PLACEMENT_3D('',#12209,#9827,#9828);
#7863=AXIS2_PLACEMENT_3D('',#12213,#9831,#9832);
#7864=AXIS2_PLACEMENT_3D('',#12215,#9834,#9835);
#7865=AXIS2_PLACEMENT_3D('',#12216,#9836,#9837);
#7866=AXIS2_PLACEMENT_3D('',#12217,#9838,#9839);
#7867=AXIS2_PLACEMENT_3D('',#12218,#9840,#9841);
#7868=AXIS2_PLACEMENT_3D('',#12219,#9842,#9843);
#7869=AXIS2_PLACEMENT_3D('',#12220,#9844,#9845);
#7870=AXIS2_PLACEMENT_3D('',#12221,#9846,#9847);
#7871=DIRECTION('axis',(0.,0.,1.));
#7872=DIRECTION('refdir',(1.,0.,0.));
#7873=DIRECTION('axis',(0.,0.,1.));
#7874=DIRECTION('refdir',(1.,0.,0.));
#7875=DIRECTION('axis',(0.,0.,1.));
#7876=DIRECTION('refdir',(1.,0.,0.));
#7877=DIRECTION('center_axis',(1.,0.,0.));
#7878=DIRECTION('ref_axis',(0.,1.,0.));
#7879=DIRECTION('',(0.,0.750328004734609,0.661065719358507));
#7880=DIRECTION('',(0.,1.,2.52323414687536E-16));
#7881=DIRECTION('',(0.,0.966234939601246,0.257662650560335));
#7882=DIRECTION('',(0.,0.,-1.));
#7883=DIRECTION('',(0.,1.,1.06639843154785E-14));
#7884=DIRECTION('',(0.,4.47670574445638E-16,1.));
#7885=DIRECTION('',(0.,1.,0.));
#7886=DIRECTION('',(0.,1.27905878413036E-16,-1.));
#7887=DIRECTION('',(0.,1.,-2.43469961540605E-16));
#7888=DIRECTION('',(0.,0.,-1.));
#7889=DIRECTION('',(0.,-1.,-9.25185853854297E-16));
#7890=DIRECTION('',(0.,-0.99472792615428,0.102549270737555));
#7891=DIRECTION('',(0.,-1.22464679914735E-16,1.));
#7892=DIRECTION('',(0.,-1.,0.));
#7893=DIRECTION('center_axis',(-1.,0.,0.));
#7894=DIRECTION('ref_axis',(0.,-0.661065719358512,0.750328004734605));
#7895=DIRECTION('center_axis',(0.,-2.52323414687536E-16,1.));
#7896=DIRECTION('ref_axis',(0.,-1.,-2.52323414687536E-16));
#7897=DIRECTION('',(-1.,0.,0.));
#7898=DIRECTION('',(0.,-1.,-2.52323414687536E-16));
#7899=DIRECTION('',(1.,0.,0.));
#7900=DIRECTION('center_axis',(0.,-0.257662650560335,0.966234939601246));
#7901=DIRECTION('ref_axis',(0.,-0.966234939601246,-0.257662650560335));
#7902=DIRECTION('',(0.,-0.966234939601246,-0.257662650560335));
#7903=DIRECTION('',(1.,0.,0.));
#7904=DIRECTION('center_axis',(0.,1.,0.));
#7905=DIRECTION('ref_axis',(0.,0.,1.));
#7906=DIRECTION('',(0.,0.,1.));
#7907=DIRECTION('',(1.,0.,0.));
#7908=DIRECTION('center_axis',(0.,-1.06639843154785E-14,1.));
#7909=DIRECTION('ref_axis',(0.,-1.,-1.06639843154785E-14));
#7910=DIRECTION('',(0.,-1.,-1.06639843154785E-14));
#7911=DIRECTION('',(1.,0.,0.));
#7912=DIRECTION('center_axis',(0.,-1.,4.47670574445638E-16));
#7913=DIRECTION('ref_axis',(0.,-4.47670574445638E-16,-1.));
#7914=DIRECTION('',(0.,-4.47670574445638E-16,-1.));
#7915=DIRECTION('',(1.,0.,0.));
#7916=DIRECTION('center_axis',(0.,0.,1.));
#7917=DIRECTION('ref_axis',(0.,-1.,0.));
#7918=DIRECTION('',(0.,-1.,0.));
#7919=DIRECTION('',(1.,0.,0.));
#7920=DIRECTION('center_axis',(0.,1.,1.27905878413036E-16));
#7921=DIRECTION('ref_axis',(0.,-1.27905878413036E-16,1.));
#7922=DIRECTION('',(0.,-1.27905878413036E-16,1.));
#7923=DIRECTION('',(1.,0.,0.));
#7924=DIRECTION('center_axis',(0.,2.43469961540605E-16,1.));
#7925=DIRECTION('ref_axis',(0.,-1.,2.43469961540605E-16));
#7926=DIRECTION('',(0.,-1.,2.43469961540605E-16));
#7927=DIRECTION('',(1.,0.,0.));
#7928=DIRECTION('center_axis',(0.,1.,0.));
#7929=DIRECTION('ref_axis',(0.,0.,1.));
#7930=DIRECTION('',(0.,0.,1.));
#7931=DIRECTION('',(1.,0.,0.));
#7932=DIRECTION('center_axis',(0.,9.25185853854297E-16,-1.));
#7933=DIRECTION('ref_axis',(0.,1.,9.25185853854297E-16));
#7934=DIRECTION('',(0.,1.,9.25185853854297E-16));
#7935=DIRECTION('',(1.,0.,0.));
#7936=DIRECTION('center_axis',(0.,-0.102549270737555,-0.994727926154281));
#7937=DIRECTION('ref_axis',(0.,0.99472792615428,-0.102549270737555));
#7938=DIRECTION('',(0.,0.99472792615428,-0.102549270737555));
#7939=DIRECTION('',(1.,0.,0.));
#7940=DIRECTION('center_axis',(0.,-1.,-1.22464679914735E-16));
#7941=DIRECTION('ref_axis',(0.,1.22464679914735E-16,-1.));
#7942=DIRECTION('',(0.,1.22464679914735E-16,-1.));
#7943=DIRECTION('',(1.,0.,0.));
#7944=DIRECTION('center_axis',(0.,0.,-1.));
#7945=DIRECTION('ref_axis',(0.,1.,0.));
#7946=DIRECTION('',(0.,1.,0.));
#7947=DIRECTION('',(1.,0.,0.));
#7948=DIRECTION('center_axis',(1.,0.,0.));
#7949=DIRECTION('ref_axis',(0.,-0.661065719358512,0.750328004734605));
#7950=DIRECTION('center_axis',(1.,0.,0.));
#7951=DIRECTION('ref_axis',(0.,-0.661065719358512,0.750328004734605));
#7952=DIRECTION('',(1.,0.,0.));
#7953=DIRECTION('center_axis',(0.,-0.661065719358507,0.750328004734609));
#7954=DIRECTION('ref_axis',(0.,-0.750328004734609,-0.661065719358507));
#7955=DIRECTION('',(0.,-0.750328004734609,-0.661065719358507));
#7956=DIRECTION('center_axis',(1.,0.,0.));
#7957=DIRECTION('ref_axis',(0.,1.,0.));
#7958=DIRECTION('',(0.,0.,1.));
#7959=DIRECTION('',(1.,0.,0.));
#7960=DIRECTION('',(0.,0.,1.));
#7961=DIRECTION('',(1.,0.,0.));
#7962=DIRECTION('',(0.,0.,1.));
#7963=DIRECTION('',(1.,0.,0.));
#7964=DIRECTION('',(0.,0.,1.));
#7965=DIRECTION('',(1.,0.,0.));
#7966=DIRECTION('',(0.,0.,1.));
#7967=DIRECTION('',(1.,0.,0.));
#7968=DIRECTION('',(0.,0.,1.));
#7969=DIRECTION('',(1.,0.,0.));
#7970=DIRECTION('',(0.,0.,1.));
#7971=DIRECTION('',(1.,0.,0.));
#7972=DIRECTION('',(0.,0.,1.));
#7973=DIRECTION('',(1.,0.,0.));
#7974=DIRECTION('axis',(0.,0.,1.));
#7975=DIRECTION('refdir',(1.,0.,0.));
#7976=DIRECTION('center_axis',(0.422618261740701,-2.46947644637677E-16,
0.906307787036649));
#7977=DIRECTION('ref_axis',(0.906307787036649,5.47469747684185E-17,-0.422618261740701));
#7978=DIRECTION('',(5.75816785561091E-16,1.,3.96880143167709E-18));
#7979=DIRECTION('',(0.906307787036649,5.47469747684185E-17,-0.422618261740701));
#7980=DIRECTION('center_axis',(0.422618261740701,-2.46947644637677E-16,
0.906307787036649));
#7981=DIRECTION('ref_axis',(0.640856382055795,0.70710678118654,-0.298836238730124));
#7982=DIRECTION('',(-5.51229181158538E-16,-1.,-1.54341896602728E-17));
#7983=DIRECTION('center_axis',(0.422618261740701,-2.46947644637677E-16,
0.906307787036649));
#7984=DIRECTION('ref_axis',(0.640856382055779,-0.707106781186557,-0.298836238730117));
#7985=DIRECTION('',(-0.906307787036649,-5.47469747684185E-17,0.422618261740701));
#7986=DIRECTION('center_axis',(5.8432790769745E-16,1.,0.));
#7987=DIRECTION('ref_axis',(0.,0.,1.));
#7988=DIRECTION('',(-0.422618261740701,2.46947644637677E-16,-0.906307787036649));
#7989=DIRECTION('center_axis',(5.8432790769745E-16,1.,0.));
#7990=DIRECTION('ref_axis',(-1.85037170770859E-15,0.,1.));
#7991=DIRECTION('',(0.,0.,-1.));
#7992=DIRECTION('center_axis',(-5.8432790769745E-16,-1.,0.));
#7993=DIRECTION('ref_axis',(0.422618261740698,0.,0.906307787036651));
#7994=DIRECTION('center_axis',(5.8432790769745E-16,1.,0.));
#7995=DIRECTION('ref_axis',(0.,0.,1.));
#7996=DIRECTION('',(-5.75816785561091E-16,-1.,-3.96880143167709E-18));
#7997=DIRECTION('center_axis',(-5.8432790769745E-16,-1.,0.));
#7998=DIRECTION('ref_axis',(0.422618261740699,0.,0.90630778703665));
#7999=DIRECTION('',(-5.74936923466598E-16,-1.,0.));
#8000=DIRECTION('center_axis',(5.47469747684185E-17,1.,2.46947644637677E-16));
#8001=DIRECTION('ref_axis',(-0.422618261740699,2.46947644637677E-16,-0.90630778703665));
#8002=DIRECTION('',(0.422618261740701,-2.46947644637677E-16,0.906307787036649));
#8003=DIRECTION('',(-0.906307787036649,-5.47469747684185E-17,0.422618261740701));
#8004=DIRECTION('',(0.422618261740701,-2.46947644637677E-16,0.906307787036649));
#8005=DIRECTION('center_axis',(5.47469747684185E-17,1.,2.46947644637677E-16));
#8006=DIRECTION('ref_axis',(0.906307787036649,5.47469747684185E-17,-0.422618261740701));
#8007=DIRECTION('',(-0.422618261740701,2.46947644637677E-16,-0.906307787036649));
#8008=DIRECTION('',(0.906307787036649,5.47469747684185E-17,-0.422618261740701));
#8009=DIRECTION('center_axis',(0.,0.,1.));
#8010=DIRECTION('ref_axis',(1.,0.,0.));
#8011=DIRECTION('',(-1.,0.,0.));
#8012=DIRECTION('',(0.,-1.,0.));
#8013=DIRECTION('',(1.,3.82191448399456E-17,0.));
#8014=DIRECTION('',(0.,1.,0.));
#8015=DIRECTION('',(-1.,0.,0.));
#8016=DIRECTION('',(2.9738116731031E-16,1.,0.));
#8017=DIRECTION('',(1.,0.,0.));
#8018=DIRECTION('center_axis',(0.,0.,1.));
#8019=DIRECTION('ref_axis',(0.70710678118654,0.707106781186555,0.));
#8020=DIRECTION('',(-3.70074341541719E-15,-1.,0.));
#8021=DIRECTION('center_axis',(0.,0.,1.));
#8022=DIRECTION('ref_axis',(0.707106781186555,-0.70710678118654,0.));
#8023=DIRECTION('',(-1.,0.,0.));
#8024=DIRECTION('center_axis',(0.,0.,1.));
#8025=DIRECTION('ref_axis',(-0.707106781186555,-0.70710678118654,0.));
#8026=DIRECTION('',(-1.2335811384724E-15,1.,0.));
#8027=DIRECTION('center_axis',(0.,0.,1.));
#8028=DIRECTION('ref_axis',(-0.70710678118654,0.707106781186555,0.));
#8029=DIRECTION('',(1.,0.,0.));
#8030=DIRECTION('center_axis',(0.,0.,1.));
#8031=DIRECTION('ref_axis',(-1.,0.,0.));
#8032=DIRECTION('center_axis',(0.,0.,1.));
#8033=DIRECTION('ref_axis',(-1.,0.,0.));
#8034=DIRECTION('center_axis',(0.,1.,0.));
#8035=DIRECTION('ref_axis',(1.77635683940025E-15,0.,-1.));
#8036=DIRECTION('',(0.,0.,1.));
#8037=DIRECTION('',(1.,0.,0.));
#8038=DIRECTION('',(0.,0.,1.));
#8039=DIRECTION('center_axis',(5.8432790769745E-16,1.,0.));
#8040=DIRECTION('ref_axis',(0.,0.,1.));
#8041=DIRECTION('',(5.74936923466598E-16,1.,0.));
#8042=DIRECTION('center_axis',(5.8432790769745E-16,1.,0.));
#8043=DIRECTION('ref_axis',(0.,0.,1.));
#8044=DIRECTION('center_axis',(2.73734918925423E-17,1.,-1.23473842654615E-16));
#8045=DIRECTION('ref_axis',(0.422618261740701,-1.23473842654615E-16,-0.906307787036649));
#8046=DIRECTION('',(0.422618261740699,-1.23473842654615E-16,-0.90630778703665));
#8047=DIRECTION('',(0.90630778703665,2.73734918925423E-17,0.422618261740699));
#8048=DIRECTION('',(0.422618261740699,-1.23473842654615E-16,-0.90630778703665));
#8049=DIRECTION('',(-0.90630778703665,-2.73734918925423E-17,-0.422618261740699));
#8050=DIRECTION('center_axis',(-2.92164001967273E-16,-1.,0.));
#8051=DIRECTION('ref_axis',(0.,0.,1.));
#8052=DIRECTION('',(2.96892359543925E-16,1.,2.20486934848789E-18));
#8053=DIRECTION('center_axis',(2.92164001967273E-16,1.,0.));
#8054=DIRECTION('ref_axis',(-0.422618261740697,0.,0.906307787036651));
#8055=DIRECTION('center_axis',(-2.92164001967273E-16,-1.,0.));
#8056=DIRECTION('ref_axis',(1.85037170770859E-15,0.,1.));
#8057=DIRECTION('center_axis',(2.92164001967273E-16,1.,0.));
#8058=DIRECTION('ref_axis',(0.,0.,1.));
#8059=DIRECTION('',(-0.422618261740699,1.23473842654615E-16,0.90630778703665));
#8060=DIRECTION('center_axis',(-2.92164001967273E-16,-1.,0.));
#8061=DIRECTION('ref_axis',(5.55111512312578E-15,0.,1.));
#8062=DIRECTION('',(0.,0.,1.));
#8063=DIRECTION('center_axis',(-0.422618261740699,1.23473842654615E-16,
0.90630778703665));
#8064=DIRECTION('ref_axis',(0.90630778703665,2.73734918925423E-17,0.422618261740699));
#8065=DIRECTION('',(-2.96892359543925E-16,-1.,-2.20486934848789E-18));
#8066=DIRECTION('',(-0.90630778703665,-2.73734918925423E-17,-0.422618261740699));
#8067=DIRECTION('center_axis',(-0.422618261740699,1.23473842654615E-16,
0.90630778703665));
#8068=DIRECTION('ref_axis',(-0.640856382055782,-0.707106781186555,-0.298836238730116));
#8069=DIRECTION('',(-4.69108632728425E-16,1.,-3.54987259502436E-16));
#8070=DIRECTION('center_axis',(-0.422618261740699,1.23473842654615E-16,
0.90630778703665));
#8071=DIRECTION('ref_axis',(-0.64085638205578,0.707106781186557,-0.298836238730115));
#8072=DIRECTION('center_axis',(-0.422618261740699,1.23473842654615E-16,
0.90630778703665));
#8073=DIRECTION('ref_axis',(0.90630778703665,2.73734918925423E-17,0.422618261740699));
#8074=DIRECTION('center_axis',(0.422618261740699,-1.23473842654615E-16,
-0.90630778703665));
#8075=DIRECTION('ref_axis',(-0.64085638205578,0.707106781186557,-0.298836238730115));
#8076=DIRECTION('',(4.69108632728425E-16,-1.,3.54987259502436E-16));
#8077=DIRECTION('center_axis',(0.422618261740699,-1.23473842654615E-16,
-0.90630778703665));
#8078=DIRECTION('ref_axis',(-0.640856382055782,-0.707106781186555,-0.298836238730116));
#8079=DIRECTION('',(0.90630778703665,2.73734918925423E-17,0.422618261740699));
#8080=DIRECTION('center_axis',(0.,1.,0.));
#8081=DIRECTION('ref_axis',(1.,0.,0.));
#8082=DIRECTION('',(-1.,0.,0.));
#8083=DIRECTION('',(0.,0.,-1.));
#8084=DIRECTION('center_axis',(0.,0.,1.));
#8085=DIRECTION('ref_axis',(1.,0.,0.));
#8086=DIRECTION('',(-1.,0.,0.));
#8087=DIRECTION('center_axis',(0.,0.,-1.));
#8088=DIRECTION('ref_axis',(-0.70710678118654,0.707106781186555,0.));
#8089=DIRECTION('',(1.2335811384724E-15,-1.,0.));
#8090=DIRECTION('center_axis',(0.,0.,-1.));
#8091=DIRECTION('ref_axis',(-0.707106781186555,-0.70710678118654,0.));
#8092=DIRECTION('',(1.,0.,0.));
#8093=DIRECTION('center_axis',(0.,0.,-1.));
#8094=DIRECTION('ref_axis',(0.707106781186555,-0.70710678118654,0.));
#8095=DIRECTION('',(3.70074341541719E-15,1.,0.));
#8096=DIRECTION('center_axis',(0.,0.,-1.));
#8097=DIRECTION('ref_axis',(0.70710678118654,0.707106781186555,0.));
#8098=DIRECTION('',(-2.9738116731031E-16,-1.,0.));
#8099=DIRECTION('',(1.,0.,0.));
#8100=DIRECTION('',(0.,-1.,0.));
#8101=DIRECTION('',(-1.,-3.82191448399456E-17,0.));
#8102=DIRECTION('',(0.,1.,0.));
#8103=DIRECTION('center_axis',(0.,0.,-1.));
#8104=DIRECTION('ref_axis',(1.,0.,0.));
#8105=DIRECTION('center_axis',(0.,0.,-1.));
#8106=DIRECTION('ref_axis',(1.,0.,0.));
#8107=DIRECTION('center_axis',(2.92164001967273E-16,1.,0.));
#8108=DIRECTION('ref_axis',(0.,0.,1.));
#8109=DIRECTION('',(0.,0.,-1.));
#8110=DIRECTION('center_axis',(2.92164001967273E-16,1.,0.));
#8111=DIRECTION('ref_axis',(-0.422618261740693,0.,0.906307787036653));
#8112=DIRECTION('center_axis',(0.,0.,-1.));
#8113=DIRECTION('ref_axis',(-0.707106781186555,-0.70710678118654,0.));
#8114=DIRECTION('',(0.,0.,-1.));
#8115=DIRECTION('',(0.,0.,1.));
#8116=DIRECTION('center_axis',(0.,-1.,0.));
#8117=DIRECTION('ref_axis',(-1.,0.,0.));
#8118=DIRECTION('',(0.,0.,1.));
#8119=DIRECTION('center_axis',(0.,0.,-1.));
#8120=DIRECTION('ref_axis',(0.70710678118654,0.707106781186555,0.));
#8121=DIRECTION('',(0.,0.,1.));
#8122=DIRECTION('center_axis',(2.73734918925423E-17,1.,-1.23473842654615E-16));
#8123=DIRECTION('ref_axis',(0.90630778703665,2.73734918925423E-17,0.422618261740699));
#8124=DIRECTION('',(-0.422618261740699,1.23473842654615E-16,0.90630778703665));
#8125=DIRECTION('center_axis',(0.,0.,-1.));
#8126=DIRECTION('ref_axis',(0.707106781186555,-0.70710678118654,0.));
#8127=DIRECTION('',(0.,0.,-1.));
#8128=DIRECTION('center_axis',(1.,-3.70074341541719E-15,0.));
#8129=DIRECTION('ref_axis',(-3.70074341541719E-15,-1.,0.));
#8130=DIRECTION('center_axis',(0.,0.,-1.));
#8131=DIRECTION('ref_axis',(-0.70710678118654,0.707106781186555,0.));
#8132=DIRECTION('',(0.,0.,-1.));
#8133=DIRECTION('',(0.,0.,1.));
#8134=DIRECTION('center_axis',(-1.,-1.2335811384724E-15,0.));
#8135=DIRECTION('ref_axis',(-1.2335811384724E-15,1.,0.));
#8136=DIRECTION('center_axis',(0.,0.,1.));
#8137=DIRECTION('ref_axis',(1.,0.,0.));
#8138=DIRECTION('center_axis',(0.,0.,1.));
#8139=DIRECTION('ref_axis',(1.,0.,0.));
#8140=DIRECTION('center_axis',(0.,-1.,0.));
#8141=DIRECTION('ref_axis',(-1.,0.,0.));
#8142=DIRECTION('center_axis',(0.,0.,-1.));
#8143=DIRECTION('ref_axis',(1.,0.,0.));
#8144=DIRECTION('center_axis',(0.,0.,1.));
#8145=DIRECTION('ref_axis',(1.,0.,0.));
#8146=DIRECTION('center_axis',(0.,0.,1.));
#8147=DIRECTION('ref_axis',(1.,0.,0.));
#8148=DIRECTION('',(0.,0.,1.));
#8149=DIRECTION('center_axis',(0.,0.,-1.));
#8150=DIRECTION('ref_axis',(1.,0.,0.));
#8151=DIRECTION('center_axis',(0.,0.,1.));
#8152=DIRECTION('ref_axis',(1.,0.,0.));
#8153=DIRECTION('center_axis',(2.41352831440251E-16,-1.,0.));
#8154=DIRECTION('ref_axis',(-1.,-2.41352831440251E-16,0.));
#8155=DIRECTION('center_axis',(-2.92164001967273E-16,-1.,0.));
#8156=DIRECTION('ref_axis',(0.,0.,1.));
#8157=DIRECTION('center_axis',(0.,0.,1.));
#8158=DIRECTION('ref_axis',(1.,0.,0.));
#8159=DIRECTION('center_axis',(0.,0.,1.));
#8160=DIRECTION('ref_axis',(1.,0.,0.));
#8161=DIRECTION('center_axis',(0.,-1.,0.));
#8162=DIRECTION('ref_axis',(-1.,0.,0.));
#8163=DIRECTION('center_axis',(0.,0.,-1.));
#8164=DIRECTION('ref_axis',(1.,0.,0.));
#8165=DIRECTION('center_axis',(0.,0.,1.));
#8166=DIRECTION('ref_axis',(1.,0.,0.));
#8167=DIRECTION('center_axis',(0.,0.,1.));
#8168=DIRECTION('ref_axis',(1.,0.,0.));
#8169=DIRECTION('',(0.,0.,1.));
#8170=DIRECTION('center_axis',(0.,0.,-1.));
#8171=DIRECTION('ref_axis',(1.,0.,0.));
#8172=DIRECTION('center_axis',(0.,0.,1.));
#8173=DIRECTION('ref_axis',(1.,0.,0.));
#8174=DIRECTION('center_axis',(2.41352831440251E-16,-1.,0.));
#8175=DIRECTION('ref_axis',(-1.,-2.41352831440251E-16,0.));
#8176=DIRECTION('center_axis',(0.,0.,-1.));
#8177=DIRECTION('ref_axis',(-1.,0.,0.));
#8178=DIRECTION('center_axis',(0.,0.,-1.));
#8179=DIRECTION('ref_axis',(-1.,0.,0.));
#8180=DIRECTION('center_axis',(-2.17690789142188E-16,-1.,0.));
#8181=DIRECTION('ref_axis',(1.,-2.17690789142188E-16,0.));
#8182=DIRECTION('center_axis',(0.422618261740701,-2.46947644637677E-16,
0.906307787036649));
#8183=DIRECTION('ref_axis',(0.906307787036649,5.47469747684185E-17,-0.422618261740701));
#8184=DIRECTION('center_axis',(-0.422618261740701,2.46947644637677E-16,
-0.906307787036649));
#8185=DIRECTION('ref_axis',(0.640856382055779,-0.707106781186557,-0.298836238730117));
#8186=DIRECTION('',(5.51229181158538E-16,1.,1.54341896602728E-17));
#8187=DIRECTION('center_axis',(-0.422618261740701,2.46947644637677E-16,
-0.906307787036649));
#8188=DIRECTION('ref_axis',(0.640856382055795,0.70710678118654,-0.298836238730124));
#8189=DIRECTION('center_axis',(0.,0.,1.));
#8190=DIRECTION('ref_axis',(-1.,0.,0.));
#8191=DIRECTION('center_axis',(0.,0.,1.));
#8192=DIRECTION('ref_axis',(-1.,0.,0.));
#8193=DIRECTION('',(0.,0.,-1.));
#8194=DIRECTION('center_axis',(0.,0.,1.));
#8195=DIRECTION('ref_axis',(-1.,0.,0.));
#8196=DIRECTION('center_axis',(0.,0.,-1.));
#8197=DIRECTION('ref_axis',(-1.,0.,0.));
#8198=DIRECTION('center_axis',(0.,0.,-1.));
#8199=DIRECTION('ref_axis',(-1.,0.,0.));
#8200=DIRECTION('center_axis',(-2.17690789142188E-16,-1.,0.));
#8201=DIRECTION('ref_axis',(1.,-2.17690789142188E-16,0.));
#8202=DIRECTION('center_axis',(0.,0.,1.));
#8203=DIRECTION('ref_axis',(-1.,0.,0.));
#8204=DIRECTION('center_axis',(0.,0.,1.));
#8205=DIRECTION('ref_axis',(-1.,0.,0.));
#8206=DIRECTION('',(0.,0.,-1.));
#8207=DIRECTION('center_axis',(0.,0.,1.));
#8208=DIRECTION('ref_axis',(-1.,0.,0.));
#8209=DIRECTION('center_axis',(0.,0.,1.));
#8210=DIRECTION('ref_axis',(1.,0.,0.));
#8211=DIRECTION('center_axis',(0.,0.,-1.));
#8212=DIRECTION('ref_axis',(-1.,0.,0.));
#8213=DIRECTION('center_axis',(2.36217664813863E-16,-1.,0.));
#8214=DIRECTION('ref_axis',(-1.,-2.36217664813863E-16,0.));
#8215=DIRECTION('center_axis',(0.,0.,1.));
#8216=DIRECTION('ref_axis',(-1.,0.,0.));
#8217=DIRECTION('center_axis',(0.,0.,1.));
#8218=DIRECTION('ref_axis',(1.,0.,0.));
#8219=DIRECTION('center_axis',(0.,0.,-1.));
#8220=DIRECTION('ref_axis',(-1.,0.,0.));
#8221=DIRECTION('center_axis',(2.36217664813863E-16,-1.,0.));
#8222=DIRECTION('ref_axis',(-1.,-2.36217664813863E-16,0.));
#8223=DIRECTION('center_axis',(0.,0.,1.));
#8224=DIRECTION('ref_axis',(-1.,0.,0.));
#8225=DIRECTION('center_axis',(4.49068206100578E-15,8.6859011237336E-31,
1.));
#8226=DIRECTION('ref_axis',(-0.707106781186554,0.707106781186541,0.));
#8227=DIRECTION('center_axis',(-3.49148133884313E-15,0.,-1.));
#8228=DIRECTION('ref_axis',(-0.707106781186554,0.707106781186541,0.));
#8229=DIRECTION('',(-4.49068206100578E-15,-8.6859011237336E-31,-1.));
#8230=DIRECTION('center_axis',(4.49068206100578E-15,0.,1.));
#8231=DIRECTION('ref_axis',(-0.707106781186554,0.707106781186541,0.));
#8232=DIRECTION('',(4.49068206100578E-15,8.6859011237336E-31,1.));
#8233=DIRECTION('center_axis',(-2.06361158149774E-16,1.,5.81122386182046E-32));
#8234=DIRECTION('ref_axis',(-1.,-2.06361158149774E-16,3.39626946809922E-16));
#8235=DIRECTION('',(1.,2.06361158149774E-16,-3.49148133884313E-15));
#8236=DIRECTION('',(0.,5.81122386182046E-32,-1.));
#8237=DIRECTION('center_axis',(-2.06361158149774E-16,1.,5.81122386182046E-32));
#8238=DIRECTION('ref_axis',(0.707106781186551,0.,0.707106781186544));
#8239=DIRECTION('',(-1.,-2.06361158149774E-16,4.49068206100578E-15));
#8240=DIRECTION('center_axis',(-3.49148133884313E-15,0.,-1.));
#8241=DIRECTION('ref_axis',(-1.,0.,3.49148133884313E-15));
#8242=DIRECTION('',(0.,-1.,0.));
#8243=DIRECTION('center_axis',(3.49148133884313E-15,0.,1.));
#8244=DIRECTION('ref_axis',(0.707106781186547,-0.707106781186548,0.));
#8245=DIRECTION('',(-1.,5.55111512312578E-16,0.));
#8246=DIRECTION('center_axis',(-3.49148133884313E-15,0.,-1.));
#8247=DIRECTION('ref_axis',(-0.707106781186548,0.707106781186548,0.));
#8248=DIRECTION('',(-1.60491423627786E-15,-1.,0.));
#8249=DIRECTION('center_axis',(-3.49148133884313E-15,0.,-1.));
#8250=DIRECTION('ref_axis',(-0.707106781186548,-0.707106781186548,0.));
#8251=DIRECTION('',(1.,-1.38777878078145E-15,0.));
#8252=DIRECTION('center_axis',(3.49148133884313E-15,0.,1.));
#8253=DIRECTION('ref_axis',(0.707106781186548,0.707106781186547,0.));
#8254=DIRECTION('',(0.,-1.,0.));
#8255=DIRECTION('center_axis',(-3.49148133884313E-15,0.,-1.));
#8256=DIRECTION('ref_axis',(-0.707106781186548,-0.707106781186547,0.));
#8257=DIRECTION('',(1.,2.42204518861452E-46,-3.52209750882182E-15));
#8258=DIRECTION('',(0.,1.,0.));
#8259=DIRECTION('',(0.,1.,0.));
#8260=DIRECTION('',(0.,1.,0.));
#8261=DIRECTION('',(1.,2.06361158149774E-16,-3.49148133884313E-15));
#8262=DIRECTION('',(-1.,0.,3.49148133884313E-15));
#8263=DIRECTION('center_axis',(-6.20580656044868E-15,1.22252519044945E-30,
1.));
#8264=DIRECTION('ref_axis',(0.707106781186556,0.707106781186539,0.));
#8265=DIRECTION('center_axis',(2.05475144625281E-15,0.,-1.));
#8266=DIRECTION('ref_axis',(0.707106781186556,0.707106781186539,0.));
#8267=DIRECTION('',(6.20580656044868E-15,-1.22252519044945E-30,-1.));
#8268=DIRECTION('center_axis',(-2.05475144625281E-15,0.,1.));
#8269=DIRECTION('ref_axis',(0.707106781186556,0.707106781186539,0.));
#8270=DIRECTION('',(-6.20580656044868E-15,1.22252519044945E-30,1.));
#8271=DIRECTION('center_axis',(1.,0.,6.20580656044868E-15));
#8272=DIRECTION('ref_axis',(0.,-1.,0.));
#8273=DIRECTION('',(0.,1.,0.));
#8274=DIRECTION('',(-6.20580656044868E-15,6.50810246807335E-30,1.));
#8275=DIRECTION('',(0.,-1.,0.));
#8276=DIRECTION('center_axis',(-2.05475144625281E-15,0.,1.));
#8277=DIRECTION('ref_axis',(0.,1.,0.));
#8278=DIRECTION('',(-1.,2.06361158149774E-16,-2.05475144625281E-15));
#8279=DIRECTION('',(-1.,0.,-2.05475144625281E-15));
#8280=DIRECTION('',(-1.,2.06361158149774E-16,-2.05475144625281E-15));
#8281=DIRECTION('',(0.,-1.,0.));
#8282=DIRECTION('',(1.54074395550979E-30,-1.,3.165845870889E-45));
#8283=DIRECTION('',(0.,-1.,0.));
#8284=DIRECTION('',(-1.,0.,-5.23722200826472E-15));
#8285=DIRECTION('center_axis',(2.05475144625281E-15,0.,-1.));
#8286=DIRECTION('ref_axis',(0.707106781186547,-0.707106781186548,0.));
#8287=DIRECTION('',(0.,1.,0.));
#8288=DIRECTION('center_axis',(2.05475144625281E-15,0.,-1.));
#8289=DIRECTION('ref_axis',(0.707106781186544,0.707106781186551,2.40152517162978E-16));
#8290=DIRECTION('',(-1.,8.32667268468867E-16,-2.05475144625281E-15));
#8291=DIRECTION('center_axis',(-2.05475144625281E-15,0.,1.));
#8292=DIRECTION('ref_axis',(-0.707106781186555,-0.70710678118654,-2.40152517162982E-16));
#8293=DIRECTION('',(1.32960841272474E-15,1.,2.72417822251638E-30));
#8294=DIRECTION('center_axis',(-2.05475144625281E-15,0.,1.));
#8295=DIRECTION('ref_axis',(-0.707106781186555,0.70710678118654,-2.40152517162982E-16));
#8296=DIRECTION('',(1.,-1.11022302462516E-15,2.05475144625281E-15));
#8297=DIRECTION('center_axis',(2.05475144625281E-15,0.,-1.));
#8298=DIRECTION('ref_axis',(0.70710678118654,-0.707106781186555,2.40152517162976E-16));
#8299=DIRECTION('center_axis',(-4.49068206100578E-15,0.,-1.));
#8300=DIRECTION('ref_axis',(-0.707106781186548,-0.707106781186547,0.));
#8301=DIRECTION('center_axis',(4.49068206100578E-15,0.,1.));
#8302=DIRECTION('ref_axis',(-0.707106781186548,-0.707106781186547,0.));
#8303=DIRECTION('',(4.49068206100578E-15,0.,1.));
#8304=DIRECTION('',(-4.49068206100578E-15,0.,-1.));
#8305=DIRECTION('center_axis',(-1.,0.,4.49068206100578E-15));
#8306=DIRECTION('ref_axis',(0.,1.,0.));
#8307=DIRECTION('',(4.49068206100578E-15,-6.23207327549971E-30,1.));
#8308=DIRECTION('',(0.,1.,0.));
#8309=DIRECTION('center_axis',(6.20580656044868E-15,0.,-1.));
#8310=DIRECTION('ref_axis',(0.707106781186547,-0.707106781186548,0.));
#8311=DIRECTION('center_axis',(-2.05475144625281E-15,0.,1.));
#8312=DIRECTION('ref_axis',(0.707106781186547,-0.707106781186548,0.));
#8313=DIRECTION('',(-6.20580656044868E-15,0.,1.));
#8314=DIRECTION('',(6.20580656044868E-15,0.,-1.));
#8315=DIRECTION('center_axis',(1.,0.,6.20580656044868E-15));
#8316=DIRECTION('ref_axis',(0.,-1.,0.));
#8317=DIRECTION('',(0.,-1.,0.));
#8318=DIRECTION('',(6.20580656044868E-15,-4.88107685105501E-30,-1.));
#8319=DIRECTION('center_axis',(2.05475144625281E-15,0.,-1.));
#8320=DIRECTION('ref_axis',(-1.,4.37905770101505E-47,-2.05475144625281E-15));
#8321=DIRECTION('center_axis',(-2.05475144625281E-15,0.,1.));
#8322=DIRECTION('ref_axis',(0.70710678118654,-0.707106781186555,2.40152517162976E-16));
#8323=DIRECTION('',(-1.,1.11022302462516E-15,-2.05475144625281E-15));
#8324=DIRECTION('center_axis',(2.05475144625281E-15,0.,-1.));
#8325=DIRECTION('ref_axis',(-0.707106781186555,0.70710678118654,-2.40152517162982E-16));
#8326=DIRECTION('',(-1.32960841272474E-15,-1.,-2.72417822251638E-30));
#8327=DIRECTION('center_axis',(2.05475144625281E-15,0.,-1.));
#8328=DIRECTION('ref_axis',(-0.707106781186555,-0.70710678118654,-2.40152517162982E-16));
#8329=DIRECTION('',(1.,-8.32667268468867E-16,2.05475144625281E-15));
#8330=DIRECTION('center_axis',(-2.05475144625281E-15,0.,1.));
#8331=DIRECTION('ref_axis',(0.707106781186544,0.707106781186551,2.40152517162978E-16));
#8332=DIRECTION('',(-1.,0.,-5.17598966830735E-15));
#8333=DIRECTION('',(0.,1.,0.));
#8334=DIRECTION('',(-1.54074395550979E-30,1.,-3.165845870889E-45));
#8335=DIRECTION('',(0.,1.,0.));
#8336=DIRECTION('',(1.,-2.06361158149774E-16,2.05475144625281E-15));
#8337=DIRECTION('',(0.,1.,0.));
#8338=DIRECTION('',(1.,0.,2.05475144625281E-15));
#8339=DIRECTION('',(0.,-1.,0.));
#8340=DIRECTION('',(1.,-2.06361158149774E-16,2.05475144625281E-15));
#8341=DIRECTION('center_axis',(-1.,0.,0.));
#8342=DIRECTION('ref_axis',(0.,0.707106781186555,-0.70710678118654));
#8343=DIRECTION('center_axis',(1.,0.,1.71512449944288E-15));
#8344=DIRECTION('ref_axis',(0.,0.707106781186555,-0.70710678118654));
#8345=DIRECTION('',(1.,0.,0.));
#8346=DIRECTION('center_axis',(-1.,0.,-1.71512449944288E-15));
#8347=DIRECTION('ref_axis',(0.,0.707106781186555,-0.70710678118654));
#8348=DIRECTION('',(-1.,0.,0.));
#8349=DIRECTION('center_axis',(-1.,0.,-1.71512449944288E-15));
#8350=DIRECTION('ref_axis',(-1.71512449944288E-15,0.,1.));
#8351=DIRECTION('',(-5.77021427084905E-31,-1.,3.36431219583381E-16));
#8352=DIRECTION('center_axis',(-1.,0.,-1.71512449944288E-15));
#8353=DIRECTION('ref_axis',(0.,-0.707106781186548,0.707106781186548));
#8354=DIRECTION('',(1.71512449944288E-15,-2.06361158149774E-16,-1.));
#8355=DIRECTION('',(0.,-1.,0.));
#8356=DIRECTION('',(-1.71512449944288E-15,9.25185853854294E-16,1.));
#8357=DIRECTION('center_axis',(1.,0.,1.71512449944288E-15));
#8358=DIRECTION('ref_axis',(0.,0.,1.));
#8359=DIRECTION('',(-1.46474669952322E-30,-1.,8.5401771125012E-16));
#8360=DIRECTION('center_axis',(1.,0.,1.71512449944288E-15));
#8361=DIRECTION('ref_axis',(0.,-1.,0.));
#8362=DIRECTION('',(1.71512449944288E-15,-9.25185853854294E-16,-1.));
#8363=DIRECTION('',(0.,-1.,0.));
#8364=DIRECTION('',(-1.71512449944288E-15,0.,1.));
#8365=DIRECTION('',(0.,1.,0.));
#8366=DIRECTION('',(1.77635683940025E-15,0.,-1.));
#8367=DIRECTION('center_axis',(0.,3.36431219583381E-16,1.));
#8368=DIRECTION('ref_axis',(0.,-1.,3.36431219583381E-16));
#8369=DIRECTION('',(5.77021427084905E-31,1.,-3.36431219583381E-16));
#8370=DIRECTION('',(1.,0.,0.));
#8371=DIRECTION('center_axis',(1.,0.,0.));
#8372=DIRECTION('ref_axis',(0.,0.707106781186555,-0.70710678118654));
#8373=DIRECTION('center_axis',(-1.,0.,1.71512449944288E-15));
#8374=DIRECTION('ref_axis',(0.,0.707106781186555,-0.70710678118654));
#8375=DIRECTION('',(-1.,0.,0.));
#8376=DIRECTION('center_axis',(1.,0.,-1.74574066942157E-15));
#8377=DIRECTION('ref_axis',(0.,0.707106781186555,-0.70710678118654));
#8378=DIRECTION('',(1.,0.,0.));
#8379=DIRECTION('center_axis',(1.,0.,-1.71512449944288E-15));
#8380=DIRECTION('ref_axis',(-1.71512449944288E-15,0.,-1.));
#8381=DIRECTION('',(1.71512449944288E-15,0.,1.));
#8382=DIRECTION('',(0.,-1.,0.));
#8383=DIRECTION('',(-1.77635683940025E-15,0.,-1.));
#8384=DIRECTION('',(0.,1.,0.));
#8385=DIRECTION('',(1.71512449944288E-15,9.25185853854294E-16,1.));
#8386=DIRECTION('center_axis',(-1.,0.,1.71512449944288E-15));
#8387=DIRECTION('ref_axis',(0.,-1.,0.));
#8388=DIRECTION('',(-1.46474669952322E-30,1.,-8.5401771125012E-16));
#8389=DIRECTION('center_axis',(-1.,0.,1.71512449944288E-15));
#8390=DIRECTION('ref_axis',(0.,0.,1.));
#8391=DIRECTION('',(-1.71512449944288E-15,-9.25185853854294E-16,-1.));
#8392=DIRECTION('',(0.,1.,0.));
#8393=DIRECTION('',(-1.71512449944288E-15,-2.06361158149774E-16,-1.));
#8394=DIRECTION('center_axis',(1.,0.,-1.71512449944288E-15));
#8395=DIRECTION('ref_axis',(0.,-0.707106781186548,0.707106781186548));
#8396=DIRECTION('',(5.77021427084905E-31,-1.,3.36431219583381E-16));
#8397=DIRECTION('center_axis',(0.,1.,0.));
#8398=DIRECTION('ref_axis',(1.77635683940025E-15,0.,-1.));
#8399=DIRECTION('',(1.77635683940025E-15,0.,1.));
#8400=DIRECTION('',(1.,0.,-1.71512449944288E-15));
#8401=DIRECTION('center_axis',(-0.422618261740701,2.46947644637677E-16,
-0.906307787036649));
#8402=DIRECTION('ref_axis',(0.640856382055779,-0.707106781186557,-0.298836238730117));
#8403=DIRECTION('',(0.422618261740701,-2.46947644637677E-16,0.906307787036649));
#8404=DIRECTION('center_axis',(0.,1.,0.));
#8405=DIRECTION('ref_axis',(1.,0.,0.));
#8406=DIRECTION('center_axis',(-0.422618261740699,1.23473842654615E-16,
0.90630778703665));
#8407=DIRECTION('ref_axis',(-0.64085638205578,0.707106781186557,-0.298836238730115));
#8408=DIRECTION('',(-0.422618261740699,1.23473842654615E-16,0.90630778703665));
#8409=DIRECTION('center_axis',(0.90630778703665,5.75180905358902E-16,0.422618261740699));
#8410=DIRECTION('ref_axis',(4.69108632728425E-16,-1.,3.54987259502436E-16));
#8411=DIRECTION('',(0.422618261740699,-1.23473842654615E-16,-0.90630778703665));
#8412=DIRECTION('center_axis',(0.422618261740699,-1.23473842654615E-16,
-0.90630778703665));
#8413=DIRECTION('ref_axis',(-0.640856382055782,-0.707106781186555,-0.298836238730116));
#8414=DIRECTION('center_axis',(-0.422618261740701,2.46947644637677E-16,
-0.906307787036649));
#8415=DIRECTION('ref_axis',(0.640856382055795,0.70710678118654,-0.298836238730124));
#8416=DIRECTION('',(-0.422618261740701,2.46947644637677E-16,-0.906307787036649));
#8417=DIRECTION('center_axis',(5.8432790769745E-16,1.,0.));
#8418=DIRECTION('ref_axis',(0.,0.,1.));
#8419=DIRECTION('center_axis',(-0.906307787036649,4.93060528920218E-16,
0.422618261740701));
#8420=DIRECTION('ref_axis',(5.51229181158538E-16,1.,1.54341896602728E-17));
#8421=DIRECTION('center_axis',(0.,1.,0.));
#8422=DIRECTION('ref_axis',(1.77635683940025E-15,0.,-1.));
#8423=DIRECTION('',(0.,0.,-1.));
#8424=DIRECTION('center_axis',(0.,0.,1.));
#8425=DIRECTION('ref_axis',(-0.707106781186548,-0.707106781186548,0.));
#8426=DIRECTION('',(0.,0.,-1.));
#8427=DIRECTION('center_axis',(4.49068206100578E-15,0.,1.));
#8428=DIRECTION('ref_axis',(-0.707106781186548,-0.707106781186548,0.));
#8429=DIRECTION('',(0.,0.,1.));
#8430=DIRECTION('center_axis',(-1.,1.60491423627786E-15,0.));
#8431=DIRECTION('ref_axis',(-1.60491423627786E-15,-1.,0.));
#8432=DIRECTION('',(0.,0.,1.));
#8433=DIRECTION('',(-1.60491423627786E-15,-1.,0.));
#8434=DIRECTION('center_axis',(0.,0.,1.));
#8435=DIRECTION('ref_axis',(-0.707106781186548,0.707106781186548,0.));
#8436=DIRECTION('',(0.,0.,-1.));
#8437=DIRECTION('center_axis',(4.49068206100578E-15,0.,1.));
#8438=DIRECTION('ref_axis',(-0.707106781186548,0.707106781186548,0.));
#8439=DIRECTION('center_axis',(4.49068206100578E-15,-2.49282931019988E-30,
1.));
#8440=DIRECTION('ref_axis',(0.707106781186547,-0.707106781186548,0.));
#8441=DIRECTION('center_axis',(-4.49068206100578E-15,0.,-1.));
#8442=DIRECTION('ref_axis',(0.707106781186547,-0.707106781186548,0.));
#8443=DIRECTION('',(4.49068206100578E-15,-2.49282931019988E-30,1.));
#8444=DIRECTION('',(-4.49068206100578E-15,2.49282931019988E-30,-1.));
#8445=DIRECTION('center_axis',(5.55111512312578E-16,1.,0.));
#8446=DIRECTION('ref_axis',(-1.,5.55111512312578E-16,0.));
#8447=DIRECTION('',(-1.,5.55111512312578E-16,0.));
#8448=DIRECTION('center_axis',(-4.49068206100578E-15,6.23207327549971E-30,
-1.));
#8449=DIRECTION('ref_axis',(0.707106781186548,0.707106781186547,0.));
#8450=DIRECTION('',(-4.49068206100578E-15,6.23207327549971E-30,-1.));
#8451=DIRECTION('center_axis',(-4.49068206100578E-15,0.,-1.));
#8452=DIRECTION('ref_axis',(0.707106781186548,0.707106781186547,0.));
#8453=DIRECTION('center_axis',(-1.38777878078145E-15,-1.,0.));
#8454=DIRECTION('ref_axis',(1.,-1.38777878078145E-15,0.));
#8455=DIRECTION('',(1.,-1.38777878078145E-15,0.));
#8456=DIRECTION('center_axis',(-1.,0.,4.49068206100578E-15));
#8457=DIRECTION('ref_axis',(0.,1.,0.));
#8458=DIRECTION('',(0.,1.,0.));
#8459=DIRECTION('center_axis',(0.,-1.,0.));
#8460=DIRECTION('ref_axis',(0.707106781186548,0.,0.707106781186548));
#8461=DIRECTION('center_axis',(2.06361158149774E-16,1.,5.81122386182046E-32));
#8462=DIRECTION('ref_axis',(0.707106781186548,0.,0.707106781186548));
#8463=DIRECTION('',(0.,-1.,0.));
#8464=DIRECTION('center_axis',(0.707106781186548,-0.707106781186548,0.));
#8465=DIRECTION('ref_axis',(0.707106781186547,0.707106781186547,0.));
#8466=DIRECTION('center_axis',(-1.,0.,-2.05475144625281E-15));
#8467=DIRECTION('ref_axis',(-2.05475144625281E-15,0.,1.));
#8468=DIRECTION('',(0.,5.81122386182046E-32,-1.));
#8469=DIRECTION('center_axis',(-1.,0.,-2.05475144625281E-15));
#8470=DIRECTION('ref_axis',(-2.05475144625281E-15,0.,1.));
#8471=DIRECTION('',(2.05475144625281E-15,1.83758917935762E-15,-1.));
#8472=DIRECTION('',(3.77578902390357E-30,-1.,-1.83758917935762E-15));
#8473=DIRECTION('',(2.05475144625281E-15,5.78850194528097E-16,-1.));
#8474=DIRECTION('center_axis',(0.,1.,0.));
#8475=DIRECTION('ref_axis',(-0.707106781186548,0.,0.707106781186548));
#8476=DIRECTION('center_axis',(-0.707106781186548,-0.707106781186548,0.));
#8477=DIRECTION('ref_axis',(-0.707106781186547,0.707106781186547,0.));
#8478=DIRECTION('',(0.,1.,0.));
#8479=DIRECTION('center_axis',(2.06361158149774E-16,1.,5.81122386182046E-32));
#8480=DIRECTION('ref_axis',(-0.707106781186548,0.,0.707106781186548));
#8481=DIRECTION('center_axis',(1.,0.,2.05475144625281E-15));
#8482=DIRECTION('ref_axis',(2.05475144625281E-15,0.,-1.));
#8483=DIRECTION('',(0.,-5.81122386182046E-32,1.));
#8484=DIRECTION('',(-2.05475144625281E-15,-5.78850194528097E-16,1.));
#8485=DIRECTION('',(-3.77578902390357E-30,1.,1.83758917935762E-15));
#8486=DIRECTION('',(-2.05475144625281E-15,-1.83758917935762E-15,1.));
#8487=DIRECTION('center_axis',(1.,0.,2.05475144625281E-15));
#8488=DIRECTION('ref_axis',(-2.05475144625281E-15,0.,1.));
#8489=DIRECTION('center_axis',(0.,1.,0.));
#8490=DIRECTION('ref_axis',(-0.707106781186548,0.,0.707106781186548));
#8491=DIRECTION('center_axis',(-0.707106781186544,-0.707106781186551,0.));
#8492=DIRECTION('ref_axis',(-0.707106781186551,0.707106781186544,0.));
#8493=DIRECTION('',(0.,1.,0.));
#8494=DIRECTION('center_axis',(-2.06361158149774E-16,1.,5.81122386182046E-32));
#8495=DIRECTION('ref_axis',(-0.707106781186548,0.,0.707106781186548));
#8496=DIRECTION('',(0.,-1.,0.));
#8497=DIRECTION('center_axis',(1.,0.,-4.49068206100578E-15));
#8498=DIRECTION('ref_axis',(-4.49068206100578E-15,0.,-1.));
#8499=DIRECTION('',(0.,-5.81122386182046E-32,1.));
#8500=DIRECTION('',(4.49068206100578E-15,2.35980207684698E-15,1.));
#8501=DIRECTION('',(-7.70207882203963E-30,1.,-1.71512449944288E-15));
#8502=DIRECTION('',(4.49068206100578E-15,1.71512449944288E-15,1.));
#8503=DIRECTION('center_axis',(1.,0.,-4.49068206100578E-15));
#8504=DIRECTION('ref_axis',(4.49068206100578E-15,0.,1.));
#8505=DIRECTION('center_axis',(0.,-1.,0.));
#8506=DIRECTION('ref_axis',(0.707106781186551,0.,0.707106781186544));
#8507=DIRECTION('',(0.,-1.,0.));
#8508=DIRECTION('center_axis',(0.707106781186546,-0.707106781186549,-3.92523114670942E-15));
#8509=DIRECTION('ref_axis',(0.707106781186549,0.707106781186546,-3.92523114670945E-15));
#8510=DIRECTION('',(0.,1.,0.));
#8511=DIRECTION('center_axis',(-1.,0.,4.49068206100578E-15));
#8512=DIRECTION('ref_axis',(4.49068206100578E-15,0.,1.));
#8513=DIRECTION('center_axis',(-1.,0.,4.49068206100578E-15));
#8514=DIRECTION('ref_axis',(4.49068206100578E-15,0.,1.));
#8515=DIRECTION('',(-4.49068206100578E-15,-1.71512449944288E-15,-1.));
#8516=DIRECTION('',(7.70207882203963E-30,-1.,1.71512449944288E-15));
#8517=DIRECTION('',(-4.49068206100578E-15,-2.35980207684698E-15,-1.));
#8518=DIRECTION('center_axis',(1.,0.,-4.49068206100578E-15));
#8519=DIRECTION('ref_axis',(4.49068206100578E-15,0.,1.));
#8520=DIRECTION('center_axis',(-2.06361158149774E-16,1.,5.81122386182046E-32));
#8521=DIRECTION('ref_axis',(-1.,-2.06361158149774E-16,3.39626946809922E-16));
#8522=DIRECTION('',(5.19685267954496E-15,9.86076131526265E-31,1.));
#8523=DIRECTION('',(-1.,-2.06361158149774E-16,4.49068206100578E-15));
#8524=DIRECTION('center_axis',(-1.,0.,4.49068206100578E-15));
#8525=DIRECTION('ref_axis',(4.49068206100578E-15,0.,1.));
#8526=DIRECTION('center_axis',(-1.,0.,-2.05475144625281E-15));
#8527=DIRECTION('ref_axis',(-2.05475144625281E-15,0.,1.));
#8528=DIRECTION('center_axis',(1.,0.,2.05475144625281E-15));
#8529=DIRECTION('ref_axis',(-2.05475144625281E-15,0.,1.));
#8530=DIRECTION('center_axis',(3.8359906236829E-15,1.,-2.359802076847E-15));
#8531=DIRECTION('ref_axis',(1.,-3.83599062368291E-15,-4.49068206100577E-15));
#8532=DIRECTION('',(-1.,3.83599062368291E-15,4.49068206100577E-15));
#8533=DIRECTION('',(1.,-3.83599062368285E-15,1.77137784314973E-14));
#8534=DIRECTION('center_axis',(1.77137784314973E-14,-1.71512449944288E-15,
-1.));
#8535=DIRECTION('ref_axis',(-1.,3.83599062368285E-15,-1.77137784314973E-14));
#8536=DIRECTION('',(-1.,3.83599062368285E-15,-1.77137784314973E-14));
#8537=DIRECTION('center_axis',(1.,0.,-3.80049211567437E-15));
#8538=DIRECTION('ref_axis',(-3.80049211567437E-15,0.,-1.));
#8539=DIRECTION('center_axis',(1.,0.,-3.80049211567437E-15));
#8540=DIRECTION('ref_axis',(0.,-0.707106781186548,-0.707106781186548));
#8541=DIRECTION('',(3.83110828565306E-15,0.,1.));
#8542=DIRECTION('',(0.,-1.,0.));
#8543=DIRECTION('',(3.83110828565306E-15,0.,1.));
#8544=DIRECTION('center_axis',(1.,0.,-3.80049211567437E-15));
#8545=DIRECTION('ref_axis',(-7.85046229341887E-15,0.707106781186548,-0.707106781186548));
#8546=DIRECTION('',(0.,1.,0.));
#8547=DIRECTION('center_axis',(1.,0.,-4.49068206100578E-15));
#8548=DIRECTION('ref_axis',(-7.85046229341887E-15,0.707106781186548,-0.707106781186548));
#8549=DIRECTION('center_axis',(-1.,0.,4.49068206100578E-15));
#8550=DIRECTION('ref_axis',(-7.85046229341887E-15,0.707106781186548,-0.707106781186548));
#8551=DIRECTION('',(-1.,0.,4.49068206100578E-15));
#8552=DIRECTION('',(1.,0.,-4.49068206100578E-15));
#8553=DIRECTION('center_axis',(4.49068206100578E-15,0.,1.));
#8554=DIRECTION('ref_axis',(0.,-1.,0.));
#8555=DIRECTION('',(1.,0.,-4.49068206100578E-15));
#8556=DIRECTION('',(0.,-1.,0.));
#8557=DIRECTION('center_axis',(1.,0.,-4.49068206100578E-15));
#8558=DIRECTION('ref_axis',(0.,-0.707106781186548,-0.707106781186548));
#8559=DIRECTION('center_axis',(-1.,0.,4.49068206100578E-15));
#8560=DIRECTION('ref_axis',(0.,-0.707106781186548,-0.707106781186548));
#8561=DIRECTION('',(-1.,0.,4.49068206100578E-15));
#8562=DIRECTION('center_axis',(-3.27345718661451E-16,1.,-1.71512449944288E-15));
#8563=DIRECTION('ref_axis',(1.,3.27345718661444E-16,-4.49068206100578E-15));
#8564=DIRECTION('',(1.,3.27345718661444E-16,-4.49068206100578E-15));
#8565=DIRECTION('center_axis',(0.,-1.,0.));
#8566=DIRECTION('ref_axis',(-3.83110828565306E-15,0.,-1.));
#8567=DIRECTION('',(-1.,0.,3.76987594569569E-15));
#8568=DIRECTION('',(-3.83110828565306E-15,0.,-1.));
#8569=DIRECTION('center_axis',(-1.,0.,4.49068206100578E-15));
#8570=DIRECTION('ref_axis',(4.49068206100578E-15,0.,1.));
#8571=DIRECTION('',(1.,0.,-4.49068206100578E-15));
#8572=DIRECTION('center_axis',(0.,1.,0.));
#8573=DIRECTION('ref_axis',(3.76987594569569E-15,0.,1.));
#8574=DIRECTION('',(3.76987594569569E-15,0.,1.));
#8575=DIRECTION('',(1.,0.,-3.76987594569569E-15));
#8576=DIRECTION('center_axis',(0.,1.,0.));
#8577=DIRECTION('ref_axis',(2.05475144625281E-15,0.,1.));
#8578=DIRECTION('center_axis',(0.,-1.,0.));
#8579=DIRECTION('ref_axis',(1.,0.,-1.11022302462516E-14));
#8580=DIRECTION('',(0.,-1.,0.));
#8581=DIRECTION('center_axis',(0.,-1.,0.));
#8582=DIRECTION('ref_axis',(1.,0.,-1.11022302462516E-14));
#8583=DIRECTION('center_axis',(-1.,0.,4.49068206100578E-15));
#8584=DIRECTION('ref_axis',(4.49068206100578E-15,0.,1.));
#8585=DIRECTION('',(0.,1.,0.));
#8586=DIRECTION('center_axis',(0.,-1.,0.));
#8587=DIRECTION('ref_axis',(-1.,-3.50324616081204E-46,3.52209750882182E-15));
#8588=DIRECTION('',(-1.,-2.42204518861452E-46,3.52209750882182E-15));
#8589=DIRECTION('',(3.46086516886445E-15,0.,1.));
#8590=DIRECTION('center_axis',(-1.,0.,4.49068206100578E-15));
#8591=DIRECTION('ref_axis',(4.49068206100578E-15,0.,1.));
#8592=DIRECTION('center_axis',(0.,-1.,0.));
#8593=DIRECTION('ref_axis',(0.,0.,1.));
#8594=DIRECTION('center_axis',(0.,1.,-9.25185853854294E-16));
#8595=DIRECTION('ref_axis',(1.,0.,-1.74574066942157E-15));
#8596=DIRECTION('center_axis',(0.,1.,0.));
#8597=DIRECTION('ref_axis',(2.46716227694479E-15,0.,1.));
#8598=DIRECTION('center_axis',(-4.49068206100578E-15,0.,-1.));
#8599=DIRECTION('ref_axis',(-1.,0.,4.49068206100578E-15));
#8600=DIRECTION('',(0.,-1.,0.));
#8601=DIRECTION('',(0.,-1.,0.));
#8602=DIRECTION('center_axis',(0.,1.,0.));
#8603=DIRECTION('ref_axis',(0.,0.,-1.));
#8604=DIRECTION('center_axis',(0.,-1.,9.25185853854294E-16));
#8605=DIRECTION('ref_axis',(1.,0.,-1.74574066942157E-15));
#8606=DIRECTION('center_axis',(0.,-1.,0.));
#8607=DIRECTION('ref_axis',(1.,0.,0.));
#8608=DIRECTION('center_axis',(0.,-1.,0.));
#8609=DIRECTION('ref_axis',(0.,0.,-1.));
#8610=DIRECTION('center_axis',(0.,1.,0.));
#8611=DIRECTION('ref_axis',(1.,0.,1.2335811384724E-15));
#8612=DIRECTION('',(1.,-1.75162308040602E-46,-1.38777878078144E-15));
#8613=DIRECTION('center_axis',(0.,-1.,0.));
#8614=DIRECTION('ref_axis',(0.,0.,-1.));
#8615=DIRECTION('center_axis',(0.,1.,0.));
#8616=DIRECTION('ref_axis',(2.05475144625281E-15,0.,1.));
#8617=DIRECTION('center_axis',(0.,1.,-9.25185853854294E-16));
#8618=DIRECTION('ref_axis',(2.05475144625281E-15,0.,1.));
#8619=DIRECTION('center_axis',(0.,-1.,9.25185853854294E-16));
#8620=DIRECTION('ref_axis',(2.05475144625281E-15,0.,1.));
#8621=DIRECTION('center_axis',(0.,1.,0.));
#8622=DIRECTION('ref_axis',(0.,0.,-1.));
#8623=DIRECTION('center_axis',(0.,-1.,0.));
#8624=DIRECTION('ref_axis',(1.,0.,-1.74574066942157E-15));
#8625=DIRECTION('',(-1.,4.29575454686609E-31,2.08166817117216E-15));
#8626=DIRECTION('center_axis',(0.,1.,0.));
#8627=DIRECTION('ref_axis',(1.,0.,-1.74574066942157E-15));
#8628=DIRECTION('center_axis',(0.,1.,0.));
#8629=DIRECTION('ref_axis',(1.,0.,-1.74574066942157E-15));
#8630=DIRECTION('center_axis',(0.,1.,-9.25185853854294E-16));
#8631=DIRECTION('ref_axis',(1.,0.,-1.74574066942157E-15));
#8632=DIRECTION('center_axis',(0.,1.,0.));
#8633=DIRECTION('ref_axis',(1.,0.,-1.74574066942157E-15));
#8634=DIRECTION('center_axis',(0.,-1.,9.25185853854294E-16));
#8635=DIRECTION('ref_axis',(1.,0.,-1.74574066942157E-15));
#8636=DIRECTION('center_axis',(0.,-1.,0.));
#8637=DIRECTION('ref_axis',(-1.77635683940025E-15,0.,-1.));
#8638=DIRECTION('',(-1.,0.,1.71512449944288E-15));
#8639=DIRECTION('',(1.77635683940025E-15,0.,1.));
#8640=DIRECTION('center_axis',(0.,1.,0.));
#8641=DIRECTION('ref_axis',(1.,0.,-1.74574066942157E-15));
#8642=DIRECTION('center_axis',(0.,1.,-9.25185853854294E-16));
#8643=DIRECTION('ref_axis',(1.,0.,-1.74574066942157E-15));
#8644=DIRECTION('',(0.,-1.,0.));
#8645=DIRECTION('center_axis',(0.,1.,-9.25185853854294E-16));
#8646=DIRECTION('ref_axis',(0.,-9.25185853854294E-16,-1.));
#8647=DIRECTION('',(-1.74574066942157E-15,-9.25185853854294E-16,-1.));
#8648=DIRECTION('',(-1.,0.,0.));
#8649=DIRECTION('center_axis',(1.,0.,0.));
#8650=DIRECTION('ref_axis',(0.,-1.,0.));
#8651=DIRECTION('center_axis',(1.,0.,-1.74574066942157E-15));
#8652=DIRECTION('ref_axis',(0.,-1.,0.));
#8653=DIRECTION('',(-1.,0.,0.));
#8654=DIRECTION('center_axis',(0.,-8.5401771125012E-16,-1.));
#8655=DIRECTION('ref_axis',(0.,-1.,8.5401771125012E-16));
#8656=DIRECTION('',(1.49089345093566E-30,-1.,8.5401771125012E-16));
#8657=DIRECTION('',(-1.,0.,0.));
#8658=DIRECTION('center_axis',(1.,0.,0.));
#8659=DIRECTION('ref_axis',(0.,0.,1.));
#8660=DIRECTION('center_axis',(1.,0.,-1.74574066942157E-15));
#8661=DIRECTION('ref_axis',(0.,0.,1.));
#8662=DIRECTION('',(-1.,0.,0.));
#8663=DIRECTION('center_axis',(0.,-1.,9.25185853854294E-16));
#8664=DIRECTION('ref_axis',(0.,9.25185853854294E-16,1.));
#8665=DIRECTION('',(1.74574066942157E-15,9.25185853854294E-16,1.));
#8666=DIRECTION('center_axis',(0.,-1.,9.25185853854294E-16));
#8667=DIRECTION('ref_axis',(1.,0.,-1.74574066942157E-15));
#8668=DIRECTION('center_axis',(0.,1.,0.));
#8669=DIRECTION('ref_axis',(1.,0.,-1.74574066942157E-15));
#8670=DIRECTION('',(0.,-1.,0.));
#8671=DIRECTION('center_axis',(0.,1.,-2.06361158149774E-16));
#8672=DIRECTION('ref_axis',(0.,-2.06361158149774E-16,-1.));
#8673=DIRECTION('',(1.,0.,0.));
#8674=DIRECTION('',(1.74574066942157E-15,2.06361158149774E-16,1.));
#8675=DIRECTION('center_axis',(1.,0.,0.));
#8676=DIRECTION('ref_axis',(0.,-0.707106781186548,0.707106781186548));
#8677=DIRECTION('center_axis',(-1.,0.,1.74574066942157E-15));
#8678=DIRECTION('ref_axis',(0.,-0.707106781186548,0.707106781186548));
#8679=DIRECTION('',(-1.,0.,0.));
#8680=DIRECTION('center_axis',(0.,-3.36431219583381E-16,-1.));
#8681=DIRECTION('ref_axis',(0.,-1.,3.36431219583381E-16));
#8682=DIRECTION('',(-5.87321662489806E-31,1.,-3.36431219583381E-16));
#8683=DIRECTION('center_axis',(0.,-1.,0.));
#8684=DIRECTION('ref_axis',(0.,0.,-1.));
#8685=DIRECTION('center_axis',(0.,1.,0.));
#8686=DIRECTION('ref_axis',(0.,0.,1.));
#8687=DIRECTION('',(0.,0.,1.));
#8688=DIRECTION('center_axis',(0.,-1.,0.));
#8689=DIRECTION('ref_axis',(1.,0.,-1.73472347597681E-15));
#8690=DIRECTION('center_axis',(-1.,0.,1.74574066942157E-15));
#8691=DIRECTION('ref_axis',(1.74574066942157E-15,0.,1.));
#8692=DIRECTION('',(0.,1.,0.));
#8693=DIRECTION('center_axis',(0.,1.,0.));
#8694=DIRECTION('ref_axis',(1.77635683940025E-15,0.,-1.));
#8695=DIRECTION('center_axis',(0.,-1.,0.));
#8696=DIRECTION('ref_axis',(1.,0.,-1.73472347597681E-15));
#8697=DIRECTION('center_axis',(0.,-1.,0.));
#8698=DIRECTION('ref_axis',(1.,-2.43280983389725E-46,-1.71544877068817E-15));
#8699=DIRECTION('center_axis',(0.,1.,0.));
#8700=DIRECTION('ref_axis',(0.,0.,1.));
#8701=DIRECTION('center_axis',(3.82191448399456E-17,-1.,1.62467850864334E-32));
#8702=DIRECTION('ref_axis',(1.,3.82191448399456E-17,0.));
#8703=DIRECTION('',(0.,0.,-1.));
#8704=DIRECTION('center_axis',(0.,1.,0.));
#8705=DIRECTION('ref_axis',(0.,0.,1.));
#8706=DIRECTION('center_axis',(0.,-1.,0.));
#8707=DIRECTION('ref_axis',(0.,0.,-1.));
#8708=DIRECTION('',(-1.,0.,-1.71512449944288E-15));
#8709=DIRECTION('center_axis',(0.,1.,0.));
#8710=DIRECTION('ref_axis',(-1.,-2.13821176807375E-47,-1.73472347597681E-15));
#8711=DIRECTION('center_axis',(0.,1.,0.));
#8712=DIRECTION('ref_axis',(-1.,3.31274337123094E-47,-1.71544877068817E-15));
#8713=DIRECTION('center_axis',(0.,1.,0.));
#8714=DIRECTION('ref_axis',(1.77635683940025E-15,0.,-1.));
#8715=DIRECTION('',(1.,0.,1.71512449944288E-15));
#8716=DIRECTION('center_axis',(0.,-1.,0.));
#8717=DIRECTION('ref_axis',(0.,0.,1.));
#8718=DIRECTION('center_axis',(0.,1.,0.));
#8719=DIRECTION('ref_axis',(-1.,-2.13821176807375E-47,-1.73472347597681E-15));
#8720=DIRECTION('center_axis',(0.,-1.,0.));
#8721=DIRECTION('ref_axis',(0.,0.,1.));
#8722=DIRECTION('center_axis',(1.,0.,3.80049211567437E-15));
#8723=DIRECTION('ref_axis',(3.80049211567437E-15,0.,-1.));
#8724=DIRECTION('center_axis',(-1.,0.,-3.80049211567437E-15));
#8725=DIRECTION('ref_axis',(0.,-0.707106781186548,-0.707106781186548));
#8726=DIRECTION('',(0.,1.,0.));
#8727=DIRECTION('center_axis',(-1.,0.,-3.80049211567437E-15));
#8728=DIRECTION('ref_axis',(7.85046229341887E-15,0.707106781186548,-0.707106781186548));
#8729=DIRECTION('',(-3.83110828565306E-15,0.,1.));
#8730=DIRECTION('',(0.,-1.,0.));
#8731=DIRECTION('',(-3.83110828565306E-15,0.,1.));
#8732=DIRECTION('center_axis',(4.49068206100578E-15,0.,-1.));
#8733=DIRECTION('ref_axis',(0.,-1.,0.));
#8734=DIRECTION('',(1.,0.,4.49068206100578E-15));
#8735=DIRECTION('',(0.,-1.,0.));
#8736=DIRECTION('',(-1.,0.,-4.49068206100578E-15));
#8737=DIRECTION('center_axis',(-1.,0.,-4.49068206100578E-15));
#8738=DIRECTION('ref_axis',(7.85046229341887E-15,0.707106781186548,-0.707106781186548));
#8739=DIRECTION('center_axis',(1.,0.,4.49068206100578E-15));
#8740=DIRECTION('ref_axis',(7.85046229341887E-15,0.707106781186548,-0.707106781186548));
#8741=DIRECTION('',(1.,0.,4.49068206100578E-15));
#8742=DIRECTION('center_axis',(0.,1.,0.));
#8743=DIRECTION('ref_axis',(3.83110828565306E-15,0.,-1.));
#8744=DIRECTION('',(3.83110828565306E-15,0.,-1.));
#8745=DIRECTION('',(1.,0.,3.76987594569569E-15));
#8746=DIRECTION('center_axis',(0.,-1.,0.));
#8747=DIRECTION('ref_axis',(-3.76987594569569E-15,0.,1.));
#8748=DIRECTION('',(-1.,0.,-4.49068206100578E-15));
#8749=DIRECTION('',(-1.,0.,-3.76987594569569E-15));
#8750=DIRECTION('',(-3.76987594569569E-15,0.,1.));
#8751=DIRECTION('center_axis',(-1.,0.,-4.49068206100578E-15));
#8752=DIRECTION('ref_axis',(0.,-0.707106781186548,-0.707106781186548));
#8753=DIRECTION('center_axis',(1.,0.,4.49068206100578E-15));
#8754=DIRECTION('ref_axis',(0.,-0.707106781186548,-0.707106781186548));
#8755=DIRECTION('center_axis',(0.,8.5401771125012E-16,1.));
#8756=DIRECTION('ref_axis',(0.,-1.,8.5401771125012E-16));
#8757=DIRECTION('',(1.46474669952322E-30,1.,-8.5401771125012E-16));
#8758=DIRECTION('',(1.,0.,0.));
#8759=DIRECTION('',(1.,0.,0.));
#8760=DIRECTION('center_axis',(1.,0.,0.));
#8761=DIRECTION('ref_axis',(0.,-1.,0.));
#8762=DIRECTION('center_axis',(-1.,0.,-1.71512449944288E-15));
#8763=DIRECTION('ref_axis',(0.,-1.,0.));
#8764=DIRECTION('',(1.,0.,0.));
#8765=DIRECTION('center_axis',(0.,-1.,0.));
#8766=DIRECTION('ref_axis',(-1.71512449944288E-15,0.,1.));
#8767=DIRECTION('',(1.,2.18952885050753E-47,1.38777878078144E-15));
#8768=DIRECTION('',(-1.77635683940025E-15,0.,1.));
#8769=DIRECTION('center_axis',(0.,-1.,0.));
#8770=DIRECTION('ref_axis',(0.,0.,1.));
#8771=DIRECTION('',(0.,-1.,0.));
#8772=DIRECTION('center_axis',(0.,1.,0.));
#8773=DIRECTION('ref_axis',(1.77635683940025E-15,0.,-1.));
#8774=DIRECTION('',(-1.77635683940025E-15,0.,1.));
#8775=DIRECTION('center_axis',(1.,0.,0.));
#8776=DIRECTION('ref_axis',(0.,-0.707106781186548,0.707106781186548));
#8777=DIRECTION('center_axis',(1.,0.,1.71512449944288E-15));
#8778=DIRECTION('ref_axis',(0.,-0.707106781186548,0.707106781186548));
#8779=DIRECTION('',(-1.,0.,0.));
#8780=DIRECTION('center_axis',(1.,0.,0.));
#8781=DIRECTION('ref_axis',(0.,0.,1.));
#8782=DIRECTION('center_axis',(-1.,0.,-1.71512449944288E-15));
#8783=DIRECTION('ref_axis',(0.,0.,1.));
#8784=DIRECTION('',(1.,0.,0.));
#8785=DIRECTION('center_axis',(0.,-1.,2.06361158149774E-16));
#8786=DIRECTION('ref_axis',(0.,-2.06361158149774E-16,-1.));
#8787=DIRECTION('',(-1.71512449944288E-15,2.06361158149774E-16,1.));
#8788=DIRECTION('',(1.,4.29575454686609E-31,2.08166817117216E-15));
#8789=DIRECTION('center_axis',(0.,-1.,0.));
#8790=DIRECTION('ref_axis',(-1.,6.08202458474321E-47,-2.97932180789397E-15));
#8791=DIRECTION('center_axis',(0.,1.,-9.25185853854294E-16));
#8792=DIRECTION('ref_axis',(-1.,6.08202458474321E-47,-2.97932180789397E-15));
#8793=DIRECTION('center_axis',(0.,1.,-9.25185853854294E-16));
#8794=DIRECTION('ref_axis',(-1.,6.08202458474321E-47,-2.97932180789397E-15));
#8795=DIRECTION('center_axis',(0.,-1.,0.));
#8796=DIRECTION('ref_axis',(-1.,0.,-2.4671622769448E-15));
#8797=DIRECTION('center_axis',(0.,-1.,0.));
#8798=DIRECTION('ref_axis',(-2.05475144625281E-15,0.,1.));
#8799=DIRECTION('center_axis',(0.,1.,0.));
#8800=DIRECTION('ref_axis',(-1.,0.,-1.11022302462516E-14));
#8801=DIRECTION('center_axis',(0.,1.,0.));
#8802=DIRECTION('ref_axis',(-1.,0.,-1.11022302462516E-14));
#8803=DIRECTION('center_axis',(0.,-1.,0.));
#8804=DIRECTION('ref_axis',(-1.,6.08202458474321E-47,-2.97932180789397E-15));
#8805=DIRECTION('center_axis',(0.,-1.,9.25185853854294E-16));
#8806=DIRECTION('ref_axis',(-1.,6.08202458474321E-47,-2.97932180789397E-15));
#8807=DIRECTION('center_axis',(0.,-1.,9.25185853854294E-16));
#8808=DIRECTION('ref_axis',(-1.,6.08202458474321E-47,-2.97932180789397E-15));
#8809=DIRECTION('center_axis',(0.,1.,0.));
#8810=DIRECTION('ref_axis',(8.6350679693068E-15,0.,-1.));
#8811=DIRECTION('center_axis',(0.,-1.,0.));
#8812=DIRECTION('ref_axis',(0.,0.,-1.));
#8813=DIRECTION('',(5.17598966830735E-15,0.,-1.));
#8814=DIRECTION('center_axis',(0.,1.,0.));
#8815=DIRECTION('ref_axis',(0.,0.,-1.));
#8816=DIRECTION('center_axis',(0.,1.,0.));
#8817=DIRECTION('ref_axis',(0.,0.,1.));
#8818=DIRECTION('center_axis',(0.,-1.,0.));
#8819=DIRECTION('ref_axis',(-2.46716227694479E-15,0.,1.));
#8820=DIRECTION('center_axis',(0.,-1.,9.25185853854294E-16));
#8821=DIRECTION('ref_axis',(0.,-9.25185853854294E-16,-1.));
#8822=DIRECTION('center_axis',(0.,-1.,9.25185853854294E-16));
#8823=DIRECTION('ref_axis',(-2.05475144625281E-15,0.,1.));
#8824=DIRECTION('',(-1.71512449944288E-15,9.25185853854294E-16,1.));
#8825=DIRECTION('center_axis',(0.,1.,-9.25185853854294E-16));
#8826=DIRECTION('ref_axis',(-1.,6.84227765783685E-47,-2.97932180789397E-15));
#8827=DIRECTION('center_axis',(0.,-1.,0.));
#8828=DIRECTION('ref_axis',(0.,0.,-1.));
#8829=DIRECTION('center_axis',(0.,1.,0.));
#8830=DIRECTION('ref_axis',(-1.,0.,0.));
#8831=DIRECTION('center_axis',(-1.,0.,-4.49068206100578E-15));
#8832=DIRECTION('ref_axis',(-4.49068206100578E-15,0.,1.));
#8833=DIRECTION('',(0.,1.,0.));
#8834=DIRECTION('center_axis',(1.,0.,1.71512449944288E-15));
#8835=DIRECTION('ref_axis',(0.,1.,0.));
#8836=DIRECTION('',(0.,1.,0.));
#8837=DIRECTION('',(1.71512449944288E-15,-9.25185853854294E-16,-1.));
#8838=DIRECTION('',(0.,1.,0.));
#8839=DIRECTION('center_axis',(0.,1.,-9.25185853854294E-16));
#8840=DIRECTION('ref_axis',(0.,9.25185853854294E-16,1.));
#8841=DIRECTION('center_axis',(0.,1.,-9.25185853854294E-16));
#8842=DIRECTION('ref_axis',(-2.05475144625281E-15,0.,1.));
#8843=DIRECTION('center_axis',(0.,-1.,9.25185853854294E-16));
#8844=DIRECTION('ref_axis',(-1.,6.84227765783685E-47,-2.97932180789397E-15));
#8845=DIRECTION('center_axis',(0.,-1.,0.));
#8846=DIRECTION('ref_axis',(0.,0.,-1.));
#8847=DIRECTION('',(-5.19685267954496E-15,9.86076131526265E-31,1.));
#8848=DIRECTION('center_axis',(0.,1.,0.));
#8849=DIRECTION('ref_axis',(0.,0.,-1.));
#8850=DIRECTION('center_axis',(2.05475144625281E-15,1.83758917935762E-15,
-1.));
#8851=DIRECTION('ref_axis',(-1.,-6.27192123843586E-15,-2.05475144625282E-15));
#8852=DIRECTION('',(1.,6.27192123843586E-15,2.05475144625282E-15));
#8853=DIRECTION('',(-1.,-6.27192123843586E-15,-2.05475144625282E-15));
#8854=DIRECTION('center_axis',(-3.49636367687298E-15,1.,5.7885019452809E-16));
#8855=DIRECTION('ref_axis',(1.,3.49636367687298E-15,2.05475144625281E-15));
#8856=DIRECTION('',(-1.,-3.49636367687298E-15,-2.05475144625281E-15));
#8857=DIRECTION('center_axis',(-1.,0.,-2.05475144625281E-15));
#8858=DIRECTION('ref_axis',(-2.05475144625281E-15,0.,1.));
#8859=DIRECTION('center_axis',(6.20580656044868E-15,-6.50810246807335E-30,
-1.));
#8860=DIRECTION('ref_axis',(0.70710678118654,-0.707106781186555,2.40152517162976E-16));
#8861=DIRECTION('',(6.20580656044868E-15,-6.50810246807335E-30,-1.));
#8862=DIRECTION('center_axis',(1.11022302462516E-15,1.,3.75752705514475E-31));
#8863=DIRECTION('ref_axis',(-1.,1.11022302462516E-15,-3.39626946809922E-16));
#8864=DIRECTION('',(-3.39626946809922E-16,0.,1.));
#8865=DIRECTION('center_axis',(-3.39626946809922E-16,0.,1.));
#8866=DIRECTION('ref_axis',(-0.707106781186555,0.70710678118654,-2.40152517162982E-16));
#8867=DIRECTION('',(3.39626946809922E-16,0.,-1.));
#8868=DIRECTION('center_axis',(-1.,1.32960841272474E-15,-3.39626946809922E-16));
#8869=DIRECTION('ref_axis',(-1.32960841272474E-15,-1.,-4.56203120005972E-31));
#8870=DIRECTION('',(-3.39626946809922E-16,0.,1.));
#8871=DIRECTION('center_axis',(-3.39626946809922E-16,0.,1.));
#8872=DIRECTION('ref_axis',(-0.707106781186555,-0.70710678118654,-2.40152517162982E-16));
#8873=DIRECTION('',(3.39626946809922E-16,0.,-1.));
#8874=DIRECTION('center_axis',(-8.32667268468867E-16,-1.,-2.94140480779933E-31));
#8875=DIRECTION('ref_axis',(1.,-8.32667268468867E-16,3.39626946809922E-16));
#8876=DIRECTION('',(-6.20580656044868E-15,4.88107685105501E-30,1.));
#8877=DIRECTION('center_axis',(-6.20580656044868E-15,4.88107685105501E-30,
1.));
#8878=DIRECTION('ref_axis',(0.707106781186544,0.707106781186551,2.40152517162978E-16));
#8879=DIRECTION('center_axis',(0.,-1.,0.));
#8880=DIRECTION('ref_axis',(-1.,0.,-5.17598966830735E-15));
#8881=DIRECTION('center_axis',(0.,-1.,0.));
#8882=DIRECTION('ref_axis',(-1.,6.84227765783685E-47,-2.97932180789397E-15));
#8883=DIRECTION('center_axis',(0.,-1.,0.));
#8884=DIRECTION('ref_axis',(-2.05475144625281E-15,0.,1.));
#8885=DIRECTION('center_axis',(0.,-1.,0.));
#8886=DIRECTION('ref_axis',(-1.,6.84227765783685E-47,-2.97932180789397E-15));
#8887=DIRECTION('center_axis',(-2.06361158149774E-16,-1.,-5.81122386182046E-32));
#8888=DIRECTION('ref_axis',(1.,-2.06361158149774E-16,3.39626946809922E-16));
#8889=DIRECTION('center_axis',(-2.69167249193684E-17,1.,1.83758917935762E-15));
#8890=DIRECTION('ref_axis',(1.,2.69167249193645E-17,2.05475144625281E-15));
#8891=DIRECTION('',(1.,2.69167249193645E-17,2.05475144625281E-15));
#8892=DIRECTION('center_axis',(-2.06361158149774E-16,-1.,-5.81122386182046E-32));
#8893=DIRECTION('ref_axis',(1.,-2.06361158149774E-16,3.39626946809922E-16));
#8894=DIRECTION('center_axis',(-1.,0.,-2.05475144625281E-15));
#8895=DIRECTION('ref_axis',(-2.05475144625281E-15,0.,1.));
#8896=DIRECTION('axis',(0.,0.,1.));
#8897=DIRECTION('refdir',(1.,0.,0.));
#8898=DIRECTION('center_axis',(0.,1.,0.));
#8899=DIRECTION('ref_axis',(1.,0.,0.));
#8900=DIRECTION('',(-5.55111512312578E-15,0.,1.));
#8901=DIRECTION('',(1.,0.,0.));
#8902=DIRECTION('',(0.,0.,-1.));
#8903=DIRECTION('',(1.,0.,0.));
#8904=DIRECTION('center_axis',(0.,1.,0.));
#8905=DIRECTION('ref_axis',(1.,0.,0.));
#8906=DIRECTION('',(5.39691748081673E-15,0.,-1.));
#8907=DIRECTION('',(1.,0.,0.));
#8908=DIRECTION('',(0.,0.,-1.));
#8909=DIRECTION('',(1.,0.,0.));
#8910=DIRECTION('center_axis',(-1.,0.,0.));
#8911=DIRECTION('ref_axis',(0.,1.,0.));
#8912=DIRECTION('',(0.,0.707106781186548,0.707106781186548));
#8913=DIRECTION('',(0.,1.,0.));
#8914=DIRECTION('',(0.,1.,0.));
#8915=DIRECTION('center_axis',(1.,0.,0.));
#8916=DIRECTION('ref_axis',(0.,-1.,0.));
#8917=DIRECTION('',(0.,-0.707106781186548,-0.707106781186548));
#8918=DIRECTION('',(0.,-1.,0.));
#8919=DIRECTION('',(0.,-1.,0.));
#8920=DIRECTION('center_axis',(0.,1.,0.));
#8921=DIRECTION('ref_axis',(1.,0.,0.));
#8922=DIRECTION('',(-5.55111512312578E-15,0.,1.));
#8923=DIRECTION('',(1.,0.,0.));
#8924=DIRECTION('',(0.,0.,-1.));
#8925=DIRECTION('',(1.,0.,0.));
#8926=DIRECTION('center_axis',(0.,1.,0.));
#8927=DIRECTION('ref_axis',(1.,0.,0.));
#8928=DIRECTION('',(4.93432455388958E-15,0.,-1.));
#8929=DIRECTION('',(1.,0.,0.));
#8930=DIRECTION('',(0.,0.,-1.));
#8931=DIRECTION('',(1.,0.,0.));
#8932=DIRECTION('center_axis',(-1.,0.,0.));
#8933=DIRECTION('ref_axis',(0.,1.,0.));
#8934=DIRECTION('',(0.,0.707106781186548,0.707106781186548));
#8935=DIRECTION('',(0.,1.,0.));
#8936=DIRECTION('',(0.,1.,0.));
#8937=DIRECTION('center_axis',(1.,0.,0.));
#8938=DIRECTION('ref_axis',(0.,-1.,0.));
#8939=DIRECTION('',(0.,-0.707106781186548,-0.707106781186548));
#8940=DIRECTION('',(0.,-1.,0.));
#8941=DIRECTION('',(0.,-1.,0.));
#8942=DIRECTION('center_axis',(0.,1.,0.));
#8943=DIRECTION('ref_axis',(1.,0.,0.));
#8944=DIRECTION('',(-5.55111512312578E-15,0.,1.));
#8945=DIRECTION('',(1.,0.,0.));
#8946=DIRECTION('',(0.,0.,-1.));
#8947=DIRECTION('',(1.,0.,0.));
#8948=DIRECTION('center_axis',(0.,1.,0.));
#8949=DIRECTION('ref_axis',(1.,0.,0.));
#8950=DIRECTION('',(5.55111512312578E-15,0.,-1.));
#8951=DIRECTION('',(1.,0.,0.));
#8952=DIRECTION('',(0.,0.,-1.));
#8953=DIRECTION('',(1.,0.,0.));
#8954=DIRECTION('center_axis',(-1.,0.,0.));
#8955=DIRECTION('ref_axis',(0.,1.,0.));
#8956=DIRECTION('',(0.,0.707106781186548,0.707106781186548));
#8957=DIRECTION('',(0.,1.,0.));
#8958=DIRECTION('',(0.,1.,0.));
#8959=DIRECTION('center_axis',(1.,0.,0.));
#8960=DIRECTION('ref_axis',(0.,-1.,0.));
#8961=DIRECTION('',(0.,-0.707106781186548,-0.707106781186548));
#8962=DIRECTION('',(0.,-1.,0.));
#8963=DIRECTION('',(0.,-1.,0.));
#8964=DIRECTION('center_axis',(0.,1.,0.));
#8965=DIRECTION('ref_axis',(1.,0.,0.));
#8966=DIRECTION('',(-5.55111512312578E-15,0.,1.));
#8967=DIRECTION('',(1.,0.,0.));
#8968=DIRECTION('',(0.,0.,-1.));
#8969=DIRECTION('',(1.,0.,0.));
#8970=DIRECTION('center_axis',(0.,1.,0.));
#8971=DIRECTION('ref_axis',(1.,0.,0.));
#8972=DIRECTION('',(5.55111512312578E-15,0.,-1.));
#8973=DIRECTION('',(1.,0.,0.));
#8974=DIRECTION('',(0.,0.,-1.));
#8975=DIRECTION('',(1.,0.,0.));
#8976=DIRECTION('center_axis',(-1.,0.,0.));
#8977=DIRECTION('ref_axis',(0.,1.,0.));
#8978=DIRECTION('',(0.,0.707106781186548,0.707106781186548));
#8979=DIRECTION('',(0.,1.,0.));
#8980=DIRECTION('',(0.,1.,0.));
#8981=DIRECTION('center_axis',(1.,0.,0.));
#8982=DIRECTION('ref_axis',(0.,-1.,0.));
#8983=DIRECTION('',(0.,-0.707106781186548,-0.707106781186548));
#8984=DIRECTION('',(0.,-1.,0.));
#8985=DIRECTION('',(0.,-1.,0.));
#8986=DIRECTION('center_axis',(0.,1.,0.));
#8987=DIRECTION('ref_axis',(1.,0.,0.));
#8988=DIRECTION('',(-5.55111512312578E-15,0.,1.));
#8989=DIRECTION('',(1.,0.,0.));
#8990=DIRECTION('',(0.,0.,-1.));
#8991=DIRECTION('',(1.,0.,0.));
#8992=DIRECTION('center_axis',(0.,1.,0.));
#8993=DIRECTION('ref_axis',(1.,0.,0.));
#8994=DIRECTION('',(5.47401630197126E-15,0.,-1.));
#8995=DIRECTION('',(1.,0.,0.));
#8996=DIRECTION('',(0.,0.,-1.));
#8997=DIRECTION('',(1.,0.,0.));
#8998=DIRECTION('center_axis',(-1.,0.,0.));
#8999=DIRECTION('ref_axis',(0.,1.,0.));
#9000=DIRECTION('',(0.,0.707106781186548,0.707106781186548));
#9001=DIRECTION('',(0.,1.,0.));
#9002=DIRECTION('',(0.,1.,0.));
#9003=DIRECTION('center_axis',(1.,0.,0.));
#9004=DIRECTION('ref_axis',(0.,-1.,0.));
#9005=DIRECTION('',(0.,-0.707106781186548,-0.707106781186548));
#9006=DIRECTION('',(0.,-1.,0.));
#9007=DIRECTION('',(0.,-1.,0.));
#9008=DIRECTION('center_axis',(0.,1.,0.));
#9009=DIRECTION('ref_axis',(1.,0.,0.));
#9010=DIRECTION('',(-5.55111512312578E-15,0.,1.));
#9011=DIRECTION('',(1.,0.,0.));
#9012=DIRECTION('',(0.,0.,-1.));
#9013=DIRECTION('',(1.,0.,0.));
#9014=DIRECTION('center_axis',(0.,1.,0.));
#9015=DIRECTION('ref_axis',(1.,0.,0.));
#9016=DIRECTION('',(4.93432455388958E-15,0.,-1.));
#9017=DIRECTION('',(1.,0.,0.));
#9018=DIRECTION('',(0.,0.,-1.));
#9019=DIRECTION('',(1.,0.,0.));
#9020=DIRECTION('center_axis',(-1.,0.,0.));
#9021=DIRECTION('ref_axis',(0.,1.,0.));
#9022=DIRECTION('',(0.,0.707106781186548,0.707106781186548));
#9023=DIRECTION('',(0.,1.,0.));
#9024=DIRECTION('',(0.,1.,0.));
#9025=DIRECTION('center_axis',(1.,0.,0.));
#9026=DIRECTION('ref_axis',(0.,-1.,0.));
#9027=DIRECTION('',(0.,-0.707106781186548,-0.707106781186548));
#9028=DIRECTION('',(0.,-1.,0.));
#9029=DIRECTION('',(0.,-1.,0.));
#9030=DIRECTION('center_axis',(1.,0.,0.));
#9031=DIRECTION('ref_axis',(0.,-1.,0.));
#9032=DIRECTION('',(0.,-0.707106781186548,-0.707106781186548));
#9033=DIRECTION('',(0.,-1.,0.));
#9034=DIRECTION('',(0.,0.,-1.));
#9035=DIRECTION('',(0.,-1.,0.));
#9036=DIRECTION('center_axis',(0.,1.,0.));
#9037=DIRECTION('ref_axis',(1.,0.,0.));
#9038=DIRECTION('',(5.39691748081673E-15,0.,-1.));
#9039=DIRECTION('',(1.,0.,0.));
#9040=DIRECTION('',(0.,0.,-1.));
#9041=DIRECTION('',(1.,0.,0.));
#9042=DIRECTION('center_axis',(0.,1.,0.));
#9043=DIRECTION('ref_axis',(1.,0.,0.));
#9044=DIRECTION('',(-5.55111512312578E-15,0.,1.));
#9045=DIRECTION('',(1.,0.,0.));
#9046=DIRECTION('',(1.,0.,0.));
#9047=DIRECTION('center_axis',(-1.,0.,0.));
#9048=DIRECTION('ref_axis',(0.,1.,0.));
#9049=DIRECTION('',(0.,0.707106781186548,0.707106781186548));
#9050=DIRECTION('',(0.,1.,0.));
#9051=DIRECTION('',(0.,1.,0.));
#9052=DIRECTION('center_axis',(0.,1.,0.));
#9053=DIRECTION('ref_axis',(1.,0.,0.));
#9054=DIRECTION('',(-5.55111512312578E-15,0.,1.));
#9055=DIRECTION('',(1.,0.,0.));
#9056=DIRECTION('',(0.,0.,-1.));
#9057=DIRECTION('',(1.,0.,0.));
#9058=DIRECTION('center_axis',(0.,1.,0.));
#9059=DIRECTION('ref_axis',(1.,0.,0.));
#9060=DIRECTION('',(4.93432455388958E-15,0.,-1.));
#9061=DIRECTION('',(1.,0.,0.));
#9062=DIRECTION('',(0.,0.,-1.));
#9063=DIRECTION('',(1.,0.,0.));
#9064=DIRECTION('center_axis',(-1.,0.,0.));
#9065=DIRECTION('ref_axis',(0.,1.,0.));
#9066=DIRECTION('',(0.,0.707106781186548,0.707106781186548));
#9067=DIRECTION('',(0.,1.,0.));
#9068=DIRECTION('',(0.,1.,0.));
#9069=DIRECTION('center_axis',(1.,0.,0.));
#9070=DIRECTION('ref_axis',(0.,-1.,0.));
#9071=DIRECTION('',(0.,-0.707106781186548,-0.707106781186548));
#9072=DIRECTION('',(0.,-1.,0.));
#9073=DIRECTION('',(0.,-1.,0.));
#9074=DIRECTION('center_axis',(-1.,0.,-5.39691748081673E-15));
#9075=DIRECTION('ref_axis',(5.39691748081673E-15,0.,-1.));
#9076=DIRECTION('',(0.,-1.,0.));
#9077=DIRECTION('',(5.39691748081673E-15,0.,-1.));
#9078=DIRECTION('',(0.,-1.,0.));
#9079=DIRECTION('',(5.39691748081673E-15,0.,-1.));
#9080=DIRECTION('',(0.,-1.,0.));
#9081=DIRECTION('',(0.,1.,0.));
#9082=DIRECTION('center_axis',(1.,0.,5.55111512312578E-15));
#9083=DIRECTION('ref_axis',(-5.55111512312578E-15,0.,1.));
#9084=DIRECTION('',(0.,1.,0.));
#9085=DIRECTION('',(0.,-1.,0.));
#9086=DIRECTION('',(0.,-1.,0.));
#9087=DIRECTION('',(-5.55111512312578E-15,0.,1.));
#9088=DIRECTION('',(0.,-1.,0.));
#9089=DIRECTION('',(-5.55111512312578E-15,0.,1.));
#9090=DIRECTION('center_axis',(-1.,0.,-4.93432455388958E-15));
#9091=DIRECTION('ref_axis',(4.93432455388958E-15,0.,-1.));
#9092=DIRECTION('',(0.,-1.,0.));
#9093=DIRECTION('',(4.93432455388958E-15,0.,-1.));
#9094=DIRECTION('',(0.,-1.,0.));
#9095=DIRECTION('',(4.93432455388958E-15,0.,-1.));
#9096=DIRECTION('',(0.,-1.,0.));
#9097=DIRECTION('',(0.,1.,0.));
#9098=DIRECTION('center_axis',(1.,0.,5.55111512312578E-15));
#9099=DIRECTION('ref_axis',(-5.55111512312578E-15,0.,1.));
#9100=DIRECTION('',(0.,1.,0.));
#9101=DIRECTION('',(0.,-1.,0.));
#9102=DIRECTION('',(0.,-1.,0.));
#9103=DIRECTION('',(-5.55111512312578E-15,0.,1.));
#9104=DIRECTION('',(0.,-1.,0.));
#9105=DIRECTION('',(-5.55111512312578E-15,0.,1.));
#9106=DIRECTION('center_axis',(-1.,0.,-5.55111512312578E-15));
#9107=DIRECTION('ref_axis',(5.55111512312578E-15,0.,-1.));
#9108=DIRECTION('',(0.,-1.,0.));
#9109=DIRECTION('',(5.55111512312578E-15,0.,-1.));
#9110=DIRECTION('',(0.,-1.,0.));
#9111=DIRECTION('',(5.55111512312578E-15,0.,-1.));
#9112=DIRECTION('',(0.,-1.,0.));
#9113=DIRECTION('',(0.,1.,0.));
#9114=DIRECTION('center_axis',(0.,0.,1.));
#9115=DIRECTION('ref_axis',(-1.,0.,0.));
#9116=DIRECTION('',(-1.,0.,0.));
#9117=DIRECTION('',(1.,0.,0.));
#9118=DIRECTION('center_axis',(1.,0.,5.55111512312578E-15));
#9119=DIRECTION('ref_axis',(-5.55111512312578E-15,0.,1.));
#9120=DIRECTION('',(0.,1.,0.));
#9121=DIRECTION('',(0.,-1.,0.));
#9122=DIRECTION('',(0.,-1.,0.));
#9123=DIRECTION('',(-5.55111512312578E-15,0.,1.));
#9124=DIRECTION('',(0.,-1.,0.));
#9125=DIRECTION('',(-5.55111512312578E-15,0.,1.));
#9126=DIRECTION('center_axis',(0.,0.,1.));
#9127=DIRECTION('ref_axis',(-1.,0.,0.));
#9128=DIRECTION('',(-1.,0.,0.));
#9129=DIRECTION('',(0.,1.,0.));
#9130=DIRECTION('',(1.,0.,0.));
#9131=DIRECTION('center_axis',(-1.,0.,-5.55111512312578E-15));
#9132=DIRECTION('ref_axis',(5.55111512312578E-15,0.,-1.));
#9133=DIRECTION('',(0.,-1.,0.));
#9134=DIRECTION('',(5.55111512312578E-15,0.,-1.));
#9135=DIRECTION('',(0.,-1.,0.));
#9136=DIRECTION('',(5.55111512312578E-15,0.,-1.));
#9137=DIRECTION('',(0.,-1.,0.));
#9138=DIRECTION('center_axis',(1.,0.,5.55111512312578E-15));
#9139=DIRECTION('ref_axis',(-5.55111512312578E-15,0.,1.));
#9140=DIRECTION('',(0.,1.,0.));
#9141=DIRECTION('',(0.,-1.,0.));
#9142=DIRECTION('',(0.,-1.,0.));
#9143=DIRECTION('',(-5.55111512312578E-15,0.,1.));
#9144=DIRECTION('',(0.,-1.,0.));
#9145=DIRECTION('',(-5.55111512312578E-15,0.,1.));
#9146=DIRECTION('center_axis',(-1.,0.,-5.47401630197126E-15));
#9147=DIRECTION('ref_axis',(5.47401630197126E-15,0.,-1.));
#9148=DIRECTION('',(0.,-1.,0.));
#9149=DIRECTION('',(5.47401630197126E-15,0.,-1.));
#9150=DIRECTION('',(0.,-1.,0.));
#9151=DIRECTION('',(5.47401630197126E-15,0.,-1.));
#9152=DIRECTION('',(0.,-1.,0.));
#9153=DIRECTION('',(0.,1.,0.));
#9154=DIRECTION('center_axis',(1.,0.,5.55111512312578E-15));
#9155=DIRECTION('ref_axis',(-5.55111512312578E-15,0.,1.));
#9156=DIRECTION('',(0.,1.,0.));
#9157=DIRECTION('',(0.,-1.,0.));
#9158=DIRECTION('',(0.,-1.,0.));
#9159=DIRECTION('',(-5.55111512312578E-15,0.,1.));
#9160=DIRECTION('',(0.,-1.,0.));
#9161=DIRECTION('',(-5.55111512312578E-15,0.,1.));
#9162=DIRECTION('center_axis',(-1.,0.,-4.93432455388958E-15));
#9163=DIRECTION('ref_axis',(4.93432455388958E-15,0.,-1.));
#9164=DIRECTION('',(0.,-1.,0.));
#9165=DIRECTION('',(4.93432455388958E-15,0.,-1.));
#9166=DIRECTION('',(0.,-1.,0.));
#9167=DIRECTION('',(4.93432455388958E-15,0.,-1.));
#9168=DIRECTION('',(0.,-1.,0.));
#9169=DIRECTION('',(0.,1.,0.));
#9170=DIRECTION('center_axis',(1.,0.,5.55111512312578E-15));
#9171=DIRECTION('ref_axis',(-5.55111512312578E-15,0.,1.));
#9172=DIRECTION('',(0.,1.,0.));
#9173=DIRECTION('',(0.,-1.,0.));
#9174=DIRECTION('',(0.,-1.,0.));
#9175=DIRECTION('',(-5.55111512312578E-15,0.,1.));
#9176=DIRECTION('',(0.,-1.,0.));
#9177=DIRECTION('',(-5.55111512312578E-15,0.,1.));
#9178=DIRECTION('center_axis',(-1.,0.,-5.39691748081673E-15));
#9179=DIRECTION('ref_axis',(5.39691748081673E-15,0.,-1.));
#9180=DIRECTION('',(0.,-1.,0.));
#9181=DIRECTION('',(5.39691748081673E-15,0.,-1.));
#9182=DIRECTION('',(0.,-1.,0.));
#9183=DIRECTION('',(5.39691748081673E-15,0.,-1.));
#9184=DIRECTION('',(0.,-1.,0.));
#9185=DIRECTION('',(0.,1.,0.));
#9186=DIRECTION('center_axis',(0.,0.,1.));
#9187=DIRECTION('ref_axis',(-1.,0.,0.));
#9188=DIRECTION('',(-1.,0.,0.));
#9189=DIRECTION('',(1.,0.,0.));
#9190=DIRECTION('center_axis',(-1.,0.,-4.93432455388958E-15));
#9191=DIRECTION('ref_axis',(4.93432455388958E-15,0.,-1.));
#9192=DIRECTION('',(0.,-1.,0.));
#9193=DIRECTION('',(4.93432455388958E-15,0.,-1.));
#9194=DIRECTION('',(0.,-1.,0.));
#9195=DIRECTION('',(4.93432455388958E-15,0.,-1.));
#9196=DIRECTION('',(0.,-1.,0.));
#9197=DIRECTION('',(0.,1.,0.));
#9198=DIRECTION('center_axis',(0.,0.,1.));
#9199=DIRECTION('ref_axis',(-1.,0.,0.));
#9200=DIRECTION('',(-1.,0.,0.));
#9201=DIRECTION('',(1.,0.,0.));
#9202=DIRECTION('center_axis',(1.,0.,5.55111512312578E-15));
#9203=DIRECTION('ref_axis',(-5.55111512312578E-15,0.,1.));
#9204=DIRECTION('',(0.,1.,0.));
#9205=DIRECTION('',(0.,-1.,0.));
#9206=DIRECTION('',(0.,-1.,0.));
#9207=DIRECTION('',(-5.55111512312578E-15,0.,1.));
#9208=DIRECTION('',(0.,-1.,0.));
#9209=DIRECTION('',(-5.55111512312578E-15,0.,1.));
#9210=DIRECTION('center_axis',(0.,0.,1.));
#9211=DIRECTION('ref_axis',(-1.,0.,0.));
#9212=DIRECTION('',(-1.,0.,0.));
#9213=DIRECTION('',(0.,-1.,0.));
#9214=DIRECTION('',(-1.,0.,0.));
#9215=DIRECTION('',(0.,-1.,0.));
#9216=DIRECTION('',(1.,0.,0.));
#9217=DIRECTION('center_axis',(0.,0.,1.));
#9218=DIRECTION('ref_axis',(-0.707106781186548,-0.707106781186547,0.));
#9219=DIRECTION('',(0.,0.,-1.));
#9220=DIRECTION('',(0.,0.,1.));
#9221=DIRECTION('center_axis',(-0.707106781186548,0.,-0.707106781186548));
#9222=DIRECTION('ref_axis',(0.707106781186547,0.,-0.707106781186547));
#9223=DIRECTION('center_axis',(1.,0.,0.));
#9224=DIRECTION('ref_axis',(0.,-0.707106781186547,0.707106781186548));
#9225=DIRECTION('',(-1.,0.,0.));
#9226=DIRECTION('',(1.,0.,0.));
#9227=DIRECTION('center_axis',(-0.707106781186548,0.,0.707106781186548));
#9228=DIRECTION('ref_axis',(-0.707106781186547,0.,-0.707106781186547));
#9229=DIRECTION('center_axis',(0.,0.,-1.));
#9230=DIRECTION('ref_axis',(0.707106781186548,-0.707106781186547,0.));
#9231=DIRECTION('',(0.,0.,-1.));
#9232=DIRECTION('',(0.,0.,1.));
#9233=DIRECTION('center_axis',(-1.,0.,0.));
#9234=DIRECTION('ref_axis',(0.,0.,1.));
#9235=DIRECTION('',(0.,-1.,0.));
#9236=DIRECTION('',(0.,1.,0.));
#9237=DIRECTION('',(0.,0.,1.));
#9238=DIRECTION('',(0.,-1.,0.));
#9239=DIRECTION('',(0.,0.,-1.));
#9240=DIRECTION('center_axis',(0.,0.,1.));
#9241=DIRECTION('ref_axis',(1.,0.,0.));
#9242=DIRECTION('',(0.,1.,0.));
#9243=DIRECTION('',(1.,0.,0.));
#9244=DIRECTION('',(0.,-1.,0.));
#9245=DIRECTION('',(-1.,0.,0.));
#9246=DIRECTION('',(0.,1.,0.));
#9247=DIRECTION('',(1.,0.,0.));
#9248=DIRECTION('center_axis',(1.,0.,0.));
#9249=DIRECTION('ref_axis',(0.,0.,-1.));
#9250=DIRECTION('',(0.,1.,0.));
#9251=DIRECTION('',(0.,0.,1.));
#9252=DIRECTION('',(0.,1.,0.));
#9253=DIRECTION('',(0.,0.,-1.));
#9254=DIRECTION('center_axis',(0.,-1.,0.));
#9255=DIRECTION('ref_axis',(0.707106781186548,0.,0.707106781186547));
#9256=DIRECTION('center_axis',(0.,1.,0.));
#9257=DIRECTION('ref_axis',(0.707106781186548,0.,0.707106781186547));
#9258=DIRECTION('center_axis',(0.,0.707106781186547,0.707106781186548));
#9259=DIRECTION('ref_axis',(0.,0.707106781186548,-0.707106781186547));
#9260=DIRECTION('center_axis',(0.,-1.,0.));
#9261=DIRECTION('ref_axis',(-0.707106781186548,0.,0.707106781186547));
#9262=DIRECTION('',(0.,1.,0.));
#9263=DIRECTION('center_axis',(0.,1.,0.));
#9264=DIRECTION('ref_axis',(-0.707106781186548,0.,0.707106781186547));
#9265=DIRECTION('center_axis',(-7.85046229341887E-16,0.707106781186547,
0.707106781186548));
#9266=DIRECTION('ref_axis',(7.85046229341887E-16,0.707106781186548,-0.707106781186547));
#9267=DIRECTION('center_axis',(0.,0.,1.));
#9268=DIRECTION('ref_axis',(0.707106781186548,-0.707106781186547,0.));
#9269=DIRECTION('',(0.,0.,-1.));
#9270=DIRECTION('center_axis',(0.707106781186547,1.96261557335472E-16,0.707106781186548));
#9271=DIRECTION('ref_axis',(0.707106781186548,1.96261557335472E-16,-0.707106781186547));
#9272=DIRECTION('center_axis',(1.,0.,0.));
#9273=DIRECTION('ref_axis',(0.,-0.707106781186548,-0.707106781186547));
#9274=DIRECTION('',(-1.,0.,0.));
#9275=DIRECTION('center_axis',(0.707106781186547,0.,-0.707106781186548));
#9276=DIRECTION('ref_axis',(-0.707106781186548,0.,-0.707106781186547));
#9277=DIRECTION('',(1.,0.,0.));
#9278=DIRECTION('center_axis',(0.,0.,-1.));
#9279=DIRECTION('ref_axis',(-0.707106781186548,-0.707106781186547,0.));
#9280=DIRECTION('',(0.,0.,1.));
#9281=DIRECTION('center_axis',(0.,0.,-1.));
#9282=DIRECTION('ref_axis',(-1.,0.,0.));
#9283=DIRECTION('',(-1.,0.,0.));
#9284=DIRECTION('',(0.,-1.,0.));
#9285=DIRECTION('',(-1.,0.,0.));
#9286=DIRECTION('',(0.,-1.,0.));
#9287=DIRECTION('',(1.,0.,0.));
#9288=DIRECTION('',(0.,1.,0.));
#9289=DIRECTION('',(-1.,0.,0.));
#9290=DIRECTION('',(0.,1.,0.));
#9291=DIRECTION('',(-1.,0.,0.));
#9292=DIRECTION('center_axis',(0.,0.,1.));
#9293=DIRECTION('ref_axis',(0.707106781186548,-0.707106781186548,0.));
#9294=DIRECTION('',(0.,0.,1.));
#9295=DIRECTION('center_axis',(0.,0.707106781186548,-0.707106781186548));
#9296=DIRECTION('ref_axis',(0.,-0.707106781186547,-0.707106781186547));
#9297=DIRECTION('',(0.,0.,-1.));
#9298=DIRECTION('center_axis',(0.707106781186547,-1.57009245868377E-15,
0.707106781186548));
#9299=DIRECTION('ref_axis',(0.707106781186548,-1.57009245868377E-15,-0.707106781186547));
#9300=DIRECTION('center_axis',(1.,0.,0.));
#9301=DIRECTION('ref_axis',(0.,-0.707106781186548,-0.707106781186547));
#9302=DIRECTION('',(1.,0.,0.));
#9303=DIRECTION('',(-1.,0.,0.));
#9304=DIRECTION('center_axis',(0.707106781186547,0.,-0.707106781186548));
#9305=DIRECTION('ref_axis',(-0.707106781186548,0.,-0.707106781186547));
#9306=DIRECTION('center_axis',(0.,0.,-1.));
#9307=DIRECTION('ref_axis',(-0.707106781186548,-0.707106781186548,0.));
#9308=DIRECTION('',(0.,0.,1.));
#9309=DIRECTION('center_axis',(0.,0.707106781186548,-0.707106781186548));
#9310=DIRECTION('ref_axis',(0.,-0.707106781186547,-0.707106781186547));
#9311=DIRECTION('',(0.,0.,-1.));
#9312=DIRECTION('center_axis',(1.,0.,0.));
#9313=DIRECTION('ref_axis',(0.,0.,1.));
#9314=DIRECTION('',(0.,-1.,0.));
#9315=DIRECTION('',(0.,0.,-1.));
#9316=DIRECTION('',(0.,0.707106781186548,0.707106781186548));
#9317=DIRECTION('center_axis',(0.,0.,-1.));
#9318=DIRECTION('ref_axis',(1.,0.,0.));
#9319=DIRECTION('',(0.,-1.,0.));
#9320=DIRECTION('',(-1.,0.,0.));
#9321=DIRECTION('center_axis',(-1.,0.,0.));
#9322=DIRECTION('ref_axis',(0.,0.,-1.));
#9323=DIRECTION('',(0.,-0.707106781186548,-0.707106781186548));
#9324=DIRECTION('',(0.,-1.,0.));
#9325=DIRECTION('',(0.,0.,1.));
#9326=DIRECTION('center_axis',(0.,-0.707106781186548,0.707106781186548));
#9327=DIRECTION('ref_axis',(1.,0.,0.));
#9328=DIRECTION('',(-1.,0.,0.));
#9329=DIRECTION('',(-1.,0.,0.));
#9330=DIRECTION('',(-1.,0.,0.));
#9331=DIRECTION('',(-1.,0.,0.));
#9332=DIRECTION('',(-1.,0.,0.));
#9333=DIRECTION('',(-1.,0.,0.));
#9334=DIRECTION('',(-1.,0.,0.));
#9335=DIRECTION('',(-1.,0.,0.));
#9336=DIRECTION('',(-1.,0.,0.));
#9337=DIRECTION('',(1.,0.,0.));
#9338=DIRECTION('',(-1.,0.,0.));
#9339=DIRECTION('',(-1.,0.,0.));
#9340=DIRECTION('',(-1.,0.,0.));
#9341=DIRECTION('center_axis',(0.,0.,-1.));
#9342=DIRECTION('ref_axis',(-1.,0.,0.));
#9343=DIRECTION('',(1.,0.,0.));
#9344=DIRECTION('center_axis',(0.,-1.,0.));
#9345=DIRECTION('ref_axis',(0.,0.,-1.));
#9346=DIRECTION('center_axis',(0.,0.,1.));
#9347=DIRECTION('ref_axis',(-1.,0.,0.));
#9348=DIRECTION('',(1.,0.,0.));
#9349=DIRECTION('',(-1.,0.,0.));
#9350=DIRECTION('center_axis',(0.,0.,-1.));
#9351=DIRECTION('ref_axis',(-1.,0.,0.));
#9352=DIRECTION('',(1.,0.,0.));
#9353=DIRECTION('center_axis',(0.,0.,1.));
#9354=DIRECTION('ref_axis',(-1.,0.,0.));
#9355=DIRECTION('',(1.,0.,0.));
#9356=DIRECTION('center_axis',(0.,0.,-1.));
#9357=DIRECTION('ref_axis',(-1.,0.,0.));
#9358=DIRECTION('',(1.,0.,0.));
#9359=DIRECTION('center_axis',(0.,0.,-1.));
#9360=DIRECTION('ref_axis',(-1.,0.,0.));
#9361=DIRECTION('',(1.,0.,0.));
#9362=DIRECTION('center_axis',(0.,0.,-1.));
#9363=DIRECTION('ref_axis',(-1.,0.,0.));
#9364=DIRECTION('',(1.,0.,0.));
#9365=DIRECTION('center_axis',(0.,0.,-1.));
#9366=DIRECTION('ref_axis',(-1.,0.,0.));
#9367=DIRECTION('',(1.,0.,0.));
#9368=DIRECTION('center_axis',(0.,0.,-1.));
#9369=DIRECTION('ref_axis',(-1.,0.,0.));
#9370=DIRECTION('',(1.,0.,0.));
#9371=DIRECTION('center_axis',(0.,0.,-1.));
#9372=DIRECTION('ref_axis',(-1.,0.,0.));
#9373=DIRECTION('',(0.,1.,0.));
#9374=DIRECTION('',(1.,0.,0.));
#9375=DIRECTION('center_axis',(0.,0.,1.));
#9376=DIRECTION('ref_axis',(-1.,0.,0.));
#9377=DIRECTION('',(1.,0.,0.));
#9378=DIRECTION('',(0.,-1.,0.));
#9379=DIRECTION('center_axis',(0.,0.,1.));
#9380=DIRECTION('ref_axis',(-1.,0.,0.));
#9381=DIRECTION('',(1.,0.,0.));
#9382=DIRECTION('center_axis',(0.,0.,-1.));
#9383=DIRECTION('ref_axis',(1.,0.,0.));
#9384=DIRECTION('',(1.,0.,0.));
#9385=DIRECTION('',(1.,0.,0.));
#9386=DIRECTION('center_axis',(0.,-1.,0.));
#9387=DIRECTION('ref_axis',(0.,0.,-1.));
#9388=DIRECTION('center_axis',(0.,0.,-1.));
#9389=DIRECTION('ref_axis',(1.,0.,0.));
#9390=DIRECTION('',(1.,0.,0.));
#9391=DIRECTION('',(1.,0.,0.));
#9392=DIRECTION('center_axis',(0.,-1.,0.));
#9393=DIRECTION('ref_axis',(0.,0.,-1.));
#9394=DIRECTION('center_axis',(0.,0.,-1.));
#9395=DIRECTION('ref_axis',(1.,0.,0.));
#9396=DIRECTION('',(1.,0.,0.));
#9397=DIRECTION('',(1.,0.,0.));
#9398=DIRECTION('center_axis',(0.,-1.,0.));
#9399=DIRECTION('ref_axis',(0.,0.,-1.));
#9400=DIRECTION('center_axis',(0.,0.,-1.));
#9401=DIRECTION('ref_axis',(1.,0.,0.));
#9402=DIRECTION('',(1.,0.,0.));
#9403=DIRECTION('',(1.,0.,0.));
#9404=DIRECTION('center_axis',(0.,-1.,0.));
#9405=DIRECTION('ref_axis',(0.,0.,-1.));
#9406=DIRECTION('center_axis',(0.,0.,-1.));
#9407=DIRECTION('ref_axis',(1.,0.,0.));
#9408=DIRECTION('',(1.,0.,0.));
#9409=DIRECTION('',(1.,0.,0.));
#9410=DIRECTION('',(0.,-1.,0.));
#9411=DIRECTION('center_axis',(1.,0.,5.55111512312578E-15));
#9412=DIRECTION('ref_axis',(-5.55111512312578E-15,0.,1.));
#9413=DIRECTION('',(0.,-1.,0.));
#9414=DIRECTION('',(-5.55111512312578E-15,0.,1.));
#9415=DIRECTION('',(-5.55111512312578E-15,0.,1.));
#9416=DIRECTION('center_axis',(0.,-1.,0.));
#9417=DIRECTION('ref_axis',(0.,0.,-1.));
#9418=DIRECTION('center_axis',(0.,0.,-1.));
#9419=DIRECTION('ref_axis',(1.,0.,0.));
#9420=DIRECTION('',(1.,0.,0.));
#9421=DIRECTION('',(1.,0.,0.));
#9422=DIRECTION('center_axis',(0.,-1.,0.));
#9423=DIRECTION('ref_axis',(0.,0.,-1.));
#9424=DIRECTION('center_axis',(0.,0.,-1.));
#9425=DIRECTION('ref_axis',(1.,0.,0.));
#9426=DIRECTION('',(1.,0.,0.));
#9427=DIRECTION('',(1.,0.,0.));
#9428=DIRECTION('center_axis',(0.,-1.,0.));
#9429=DIRECTION('ref_axis',(0.,0.,-1.));
#9430=DIRECTION('center_axis',(0.,0.,-1.));
#9431=DIRECTION('ref_axis',(1.,0.,0.));
#9432=DIRECTION('',(1.,0.,0.));
#9433=DIRECTION('',(1.,0.,0.));
#9434=DIRECTION('center_axis',(0.,-1.,0.));
#9435=DIRECTION('ref_axis',(0.,0.,-1.));
#9436=DIRECTION('center_axis',(0.,1.,0.));
#9437=DIRECTION('ref_axis',(1.,0.,0.));
#9438=DIRECTION('',(-1.,0.,0.));
#9439=DIRECTION('',(-1.,0.,0.));
#9440=DIRECTION('',(-1.,0.,0.));
#9441=DIRECTION('',(-1.,0.,0.));
#9442=DIRECTION('',(-1.,0.,0.));
#9443=DIRECTION('',(-1.,0.,0.));
#9444=DIRECTION('',(0.,0.,1.));
#9445=DIRECTION('',(1.,0.,0.));
#9446=DIRECTION('',(-1.09356967925578E-12,0.,1.));
#9447=DIRECTION('',(0.,0.,-1.));
#9448=DIRECTION('',(1.,0.,0.));
#9449=DIRECTION('',(0.,0.,-1.));
#9450=DIRECTION('',(1.11319683629826E-12,0.,-1.));
#9451=DIRECTION('',(1.,0.,0.));
#9452=DIRECTION('',(0.,0.,-1.));
#9453=DIRECTION('',(-1.,0.,0.));
#9454=DIRECTION('',(-1.,0.,0.));
#9455=DIRECTION('',(-1.,0.,0.));
#9456=DIRECTION('',(1.11309770924249E-12,0.,-1.));
#9457=DIRECTION('',(1.,0.,0.));
#9458=DIRECTION('',(-1.09366880631155E-12,0.,1.));
#9459=DIRECTION('',(-1.,0.,0.));
#9460=DIRECTION('',(1.11314727277037E-12,0.,-1.));
#9461=DIRECTION('',(1.,0.,0.));
#9462=DIRECTION('',(-1.09363163366564E-12,0.,1.));
#9463=DIRECTION('',(-1.,0.,0.));
#9464=DIRECTION('',(1.11314727277037E-12,0.,-1.));
#9465=DIRECTION('',(1.,0.,0.));
#9466=DIRECTION('',(-1.09361924278366E-12,0.,1.));
#9467=DIRECTION('',(-1.,0.,0.));
#9468=DIRECTION('',(1.11309770924249E-12,0.,-1.));
#9469=DIRECTION('',(1.,0.,0.));
#9470=DIRECTION('',(-1.09366880631155E-12,0.,1.));
#9471=DIRECTION('',(-1.,0.,0.));
#9472=DIRECTION('',(-1.,0.,0.));
#9473=DIRECTION('',(1.11319683629826E-12,0.,-1.));
#9474=DIRECTION('',(1.,0.,0.));
#9475=DIRECTION('',(-1.09356967925578E-12,0.,1.));
#9476=DIRECTION('',(-1.,0.,0.));
#9477=DIRECTION('',(1.11314727277037E-12,0.,-1.));
#9478=DIRECTION('',(1.,0.,0.));
#9479=DIRECTION('',(-1.09361924278366E-12,0.,1.));
#9480=DIRECTION('',(1.11319683629826E-12,0.,-1.));
#9481=DIRECTION('',(1.,0.,0.));
#9482=DIRECTION('',(-1.09356967925578E-12,0.,1.));
#9483=DIRECTION('',(-1.,0.,0.));
#9484=DIRECTION('center_axis',(-1.,0.,-1.11309770924249E-12));
#9485=DIRECTION('ref_axis',(1.11309770924249E-12,0.,-1.));
#9486=DIRECTION('',(1.11309770924249E-12,0.,-1.));
#9487=DIRECTION('',(0.,-1.,0.));
#9488=DIRECTION('',(1.11309770924249E-12,0.,-1.));
#9489=DIRECTION('',(0.,-1.,0.));
#9490=DIRECTION('center_axis',(0.,0.,1.));
#9491=DIRECTION('ref_axis',(-1.,0.,0.));
#9492=DIRECTION('',(-1.,0.,0.));
#9493=DIRECTION('',(0.,-1.,0.));
#9494=DIRECTION('',(-1.,0.,0.));
#9495=DIRECTION('center_axis',(1.,0.,1.09361924278366E-12));
#9496=DIRECTION('ref_axis',(-1.09361924278366E-12,0.,1.));
#9497=DIRECTION('',(-1.09361924278366E-12,0.,1.));
#9498=DIRECTION('',(0.,1.,0.));
#9499=DIRECTION('',(-1.09361924278366E-12,0.,1.));
#9500=DIRECTION('center_axis',(0.,-1.,0.));
#9501=DIRECTION('ref_axis',(0.,0.,-1.));
#9502=DIRECTION('',(1.,0.,0.));
#9503=DIRECTION('center_axis',(-1.,0.,-1.11309770924249E-12));
#9504=DIRECTION('ref_axis',(1.11309770924249E-12,0.,-1.));
#9505=DIRECTION('',(1.11309770924249E-12,0.,-1.));
#9506=DIRECTION('',(0.,-1.,0.));
#9507=DIRECTION('',(1.11309770924249E-12,0.,-1.));
#9508=DIRECTION('',(0.,-1.,0.));
#9509=DIRECTION('center_axis',(0.,0.,1.));
#9510=DIRECTION('ref_axis',(-1.,0.,0.));
#9511=DIRECTION('',(-1.,0.,0.));
#9512=DIRECTION('',(0.,-1.,0.));
#9513=DIRECTION('',(-1.,0.,0.));
#9514=DIRECTION('center_axis',(1.,0.,1.09356967925578E-12));
#9515=DIRECTION('ref_axis',(-1.09356967925578E-12,0.,1.));
#9516=DIRECTION('',(-1.09356967925578E-12,0.,1.));
#9517=DIRECTION('',(0.,1.,0.));
#9518=DIRECTION('',(-1.09356967925578E-12,0.,1.));
#9519=DIRECTION('center_axis',(0.,-1.,0.));
#9520=DIRECTION('ref_axis',(0.,0.,-1.));
#9521=DIRECTION('',(1.,0.,0.));
#9522=DIRECTION('center_axis',(-1.,0.,-1.11314727277037E-12));
#9523=DIRECTION('ref_axis',(1.11314727277037E-12,0.,-1.));
#9524=DIRECTION('',(1.11314727277037E-12,0.,-1.));
#9525=DIRECTION('',(0.,-1.,0.));
#9526=DIRECTION('',(1.11314727277037E-12,0.,-1.));
#9527=DIRECTION('',(0.,-1.,0.));
#9528=DIRECTION('center_axis',(0.,0.,1.));
#9529=DIRECTION('ref_axis',(-1.,0.,0.));
#9530=DIRECTION('',(-1.,0.,0.));
#9531=DIRECTION('',(0.,-1.,0.));
#9532=DIRECTION('',(-1.,0.,0.));
#9533=DIRECTION('center_axis',(1.,0.,1.09366880631155E-12));
#9534=DIRECTION('ref_axis',(-1.09366880631155E-12,0.,1.));
#9535=DIRECTION('',(-1.09366880631155E-12,0.,1.));
#9536=DIRECTION('',(0.,1.,0.));
#9537=DIRECTION('',(-1.09366880631155E-12,0.,1.));
#9538=DIRECTION('center_axis',(0.,-1.,0.));
#9539=DIRECTION('ref_axis',(0.,0.,-1.));
#9540=DIRECTION('',(1.,0.,0.));
#9541=DIRECTION('center_axis',(-1.,0.,-1.11319683629826E-12));
#9542=DIRECTION('ref_axis',(1.11319683629826E-12,0.,-1.));
#9543=DIRECTION('',(1.11319683629826E-12,0.,-1.));
#9544=DIRECTION('',(0.,-1.,0.));
#9545=DIRECTION('',(1.11319683629826E-12,0.,-1.));
#9546=DIRECTION('',(0.,-1.,0.));
#9547=DIRECTION('center_axis',(0.,0.,1.));
#9548=DIRECTION('ref_axis',(-1.,0.,0.));
#9549=DIRECTION('',(-1.,0.,0.));
#9550=DIRECTION('',(0.,-1.,0.));
#9551=DIRECTION('',(-1.,0.,0.));
#9552=DIRECTION('center_axis',(1.,0.,1.09366880631155E-12));
#9553=DIRECTION('ref_axis',(-1.09366880631155E-12,0.,1.));
#9554=DIRECTION('',(-1.09366880631155E-12,0.,1.));
#9555=DIRECTION('',(0.,1.,0.));
#9556=DIRECTION('',(-1.09366880631155E-12,0.,1.));
#9557=DIRECTION('center_axis',(0.,-1.,0.));
#9558=DIRECTION('ref_axis',(0.,0.,-1.));
#9559=DIRECTION('',(1.,0.,0.));
#9560=DIRECTION('center_axis',(-1.,0.,-1.11314727277037E-12));
#9561=DIRECTION('ref_axis',(1.11314727277037E-12,0.,-1.));
#9562=DIRECTION('',(1.11314727277037E-12,0.,-1.));
#9563=DIRECTION('',(0.,-1.,0.));
#9564=DIRECTION('',(1.11314727277037E-12,0.,-1.));
#9565=DIRECTION('',(0.,-1.,0.));
#9566=DIRECTION('center_axis',(0.,0.,1.));
#9567=DIRECTION('ref_axis',(-1.,0.,0.));
#9568=DIRECTION('',(-1.,0.,0.));
#9569=DIRECTION('',(0.,-1.,0.));
#9570=DIRECTION('',(-1.,0.,0.));
#9571=DIRECTION('center_axis',(1.,0.,1.09363163366564E-12));
#9572=DIRECTION('ref_axis',(-1.09363163366564E-12,0.,1.));
#9573=DIRECTION('',(-1.09363163366564E-12,0.,1.));
#9574=DIRECTION('',(0.,1.,0.));
#9575=DIRECTION('',(-1.09363163366564E-12,0.,1.));
#9576=DIRECTION('center_axis',(0.,-1.,0.));
#9577=DIRECTION('ref_axis',(0.,0.,-1.));
#9578=DIRECTION('',(1.,0.,0.));
#9579=DIRECTION('center_axis',(-1.,0.,-1.11319683629826E-12));
#9580=DIRECTION('ref_axis',(1.11319683629826E-12,0.,-1.));
#9581=DIRECTION('',(1.11319683629826E-12,0.,-1.));
#9582=DIRECTION('',(0.,-1.,0.));
#9583=DIRECTION('',(1.11319683629826E-12,0.,-1.));
#9584=DIRECTION('',(0.,-1.,0.));
#9585=DIRECTION('center_axis',(0.,0.,1.));
#9586=DIRECTION('ref_axis',(-1.,0.,0.));
#9587=DIRECTION('',(-1.,0.,0.));
#9588=DIRECTION('',(0.,-1.,0.));
#9589=DIRECTION('',(-1.,0.,0.));
#9590=DIRECTION('center_axis',(1.,0.,1.09356967925578E-12));
#9591=DIRECTION('ref_axis',(-1.09356967925578E-12,0.,1.));
#9592=DIRECTION('',(-1.09356967925578E-12,0.,1.));
#9593=DIRECTION('',(0.,1.,0.));
#9594=DIRECTION('',(-1.09356967925578E-12,0.,1.));
#9595=DIRECTION('center_axis',(0.,-1.,0.));
#9596=DIRECTION('ref_axis',(0.,0.,-1.));
#9597=DIRECTION('',(1.,0.,0.));
#9598=DIRECTION('center_axis',(-1.,0.,-1.11314727277037E-12));
#9599=DIRECTION('ref_axis',(1.11314727277037E-12,0.,-1.));
#9600=DIRECTION('',(1.11314727277037E-12,0.,-1.));
#9601=DIRECTION('',(0.,-1.,0.));
#9602=DIRECTION('',(1.11314727277037E-12,0.,-1.));
#9603=DIRECTION('',(0.,-1.,0.));
#9604=DIRECTION('center_axis',(0.,0.,1.));
#9605=DIRECTION('ref_axis',(-1.,0.,0.));
#9606=DIRECTION('',(-1.,0.,0.));
#9607=DIRECTION('',(0.,-1.,0.));
#9608=DIRECTION('',(-1.,0.,0.));
#9609=DIRECTION('center_axis',(1.,0.,1.09361924278366E-12));
#9610=DIRECTION('ref_axis',(-1.09361924278366E-12,0.,1.));
#9611=DIRECTION('',(-1.09361924278366E-12,0.,1.));
#9612=DIRECTION('',(0.,1.,0.));
#9613=DIRECTION('',(-1.09361924278366E-12,0.,1.));
#9614=DIRECTION('center_axis',(0.,-1.,0.));
#9615=DIRECTION('ref_axis',(0.,0.,-1.));
#9616=DIRECTION('',(1.,0.,0.));
#9617=DIRECTION('center_axis',(-1.,0.,-1.11319683629826E-12));
#9618=DIRECTION('ref_axis',(1.11319683629826E-12,0.,-1.));
#9619=DIRECTION('',(1.11319683629826E-12,0.,-1.));
#9620=DIRECTION('',(0.,-1.,0.));
#9621=DIRECTION('',(1.11319683629826E-12,0.,-1.));
#9622=DIRECTION('',(0.,-1.,0.));
#9623=DIRECTION('center_axis',(0.,0.,1.));
#9624=DIRECTION('ref_axis',(-1.,0.,0.));
#9625=DIRECTION('',(-1.,0.,0.));
#9626=DIRECTION('',(0.,-1.,0.));
#9627=DIRECTION('',(-1.,0.,0.));
#9628=DIRECTION('center_axis',(1.,0.,1.09356967925578E-12));
#9629=DIRECTION('ref_axis',(-1.09356967925578E-12,0.,1.));
#9630=DIRECTION('',(-1.09356967925578E-12,0.,1.));
#9631=DIRECTION('',(0.,1.,0.));
#9632=DIRECTION('',(-1.09356967925578E-12,0.,1.));
#9633=DIRECTION('center_axis',(0.,-1.,0.));
#9634=DIRECTION('ref_axis',(0.,0.,-1.));
#9635=DIRECTION('',(1.,0.,0.));
#9636=DIRECTION('center_axis',(0.,1.,0.));
#9637=DIRECTION('ref_axis',(0.,0.,1.));
#9638=DIRECTION('',(-1.,0.,0.));
#9639=DIRECTION('',(-1.,0.,0.));
#9640=DIRECTION('',(-1.,0.,0.));
#9641=DIRECTION('',(0.,0.,-1.));
#9642=DIRECTION('',(1.,0.,0.));
#9643=DIRECTION('',(1.11319683629826E-12,0.,-1.));
#9644=DIRECTION('',(0.,0.,-1.));
#9645=DIRECTION('',(1.,0.,0.));
#9646=DIRECTION('',(0.,0.,1.));
#9647=DIRECTION('',(-1.09356967925578E-12,0.,1.));
#9648=DIRECTION('',(1.,0.,0.));
#9649=DIRECTION('',(0.,0.,1.));
#9650=DIRECTION('',(-1.,0.,0.));
#9651=DIRECTION('',(-1.,0.,0.));
#9652=DIRECTION('',(-1.,0.,0.));
#9653=DIRECTION('',(-1.,0.,0.));
#9654=DIRECTION('',(-1.,0.,0.));
#9655=DIRECTION('',(-1.,0.,0.));
#9656=DIRECTION('center_axis',(1.,0.,1.09356967925578E-12));
#9657=DIRECTION('ref_axis',(-1.09356967925578E-12,0.,1.));
#9658=DIRECTION('',(0.,-1.,0.));
#9659=DIRECTION('center_axis',(-1.,0.,-1.11319683629826E-12));
#9660=DIRECTION('ref_axis',(1.11319683629826E-12,0.,-1.));
#9661=DIRECTION('',(1.11319683629826E-12,0.,-1.));
#9662=DIRECTION('',(0.,1.,0.));
#9663=DIRECTION('',(0.,-1.,0.));
#9664=DIRECTION('center_axis',(1.,0.,1.09356967925578E-12));
#9665=DIRECTION('ref_axis',(-1.09356967925578E-12,0.,1.));
#9666=DIRECTION('',(-1.09356967925578E-12,0.,1.));
#9667=DIRECTION('',(0.,1.,0.));
#9668=DIRECTION('',(0.,-1.,0.));
#9669=DIRECTION('center_axis',(-1.,0.,-1.11309770924249E-12));
#9670=DIRECTION('ref_axis',(1.11309770924249E-12,0.,-1.));
#9671=DIRECTION('',(1.11309770924249E-12,0.,-1.));
#9672=DIRECTION('',(0.,1.,0.));
#9673=DIRECTION('',(0.,-1.,0.));
#9674=DIRECTION('center_axis',(1.,0.,1.09361924278366E-12));
#9675=DIRECTION('ref_axis',(-1.09361924278366E-12,0.,1.));
#9676=DIRECTION('',(-1.09361924278366E-12,0.,1.));
#9677=DIRECTION('',(0.,1.,0.));
#9678=DIRECTION('',(0.,-1.,0.));
#9679=DIRECTION('center_axis',(-1.,0.,-1.11309770924249E-12));
#9680=DIRECTION('ref_axis',(1.11309770924249E-12,0.,-1.));
#9681=DIRECTION('',(1.11309770924249E-12,0.,-1.));
#9682=DIRECTION('',(0.,1.,0.));
#9683=DIRECTION('',(0.,-1.,0.));
#9684=DIRECTION('center_axis',(1.,0.,1.09356967925578E-12));
#9685=DIRECTION('ref_axis',(-1.09356967925578E-12,0.,1.));
#9686=DIRECTION('',(-1.09356967925578E-12,0.,1.));
#9687=DIRECTION('',(0.,1.,0.));
#9688=DIRECTION('',(0.,-1.,0.));
#9689=DIRECTION('center_axis',(-1.,0.,-1.11319683629826E-12));
#9690=DIRECTION('ref_axis',(1.11319683629826E-12,0.,-1.));
#9691=DIRECTION('',(0.,1.,0.));
#9692=DIRECTION('center_axis',(1.,0.,1.09366880631155E-12));
#9693=DIRECTION('ref_axis',(-1.09366880631155E-12,0.,1.));
#9694=DIRECTION('',(-1.09366880631155E-12,0.,1.));
#9695=DIRECTION('',(0.,1.,0.));
#9696=DIRECTION('',(0.,-1.,0.));
#9697=DIRECTION('center_axis',(-1.,0.,-1.11314727277037E-12));
#9698=DIRECTION('ref_axis',(1.11314727277037E-12,0.,-1.));
#9699=DIRECTION('',(1.11314727277037E-12,0.,-1.));
#9700=DIRECTION('',(0.,1.,0.));
#9701=DIRECTION('',(0.,-1.,0.));
#9702=DIRECTION('center_axis',(1.,0.,1.09361924278366E-12));
#9703=DIRECTION('ref_axis',(-1.09361924278366E-12,0.,1.));
#9704=DIRECTION('',(-1.09361924278366E-12,0.,1.));
#9705=DIRECTION('',(0.,1.,0.));
#9706=DIRECTION('',(0.,-1.,0.));
#9707=DIRECTION('center_axis',(-1.,0.,-1.11314727277037E-12));
#9708=DIRECTION('ref_axis',(1.11314727277037E-12,0.,-1.));
#9709=DIRECTION('',(1.11314727277037E-12,0.,-1.));
#9710=DIRECTION('',(0.,1.,0.));
#9711=DIRECTION('',(0.,-1.,0.));
#9712=DIRECTION('center_axis',(1.,0.,1.09363163366564E-12));
#9713=DIRECTION('ref_axis',(-1.09363163366564E-12,0.,1.));
#9714=DIRECTION('',(-1.09363163366564E-12,0.,1.));
#9715=DIRECTION('',(0.,1.,0.));
#9716=DIRECTION('',(0.,-1.,0.));
#9717=DIRECTION('center_axis',(-1.,0.,-1.11314727277037E-12));
#9718=DIRECTION('ref_axis',(1.11314727277037E-12,0.,-1.));
#9719=DIRECTION('',(1.11314727277037E-12,0.,-1.));
#9720=DIRECTION('',(0.,1.,0.));
#9721=DIRECTION('',(0.,-1.,0.));
#9722=DIRECTION('center_axis',(1.,0.,1.09366880631155E-12));
#9723=DIRECTION('ref_axis',(-1.09366880631155E-12,0.,1.));
#9724=DIRECTION('',(-1.09366880631155E-12,0.,1.));
#9725=DIRECTION('',(0.,1.,0.));
#9726=DIRECTION('',(0.,-1.,0.));
#9727=DIRECTION('center_axis',(-1.,0.,-1.11319683629826E-12));
#9728=DIRECTION('ref_axis',(1.11319683629826E-12,0.,-1.));
#9729=DIRECTION('',(1.11319683629826E-12,0.,-1.));
#9730=DIRECTION('',(0.,1.,0.));
#9731=DIRECTION('',(0.,-1.,0.));
#9732=DIRECTION('center_axis',(0.,0.,-1.));
#9733=DIRECTION('ref_axis',(-1.,0.,0.));
#9734=DIRECTION('',(-1.,0.,0.));
#9735=DIRECTION('center_axis',(0.,0.,-1.));
#9736=DIRECTION('ref_axis',(-1.,0.,0.));
#9737=DIRECTION('',(-1.,0.,0.));
#9738=DIRECTION('center_axis',(0.,0.,-1.));
#9739=DIRECTION('ref_axis',(-1.,0.,0.));
#9740=DIRECTION('',(-1.,0.,0.));
#9741=DIRECTION('center_axis',(0.,0.,-1.));
#9742=DIRECTION('ref_axis',(-1.,0.,0.));
#9743=DIRECTION('',(-1.,0.,0.));
#9744=DIRECTION('center_axis',(0.,0.,-1.));
#9745=DIRECTION('ref_axis',(-1.,0.,0.));
#9746=DIRECTION('',(-1.,0.,0.));
#9747=DIRECTION('center_axis',(0.,0.,-1.));
#9748=DIRECTION('ref_axis',(-1.,0.,0.));
#9749=DIRECTION('',(-1.,0.,0.));
#9750=DIRECTION('center_axis',(0.,0.,-1.));
#9751=DIRECTION('ref_axis',(-1.,0.,0.));
#9752=DIRECTION('',(-1.,0.,0.));
#9753=DIRECTION('center_axis',(0.,1.,0.));
#9754=DIRECTION('ref_axis',(0.,0.,1.));
#9755=DIRECTION('',(1.,0.,0.));
#9756=DIRECTION('center_axis',(0.,1.,0.));
#9757=DIRECTION('ref_axis',(0.,0.,1.));
#9758=DIRECTION('',(1.,0.,0.));
#9759=DIRECTION('center_axis',(0.,1.,0.));
#9760=DIRECTION('ref_axis',(0.,0.,1.));
#9761=DIRECTION('',(1.,0.,0.));
#9762=DIRECTION('center_axis',(0.,1.,0.));
#9763=DIRECTION('ref_axis',(0.,0.,1.));
#9764=DIRECTION('',(1.,0.,0.));
#9765=DIRECTION('center_axis',(0.,1.,0.));
#9766=DIRECTION('ref_axis',(0.,0.,1.));
#9767=DIRECTION('',(1.,0.,0.));
#9768=DIRECTION('center_axis',(0.,1.,0.));
#9769=DIRECTION('ref_axis',(0.,0.,1.));
#9770=DIRECTION('',(1.,0.,0.));
#9771=DIRECTION('center_axis',(0.,1.,0.));
#9772=DIRECTION('ref_axis',(0.,0.,1.));
#9773=DIRECTION('',(1.,0.,0.));
#9774=DIRECTION('center_axis',(0.,0.,-1.));
#9775=DIRECTION('ref_axis',(1.,0.,0.));
#9776=DIRECTION('',(0.,-1.,0.));
#9777=DIRECTION('center_axis',(0.,0.,-1.));
#9778=DIRECTION('ref_axis',(1.,0.,0.));
#9779=DIRECTION('center_axis',(0.,0.,-1.));
#9780=DIRECTION('ref_axis',(1.,0.,0.));
#9781=DIRECTION('center_axis',(0.,0.,-1.));
#9782=DIRECTION('ref_axis',(1.,0.,0.));
#9783=DIRECTION('center_axis',(0.,0.,-1.));
#9784=DIRECTION('ref_axis',(1.,0.,0.));
#9785=DIRECTION('center_axis',(0.,0.,-1.));
#9786=DIRECTION('ref_axis',(1.,0.,0.));
#9787=DIRECTION('',(0.,-1.,0.));
#9788=DIRECTION('center_axis',(0.,0.,-1.));
#9789=DIRECTION('ref_axis',(1.,0.,0.));
#9790=DIRECTION('center_axis',(0.,0.,-1.));
#9791=DIRECTION('ref_axis',(1.,0.,0.));
#9792=DIRECTION('center_axis',(0.,0.,-1.));
#9793=DIRECTION('ref_axis',(1.,0.,0.));
#9794=DIRECTION('center_axis',(-1.,0.,0.));
#9795=DIRECTION('ref_axis',(0.,0.,-1.));
#9796=DIRECTION('',(0.,-1.,0.));
#9797=DIRECTION('center_axis',(0.,0.,1.));
#9798=DIRECTION('ref_axis',(-1.,0.,0.));
#9799=DIRECTION('',(0.,-1.,0.));
#9800=DIRECTION('',(1.,0.,0.));
#9801=DIRECTION('',(1.,0.,0.));
#9802=DIRECTION('',(1.,0.,0.));
#9803=DIRECTION('',(1.,0.,0.));
#9804=DIRECTION('',(1.,0.,0.));
#9805=DIRECTION('',(1.,0.,0.));
#9806=DIRECTION('',(1.,0.,0.));
#9807=DIRECTION('',(1.,0.,0.));
#9808=DIRECTION('center_axis',(1.,0.,0.));
#9809=DIRECTION('ref_axis',(0.,0.,1.));
#9810=DIRECTION('center_axis',(-1.,0.,0.));
#9811=DIRECTION('ref_axis',(0.,0.,-1.));
#9812=DIRECTION('',(0.,0.,-1.));
#9813=DIRECTION('',(0.,-1.,0.));
#9814=DIRECTION('center_axis',(1.,0.,0.));
#9815=DIRECTION('ref_axis',(0.,0.,1.));
#9816=DIRECTION('',(0.,-1.,0.));
#9817=DIRECTION('',(0.,0.,1.));
#9818=DIRECTION('center_axis',(0.,0.,-1.));
#9819=DIRECTION('ref_axis',(1.,0.,0.));
#9820=DIRECTION('',(1.,0.,0.));
#9821=DIRECTION('center_axis',(0.,-1.,0.));
#9822=DIRECTION('ref_axis',(0.,0.,-1.));
#9823=DIRECTION('center_axis',(-1.,0.,0.));
#9824=DIRECTION('ref_axis',(0.,1.,0.));
#9825=DIRECTION('',(0.,1.,0.));
#9826=DIRECTION('',(0.,0.,-1.));
#9827=DIRECTION('center_axis',(0.,-1.,0.));
#9828=DIRECTION('ref_axis',(-1.,0.,0.));
#9829=DIRECTION('',(-1.,0.,0.));
#9830=DIRECTION('',(0.,0.,-1.));
#9831=DIRECTION('center_axis',(1.,0.,0.));
#9832=DIRECTION('ref_axis',(0.,-1.,0.));
#9833=DIRECTION('',(0.,-1.,0.));
#9834=DIRECTION('center_axis',(0.,0.,-1.));
#9835=DIRECTION('ref_axis',(-1.,0.,0.));
#9836=DIRECTION('center_axis',(0.,-1.,0.));
#9837=DIRECTION('ref_axis',(0.,0.,-1.));
#9838=DIRECTION('center_axis',(0.,1.,0.));
#9839=DIRECTION('ref_axis',(1.,0.,0.));
#9840=DIRECTION('',(0.,0.,1.));
#9841=DIRECTION('',(1.,0.,0.));
#9842=DIRECTION('',(0.,0.,1.));
#9843=DIRECTION('',(1.,0.,0.));
#9844=DIRECTION('',(0.,0.,1.));
#9845=DIRECTION('',(1.,0.,0.));
#9846=DIRECTION('center_axis',(0.,0.,1.));
#9847=DIRECTION('ref_axis',(1.,0.,0.));
#9848=CARTESIAN_POINT('',(0.,0.,0.));
#9849=CARTESIAN_POINT('',(0.,0.,0.));
#9850=CARTESIAN_POINT('',(0.,0.,0.));
#9851=CARTESIAN_POINT('Origin',(-0.25,-1.315,-0.0650000000000006));
#9852=CARTESIAN_POINT('',(-0.25,-4.16610657193585,0.17503280047346));
#9853=CARTESIAN_POINT('',(-0.25,-3.4,0.849999999999997));
#9854=CARTESIAN_POINT('',(-0.25,-4.16610657193585,0.17503280047346));
#9855=CARTESIAN_POINT('',(-0.25,-1.2,0.849999999999998));
#9856=CARTESIAN_POINT('',(-0.25,-3.4,0.849999999999997));
#9857=CARTESIAN_POINT('',(-0.25,-0.45,1.05));
#9858=CARTESIAN_POINT('',(-0.25,-1.2,0.849999999999998));
#9859=CARTESIAN_POINT('',(-0.25,-0.45,0.850000000000004));
#9860=CARTESIAN_POINT('',(-0.25,-0.45,1.05));
#9861=CARTESIAN_POINT('',(-0.25,0.5,0.850000000000014));
#9862=CARTESIAN_POINT('',(-0.25,-0.45,0.850000000000004));
#9863=CARTESIAN_POINT('',(-0.25,0.5,1.47));
#9864=CARTESIAN_POINT('',(-0.25,0.5,0.850000000000014));
#9865=CARTESIAN_POINT('',(-0.25,1.,1.47));
#9866=CARTESIAN_POINT('',(-0.25,0.5,1.47));
#9867=CARTESIAN_POINT('',(-0.25,1.,-0.7));
#9868=CARTESIAN_POINT('',(-0.25,1.,1.47));
#9869=CARTESIAN_POINT('',(-0.25,1.57,-0.7));
#9870=CARTESIAN_POINT('',(-0.25,1.,-0.7));
#9871=CARTESIAN_POINT('',(-0.25,1.57,-1.6));
#9872=CARTESIAN_POINT('',(-0.25,1.57,-0.7));
#9873=CARTESIAN_POINT('',(-0.25,0.969999999999999,-1.6));
#9874=CARTESIAN_POINT('',(-0.25,1.57,-1.6));
#9875=CARTESIAN_POINT('',(-0.25,0.,-1.5));
#9876=CARTESIAN_POINT('',(-0.25,1.83697019872103E-16,-1.5));
#9877=CARTESIAN_POINT('',(-0.25,0.,0.));
#9878=CARTESIAN_POINT('',(-0.25,1.83697019872103E-16,-1.5));
#9879=CARTESIAN_POINT('',(-0.25,-4.1,1.38777878078145E-16));
#9880=CARTESIAN_POINT('',(-0.25,0.,0.));
#9881=CARTESIAN_POINT('Origin',(-0.25,-4.1,0.1));
#9882=CARTESIAN_POINT('Origin',(0.,-1.2,0.849999999999998));
#9883=CARTESIAN_POINT('',(0.25,-3.4,0.849999999999997));
#9884=CARTESIAN_POINT('',(0.,-3.4,0.849999999999997));
#9885=CARTESIAN_POINT('',(0.25,-1.2,0.849999999999998));
#9886=CARTESIAN_POINT('',(0.25,-3.4,0.849999999999997));
#9887=CARTESIAN_POINT('',(0.,-1.2,0.849999999999998));
#9888=CARTESIAN_POINT('Origin',(0.,-0.45,1.05));
#9889=CARTESIAN_POINT('',(0.25,-0.45,1.05));
#9890=CARTESIAN_POINT('',(0.25,-1.2,0.849999999999998));
#9891=CARTESIAN_POINT('',(0.,-0.45,1.05));
#9892=CARTESIAN_POINT('Origin',(0.,-0.45,0.850000000000004));
#9893=CARTESIAN_POINT('',(0.25,-0.45,0.850000000000004));
#9894=CARTESIAN_POINT('',(0.25,-0.45,1.05));
#9895=CARTESIAN_POINT('',(0.,-0.45,0.850000000000004));
#9896=CARTESIAN_POINT('Origin',(0.,0.5,0.850000000000014));
#9897=CARTESIAN_POINT('',(0.25,0.5,0.850000000000014));
#9898=CARTESIAN_POINT('',(0.25,-0.45,0.850000000000004));
#9899=CARTESIAN_POINT('',(0.,0.5,0.850000000000014));
#9900=CARTESIAN_POINT('Origin',(0.,0.5,1.47));
#9901=CARTESIAN_POINT('',(0.25,0.5,1.47));
#9902=CARTESIAN_POINT('',(0.25,0.5,0.850000000000014));
#9903=CARTESIAN_POINT('',(0.,0.5,1.47));
#9904=CARTESIAN_POINT('Origin',(0.,1.,1.47));
#9905=CARTESIAN_POINT('',(0.25,1.,1.47));
#9906=CARTESIAN_POINT('',(0.25,0.5,1.47));
#9907=CARTESIAN_POINT('',(0.,1.,1.47));
#9908=CARTESIAN_POINT('Origin',(0.,1.,-0.7));
#9909=CARTESIAN_POINT('',(0.25,1.,-0.7));
#9910=CARTESIAN_POINT('',(0.25,1.,1.47));
#9911=CARTESIAN_POINT('',(0.,1.,-0.7));
#9912=CARTESIAN_POINT('Origin',(0.,1.57,-0.7));
#9913=CARTESIAN_POINT('',(0.25,1.57,-0.7));
#9914=CARTESIAN_POINT('',(0.25,1.,-0.7));
#9915=CARTESIAN_POINT('',(0.,1.57,-0.7));
#9916=CARTESIAN_POINT('Origin',(0.,1.57,-1.6));
#9917=CARTESIAN_POINT('',(0.25,1.57,-1.6));
#9918=CARTESIAN_POINT('',(0.25,1.57,-0.7));
#9919=CARTESIAN_POINT('',(0.,1.57,-1.6));
#9920=CARTESIAN_POINT('Origin',(0.,0.97,-1.6));
#9921=CARTESIAN_POINT('',(0.25,0.969999999999999,-1.6));
#9922=CARTESIAN_POINT('',(0.25,1.57,-1.6));
#9923=CARTESIAN_POINT('',(0.,0.97,-1.6));
#9924=CARTESIAN_POINT('Origin',(0.,1.83697019872103E-16,-1.5));
#9925=CARTESIAN_POINT('',(0.25,0.,-1.5));
#9926=CARTESIAN_POINT('',(0.25,1.83697019872103E-16,-1.5));
#9927=CARTESIAN_POINT('',(0.,1.83697019872103E-16,-1.5));
#9928=CARTESIAN_POINT('Origin',(0.,0.,0.));
#9929=CARTESIAN_POINT('',(0.25,0.,0.));
#9930=CARTESIAN_POINT('',(0.25,1.83697019872103E-16,-1.5));
#9931=CARTESIAN_POINT('',(0.,0.,0.));
#9932=CARTESIAN_POINT('Origin',(0.,-4.1,0.));
#9933=CARTESIAN_POINT('',(0.25,-4.1,1.38777878078145E-16));
#9934=CARTESIAN_POINT('',(0.25,0.,0.));
#9935=CARTESIAN_POINT('',(0.,-4.1,1.38777878078145E-16));
#9936=CARTESIAN_POINT('Origin',(0.,-4.1,0.1));
#9937=CARTESIAN_POINT('',(0.25,-4.16610657193585,0.17503280047346));
#9938=CARTESIAN_POINT('Origin',(0.25,-4.1,0.1));
#9939=CARTESIAN_POINT('',(0.,-4.16610657193585,0.17503280047346));
#9940=CARTESIAN_POINT('Origin',(0.,-3.4,0.849999999999997));
#9941=CARTESIAN_POINT('',(0.25,-4.16610657193585,0.17503280047346));
#9942=CARTESIAN_POINT('Origin',(0.25,-1.315,-0.0650000000000006));
#9943=CARTESIAN_POINT('',(0.5,-0.850000000000001,1.6));
#9944=CARTESIAN_POINT('',(3.5,-0.850000000000001,1.6));
#9945=CARTESIAN_POINT('',(2.5,-0.850000000000001,1.6));
#9946=CARTESIAN_POINT('',(1.5,-0.850000000000001,1.6));
#9947=CARTESIAN_POINT('',(-0.5,-0.850000000000001,1.6));
#9948=CARTESIAN_POINT('',(-1.5,-0.850000000000001,1.6));
#9949=CARTESIAN_POINT('',(-2.5,-0.850000000000001,1.6));
#9950=CARTESIAN_POINT('',(-3.5,-0.850000000000001,1.6));
#9951=CARTESIAN_POINT('',(0.,0.,0.));
#9952=CARTESIAN_POINT('Origin',(-0.293102408324436,3.5,-0.977293585998517));
#9953=CARTESIAN_POINT('',(-2.37886908691296,6.05,-0.00468461064816753));
#9954=CARTESIAN_POINT('',(-2.37886908691296,7.,-0.00468461064816766));
#9955=CARTESIAN_POINT('',(-2.37886908691296,1.75,-0.0046846106481678));
#9956=CARTESIAN_POINT('',(-0.610310133787263,7.,-0.829377194389271));
#9957=CARTESIAN_POINT('',(-5.18716445832234,7.,1.30484502740127));
#9958=CARTESIAN_POINT('',(-0.56499474443543,6.95,-0.850508107476306));
#9959=CARTESIAN_POINT('Origin',(-0.610310133787263,6.95,-0.829377194389271));
#9960=CARTESIAN_POINT('',(-0.564994744435431,6.1,-0.850508107476306));
#9961=CARTESIAN_POINT('',(-0.564994744435431,4.775,-0.850508107476306));
#9962=CARTESIAN_POINT('',(-0.610310133787263,6.05,-0.829377194389271));
#9963=CARTESIAN_POINT('Origin',(-0.610310133787263,6.1,-0.829377194389271));
#9964=CARTESIAN_POINT('',(-1.60724869952758,6.05,-0.3644971064745));
#9965=CARTESIAN_POINT('Origin',(-2.20982178221668,6.05,0.357838504166492));
#9966=CARTESIAN_POINT('',(-2.20982178221668,6.05,0.357838504166492));
#9967=CARTESIAN_POINT('',(-2.29434543456482,6.05,0.176576946759162));
#9968=CARTESIAN_POINT('',(-2.4,6.05,0.4));
#9969=CARTESIAN_POINT('Origin',(-2.4,6.05,-0.05));
#9970=CARTESIAN_POINT('',(-2.4,6.05,0.));
#9971=CARTESIAN_POINT('',(-2.4,6.05,0.2));
#9972=CARTESIAN_POINT('Origin',(-2.4,6.05,-0.05));
#9973=CARTESIAN_POINT('Origin',(-2.4,6.525,-0.05));
#9974=CARTESIAN_POINT('',(-2.20982178221668,7.,0.357838504166492));
#9975=CARTESIAN_POINT('',(-2.20982178221668,1.75,0.357838504166492));
#9976=CARTESIAN_POINT('',(-2.4,7.,0.4));
#9977=CARTESIAN_POINT('Origin',(-2.4,7.,-0.05));
#9978=CARTESIAN_POINT('',(-2.4,1.75,0.4));
#9979=CARTESIAN_POINT('Origin',(-4.69574278641633,7.,1.4122215704311));
#9980=CARTESIAN_POINT('',(-2.31441980836728,7.,0.13352731321489));
#9981=CARTESIAN_POINT('',(-0.441262829090982,7.,-0.466854079574611));
#9982=CARTESIAN_POINT('',(-5.01811715362606,7.,1.66736814221593));
#9983=CARTESIAN_POINT('',(-0.461337202893443,7.,-0.509903713118883));
#9984=CARTESIAN_POINT('Origin',(-2.75234768603444,6.05,0.610822487864175));
#9985=CARTESIAN_POINT('',(-0.441262829090983,6.05,-0.466854079574612));
#9986=CARTESIAN_POINT('',(-0.441262829090983,6.05,-0.466854079574612));
#9987=CARTESIAN_POINT('',(-1.4382013948313,6.05,-0.00197399165984061));
#9988=CARTESIAN_POINT('Origin',(0.,3.5,0.4));
#9989=CARTESIAN_POINT('',(-4.95,7.,0.399999999999999));
#9990=CARTESIAN_POINT('',(-5.4,7.,0.4));
#9991=CARTESIAN_POINT('',(-4.95,0.,0.399999999999999));
#9992=CARTESIAN_POINT('',(-4.95,1.75,0.399999999999999));
#9993=CARTESIAN_POINT('',(4.95,0.,0.4));
#9994=CARTESIAN_POINT('',(5.4,0.,0.399999999999999));
#9995=CARTESIAN_POINT('',(4.95,7.,0.4));
#9996=CARTESIAN_POINT('',(4.95,5.25,0.4));
#9997=CARTESIAN_POINT('',(2.4,7.,0.4));
#9998=CARTESIAN_POINT('',(-5.4,7.,0.4));
#9999=CARTESIAN_POINT('',(2.4,6.05,0.4));
#10000=CARTESIAN_POINT('',(2.4,1.75,0.4));
#10001=CARTESIAN_POINT('',(2.85,6.05,0.4));
#10002=CARTESIAN_POINT('',(0.15,6.05,0.4));
#10003=CARTESIAN_POINT('',(2.9,6.,0.4));
#10004=CARTESIAN_POINT('Origin',(2.85,6.,0.4));
#10005=CARTESIAN_POINT('',(2.9,5.65,0.4));
#10006=CARTESIAN_POINT('',(2.9,4.775,0.4));
#10007=CARTESIAN_POINT('',(2.85,5.6,0.4));
#10008=CARTESIAN_POINT('Origin',(2.85,5.65,0.4));
#10009=CARTESIAN_POINT('',(-2.85,5.6,0.4));
#10010=CARTESIAN_POINT('',(1.45,5.6,0.4));
#10011=CARTESIAN_POINT('',(-2.9,5.65,0.4));
#10012=CARTESIAN_POINT('Origin',(-2.85,5.65,0.4));
#10013=CARTESIAN_POINT('',(-2.9,6.,0.4));
#10014=CARTESIAN_POINT('',(-2.9,4.55,0.4));
#10015=CARTESIAN_POINT('',(-2.85,6.05,0.4));
#10016=CARTESIAN_POINT('Origin',(-2.85,6.,0.4));
#10017=CARTESIAN_POINT('',(-1.45,6.05,0.4));
#10018=CARTESIAN_POINT('',(-1.275,2.5,0.4));
#10019=CARTESIAN_POINT('Origin',(-2.5,2.5,0.4));
#10020=CARTESIAN_POINT('',(3.725,2.5,0.4));
#10021=CARTESIAN_POINT('Origin',(2.5,2.5,0.4));
#10022=CARTESIAN_POINT('Origin',(-5.,7.,0.304999969855647));
#10023=CARTESIAN_POINT('',(-2.4,7.,0.));
#10024=CARTESIAN_POINT('',(-2.4,7.,0.152499984927823));
#10025=CARTESIAN_POINT('',(-4.95,7.,-5.55111512312578E-16));
#10026=CARTESIAN_POINT('',(-5.4,7.,0.));
#10027=CARTESIAN_POINT('',(-4.95,7.,-5.55111512312578E-16));
#10028=CARTESIAN_POINT('Origin',(-2.4,6.525,-0.05));
#10029=CARTESIAN_POINT('',(-2.4,1.75,0.));
#10030=CARTESIAN_POINT('Origin',(-2.4,7.,-0.05));
#10031=CARTESIAN_POINT('Origin',(-4.36733508395018,7.,-2.81396104697589));
#10032=CARTESIAN_POINT('',(2.20982178221669,7.,0.357838504166493));
#10033=CARTESIAN_POINT('',(2.37886908691297,7.,-0.00468461064816697));
#10034=CARTESIAN_POINT('',(2.31441980836729,7.,0.133527313214891));
#10035=CARTESIAN_POINT('',(0.610310133787261,7.,-0.829377194389269));
#10036=CARTESIAN_POINT('',(-4.60095964167348,7.,-3.25943219939829));
#10037=CARTESIAN_POINT('',(0.441262829090982,7.,-0.46685407957461));
#10038=CARTESIAN_POINT('',(0.461337202893442,7.,-0.509903713118881));
#10039=CARTESIAN_POINT('',(-4.77000694636976,7.,-2.89690908458363));
#10040=CARTESIAN_POINT('Origin',(2.4,6.5250000782311,-0.05));
#10041=CARTESIAN_POINT('',(2.20982178221669,6.05,0.357838504166492));
#10042=CARTESIAN_POINT('',(2.20982178221668,1.75,0.357838504166492));
#10043=CARTESIAN_POINT('Origin',(2.4,6.05,-0.05));
#10044=CARTESIAN_POINT('Origin',(2.4,7.,-0.05));
#10045=CARTESIAN_POINT('Origin',(2.37886908691297,6.05,-0.00468461064816746));
#10046=CARTESIAN_POINT('',(2.37886908691297,6.05,-0.00468461064816739));
#10047=CARTESIAN_POINT('',(2.29434543456483,6.05,0.176576946759163));
#10048=CARTESIAN_POINT('',(2.4,6.05,0.));
#10049=CARTESIAN_POINT('Origin',(2.4,6.05,-0.05));
#10050=CARTESIAN_POINT('',(2.4,6.05,0.2));
#10051=CARTESIAN_POINT('Origin',(0.293102408324434,3.5,-0.977293585998513));
#10052=CARTESIAN_POINT('',(2.37886908691296,1.75,-0.00468461064816739));
#10053=CARTESIAN_POINT('',(0.610310133787262,6.05,-0.829377194389269));
#10054=CARTESIAN_POINT('',(0.429048576379932,6.05,-0.913900846737409));
#10055=CARTESIAN_POINT('',(0.564994744435429,6.1,-0.850508107476304));
#10056=CARTESIAN_POINT('Origin',(0.610310133787262,6.1,-0.829377194389269));
#10057=CARTESIAN_POINT('',(0.564994744435429,6.95,-0.850508107476304));
#10058=CARTESIAN_POINT('',(0.56499474443543,5.25,-0.850508107476304));
#10059=CARTESIAN_POINT('Origin',(0.610310133787261,6.95,-0.829377194389269));
#10060=CARTESIAN_POINT('Origin',(0.124055103628155,3.5,-0.614770471183853));
#10061=CARTESIAN_POINT('',(0.395947439739149,6.95,-0.487984992661644));
#10062=CARTESIAN_POINT('Origin',(0.441262829090982,6.95,-0.46685407957461));
#10063=CARTESIAN_POINT('',(0.39594743973915,6.1,-0.487984992661644));
#10064=CARTESIAN_POINT('',(0.39594743973915,5.25,-0.487984992661644));
#10065=CARTESIAN_POINT('',(0.441262829090982,6.05,-0.466854079574609));
#10066=CARTESIAN_POINT('Origin',(0.441262829090982,6.1,-0.466854079574609));
#10067=CARTESIAN_POINT('',(0.260001271683652,6.05,-0.551377731922749));
#10068=CARTESIAN_POINT('Origin',(0.3,6.05,0.4));
#10069=CARTESIAN_POINT('',(2.85,6.05,0.));
#10070=CARTESIAN_POINT('',(0.15,6.05,0.));
#10071=CARTESIAN_POINT('',(2.85,6.05,0.4));
#10072=CARTESIAN_POINT('Origin',(0.,3.5,0.));
#10073=CARTESIAN_POINT('',(-2.85,6.05,0.));
#10074=CARTESIAN_POINT('',(-1.45,6.05,0.));
#10075=CARTESIAN_POINT('',(-2.9,6.,0.));
#10076=CARTESIAN_POINT('Origin',(-2.85,6.,0.));
#10077=CARTESIAN_POINT('',(-2.9,5.65,0.));
#10078=CARTESIAN_POINT('',(-2.9,4.55,0.));
#10079=CARTESIAN_POINT('',(-2.85,5.6,0.));
#10080=CARTESIAN_POINT('Origin',(-2.85,5.65,0.));
#10081=CARTESIAN_POINT('',(2.85,5.6,0.));
#10082=CARTESIAN_POINT('',(1.45,5.6,0.));
#10083=CARTESIAN_POINT('',(2.9,5.65,0.));
#10084=CARTESIAN_POINT('Origin',(2.85,5.65,0.));
#10085=CARTESIAN_POINT('',(2.9,6.,0.));
#10086=CARTESIAN_POINT('',(2.9,4.775,0.));
#10087=CARTESIAN_POINT('Origin',(2.85,6.,0.));
#10088=CARTESIAN_POINT('',(2.4,7.,0.));
#10089=CARTESIAN_POINT('',(2.4,1.75,0.));
#10090=CARTESIAN_POINT('',(4.95,7.,0.));
#10091=CARTESIAN_POINT('',(-5.4,7.,0.));
#10092=CARTESIAN_POINT('',(4.95,0.,0.));
#10093=CARTESIAN_POINT('',(4.95,5.25,0.));
#10094=CARTESIAN_POINT('',(-4.95,0.,-1.11022302462516E-15));
#10095=CARTESIAN_POINT('',(5.4,0.,-1.11022302462516E-15));
#10096=CARTESIAN_POINT('',(-4.95,1.75,-1.11022302462516E-15));
#10097=CARTESIAN_POINT('',(1.4,2.5,0.));
#10098=CARTESIAN_POINT('Origin',(2.5,2.5,0.));
#10099=CARTESIAN_POINT('',(-3.6,2.5,0.));
#10100=CARTESIAN_POINT('Origin',(-2.5,2.5,0.));
#10101=CARTESIAN_POINT('Origin',(2.20982178221669,7.,0.357838504166493));
#10102=CARTESIAN_POINT('',(2.4,7.,0.152499984927823));
#10103=CARTESIAN_POINT('Origin',(2.4,7.,-0.05));
#10104=CARTESIAN_POINT('Origin',(-2.85,5.65,0.4));
#10105=CARTESIAN_POINT('',(-2.85,5.6,0.4));
#10106=CARTESIAN_POINT('',(-2.9,5.65,0.4));
#10107=CARTESIAN_POINT('Origin',(2.9,5.6,0.4));
#10108=CARTESIAN_POINT('',(2.85,5.6,0.4));
#10109=CARTESIAN_POINT('Origin',(2.85,6.,0.4));
#10110=CARTESIAN_POINT('',(2.9,6.,0.4));
#10111=CARTESIAN_POINT('Origin',(0.395947439739149,6.05,-0.487984992661644));
#10112=CARTESIAN_POINT('',(0.441262829090982,6.05,-0.466854079574609));
#10113=CARTESIAN_POINT('Origin',(2.85,5.65,0.4));
#10114=CARTESIAN_POINT('',(2.9,5.65,0.4));
#10115=CARTESIAN_POINT('Origin',(2.9,6.05,0.4));
#10116=CARTESIAN_POINT('Origin',(-2.85,6.,0.4));
#10117=CARTESIAN_POINT('',(-2.9,6.,0.4));
#10118=CARTESIAN_POINT('',(-2.85,6.05,0.4));
#10119=CARTESIAN_POINT('Origin',(-2.9,5.6,0.4));
#10120=CARTESIAN_POINT('Origin',(2.5,2.5,0.15));
#10121=CARTESIAN_POINT('',(1.5,2.5,0.2));
#10122=CARTESIAN_POINT('Origin',(2.5,2.5,0.2));
#10123=CARTESIAN_POINT('',(1.45,2.5,0.15));
#10124=CARTESIAN_POINT('Origin',(1.5,2.5,0.15));
#10125=CARTESIAN_POINT('Origin',(2.5,2.5,0.15));
#10126=CARTESIAN_POINT('Origin',(2.5,2.5,0.));
#10127=CARTESIAN_POINT('',(1.45,2.5,0.05));
#10128=CARTESIAN_POINT('Origin',(2.5,2.5,0.05));
#10129=CARTESIAN_POINT('',(1.45,2.5,0.));
#10130=CARTESIAN_POINT('Origin',(2.5,2.5,0.2));
#10131=CARTESIAN_POINT('Origin',(2.5,2.5,0.05));
#10132=CARTESIAN_POINT('Origin',(1.4,2.5,0.05));
#10133=CARTESIAN_POINT('Origin',(2.4,6.5250000782311,-0.05));
#10134=CARTESIAN_POINT('Origin',(-2.5,2.5,0.15));
#10135=CARTESIAN_POINT('',(-3.5,2.5,0.2));
#10136=CARTESIAN_POINT('Origin',(-2.5,2.5,0.2));
#10137=CARTESIAN_POINT('',(-3.55,2.5,0.15));
#10138=CARTESIAN_POINT('Origin',(-3.5,2.5,0.15));
#10139=CARTESIAN_POINT('Origin',(-2.5,2.5,0.15));
#10140=CARTESIAN_POINT('Origin',(-2.5,2.5,0.));
#10141=CARTESIAN_POINT('',(-3.55,2.5,0.05));
#10142=CARTESIAN_POINT('Origin',(-2.5,2.5,0.05));
#10143=CARTESIAN_POINT('',(-3.55,2.5,0.));
#10144=CARTESIAN_POINT('Origin',(-2.5,2.5,0.2));
#10145=CARTESIAN_POINT('Origin',(-2.5,2.5,0.05));
#10146=CARTESIAN_POINT('Origin',(-3.6,2.5,0.05));
#10147=CARTESIAN_POINT('Origin',(-2.5,2.5,0.45));
#10148=CARTESIAN_POINT('',(-1.325,2.5,0.45));
#10149=CARTESIAN_POINT('Origin',(-2.5,2.5,0.45));
#10150=CARTESIAN_POINT('Origin',(-1.275,2.5,0.45));
#10151=CARTESIAN_POINT('Origin',(-0.124055103628156,3.5,-0.614770471183857));
#10152=CARTESIAN_POINT('',(-0.395947439739151,6.1,-0.487984992661646));
#10153=CARTESIAN_POINT('Origin',(-0.441262829090983,6.1,-0.466854079574611));
#10154=CARTESIAN_POINT('',(-0.39594743973915,6.95,-0.487984992661646));
#10155=CARTESIAN_POINT('',(-0.395947439739151,4.775,-0.487984992661646));
#10156=CARTESIAN_POINT('Origin',(-0.441262829090983,6.95,-0.466854079574611));
#10157=CARTESIAN_POINT('Origin',(-2.5,2.5,0.4));
#10158=CARTESIAN_POINT('',(-1.325,2.5,0.65));
#10159=CARTESIAN_POINT('',(-3.675,2.5,0.65));
#10160=CARTESIAN_POINT('Origin',(-2.5,2.5,0.65));
#10161=CARTESIAN_POINT('',(-1.325,2.5,0.4));
#10162=CARTESIAN_POINT('Origin',(-2.5,2.5,0.65));
#10163=CARTESIAN_POINT('Origin',(2.5,2.5,0.45));
#10164=CARTESIAN_POINT('',(3.675,2.5,0.45));
#10165=CARTESIAN_POINT('Origin',(2.5,2.5,0.45));
#10166=CARTESIAN_POINT('Origin',(3.725,2.5,0.45));
#10167=CARTESIAN_POINT('Origin',(2.5,2.5,0.4));
#10168=CARTESIAN_POINT('',(3.675,2.5,0.65));
#10169=CARTESIAN_POINT('',(1.325,2.5,0.65));
#10170=CARTESIAN_POINT('Origin',(2.5,2.5,0.65));
#10171=CARTESIAN_POINT('',(3.675,2.5,0.4));
#10172=CARTESIAN_POINT('Origin',(2.5,2.5,0.65));
#10173=CARTESIAN_POINT('Origin',(2.5,2.5,0.65));
#10174=CARTESIAN_POINT('',(1.375,2.5,0.7));
#10175=CARTESIAN_POINT('Origin',(2.5,2.5,0.7));
#10176=CARTESIAN_POINT('Origin',(1.375,2.5,0.65));
#10177=CARTESIAN_POINT('Origin',(2.5,2.5,0.7));
#10178=CARTESIAN_POINT('Origin',(-2.5,2.5,0.65));
#10179=CARTESIAN_POINT('',(-3.625,2.5,0.7));
#10180=CARTESIAN_POINT('Origin',(-2.5,2.5,0.7));
#10181=CARTESIAN_POINT('Origin',(-3.625,2.5,0.65));
#10182=CARTESIAN_POINT('Origin',(-2.5,2.5,0.7));
#10183=CARTESIAN_POINT('Origin',(0.174999999999991,5.3,-4.29999999999998));
#10184=CARTESIAN_POINT('',(0.124999999999992,5.3,-4.09999999999998));
#10185=CARTESIAN_POINT('',(0.174999999999992,5.35,-4.09999999999998));
#10186=CARTESIAN_POINT('Origin',(0.174999999999992,5.3,-4.09999999999998));
#10187=CARTESIAN_POINT('',(0.17499999999999,5.35,-4.49999999999998));
#10188=CARTESIAN_POINT('',(0.174999999999991,5.35,-4.29999999999998));
#10189=CARTESIAN_POINT('',(0.124999999999992,5.3,-4.49999999999998));
#10190=CARTESIAN_POINT('Origin',(0.17499999999999,5.3,-4.49999999999998));
#10191=CARTESIAN_POINT('',(0.124999999999991,5.3,-4.29999999999998));
#10192=CARTESIAN_POINT('Origin',(5.50499996985564,5.35,-4.50000000000001));
#10193=CARTESIAN_POINT('',(1.55001552858235,5.35000000000028,-4.09999999999999));
#10194=CARTESIAN_POINT('',(4.10999997739173,5.35,-4.1));
#10195=CARTESIAN_POINT('',(1.8,5.35,-4.34384471871911));
#10196=CARTESIAN_POINT('Ctrl Pts',(1.8,5.35,-4.34384471871911));
#10197=CARTESIAN_POINT('Ctrl Pts',(1.79960626347497,5.35,-4.32787601360496));
#10198=CARTESIAN_POINT('Ctrl Pts',(1.79768122796772,5.34999999999838,-4.31198260535749));
#10199=CARTESIAN_POINT('Ctrl Pts',(1.79084136599395,5.34999999999838,-4.28086360817739));
#10200=CARTESIAN_POINT('Ctrl Pts',(1.78595809565094,5.35,-4.26570593861192));
#10201=CARTESIAN_POINT('Ctrl Pts',(1.77335445975729,5.35,-4.23646000931786));
#10202=CARTESIAN_POINT('Ctrl Pts',(1.76565035280846,5.35000000000029,-4.22244294173052));
#10203=CARTESIAN_POINT('Ctrl Pts',(1.73846212572987,5.35000000000029,-4.18254632674211));
#10204=CARTESIAN_POINT('Ctrl Pts',(1.71525373540079,5.35000000000107,-4.1596153316882));
#10205=CARTESIAN_POINT('Ctrl Pts',(1.66797273216014,5.35000000000107,-4.12822311559875));
#10206=CARTESIAN_POINT('Ctrl Pts',(1.64574855289212,5.34999999999944,-4.11776467276361));
#10207=CARTESIAN_POINT('Ctrl Pts',(1.59890149922129,5.34999999999944,-4.10360388754716));
#10208=CARTESIAN_POINT('Ctrl Pts',(1.57452488923921,5.35,-4.09999999999999));
#10209=CARTESIAN_POINT('Ctrl Pts',(1.55001552858235,5.35,-4.09999999999999));
#10210=CARTESIAN_POINT('',(1.8,5.35,-4.54999999999999));
#10211=CARTESIAN_POINT('',(1.8,5.35,-4.50000004582108));
#10212=CARTESIAN_POINT('',(1.75,5.35,-4.49999999999999));
#10213=CARTESIAN_POINT('Origin',(1.75,5.35,-4.54999999999999));
#10214=CARTESIAN_POINT('',(4.10999997739173,5.35,-4.5));
#10215=CARTESIAN_POINT('Origin',(2.71499998492782,3.5,-4.09999999999999));
#10216=CARTESIAN_POINT('',(0.124999999999992,2.985,-4.09999999999998));
#10217=CARTESIAN_POINT('',(0.124999999999992,7.,-4.09999999999998));
#10218=CARTESIAN_POINT('',(0.0749999999999918,2.935,-4.09999999999999));
#10219=CARTESIAN_POINT('Origin',(0.0749999999999918,2.985,-4.09999999999998));
#10220=CARTESIAN_POINT('',(-0.824999999999984,2.935,-4.09999999999999));
#10221=CARTESIAN_POINT('',(0.125000000000016,2.935,-4.09999999999999));
#10222=CARTESIAN_POINT('',(-0.874999999999985,2.885,-4.09999999999999));
#10223=CARTESIAN_POINT('Origin',(-0.824999999999984,2.885,-4.09999999999999));
#10224=CARTESIAN_POINT('',(-0.874999999999987,1.515,-4.09999999999999));
#10225=CARTESIAN_POINT('',(-0.874999999999984,2.935,-4.09999999999999));
#10226=CARTESIAN_POINT('',(-0.824999999999987,1.465,-4.09999999999999));
#10227=CARTESIAN_POINT('Origin',(-0.824999999999987,1.515,-4.09999999999999));
#10228=CARTESIAN_POINT('',(0.0749999999999917,1.465,-4.09999999999999));
#10229=CARTESIAN_POINT('',(-0.874999999999987,1.465,-4.09999999999999));
#10230=CARTESIAN_POINT('',(0.124999999999992,1.415,-4.09999999999998));
#10231=CARTESIAN_POINT('Origin',(0.0749999999999917,1.415,-4.09999999999998));
#10232=CARTESIAN_POINT('',(0.124999999999992,0.05,-4.09999999999998));
#10233=CARTESIAN_POINT('',(0.124999999999992,7.,-4.09999999999998));
#10234=CARTESIAN_POINT('',(0.174999999999992,-1.32849177135287E-45,-4.09999999999998));
#10235=CARTESIAN_POINT('Origin',(0.174999999999992,0.05,-4.09999999999998));
#10236=CARTESIAN_POINT('',(4.94999999999999,0.,-4.1));
#10237=CARTESIAN_POINT('',(5.65999993971129,0.,-4.1));
#10238=CARTESIAN_POINT('',(4.95,1.55,-4.1));
#10239=CARTESIAN_POINT('',(4.94999999999999,3.5,-4.1));
#10240=CARTESIAN_POINT('',(4.95,3.05,-4.1));
#10241=CARTESIAN_POINT('',(4.94999999999999,3.5,-4.1));
#10242=CARTESIAN_POINT('',(4.95,5.35,-4.1));
#10243=CARTESIAN_POINT('',(4.94999999999999,3.5,-4.1));
#10244=CARTESIAN_POINT('',(3.04998447141766,5.35000000000028,-4.09999999999999));
#10245=CARTESIAN_POINT('',(4.10999997739173,5.35,-4.1));
#10246=CARTESIAN_POINT('',(2.8,4.95,-4.09999999999999));
#10247=CARTESIAN_POINT('Ctrl Pts',(2.8,4.95,-4.1));
#10248=CARTESIAN_POINT('Ctrl Pts',(2.80055555867127,4.95049690678075,-4.1));
#10249=CARTESIAN_POINT('Ctrl Pts',(2.80111116772184,4.9509935879915,-4.09999999999999));
#10250=CARTESIAN_POINT('Ctrl Pts',(2.84962548342233,4.99442356267103,-4.1));
#10251=CARTESIAN_POINT('Ctrl Pts',(2.92167893108329,5.05950551933496,-4.09999999999999));
#10252=CARTESIAN_POINT('Ctrl Pts',(3.0177478554326,5.19070336880137,-4.09999999999999));
#10253=CARTESIAN_POINT('Ctrl Pts',(3.04934142637565,5.28549917497186,-4.09999999999999));
#10254=CARTESIAN_POINT('Ctrl Pts',(3.04998447141766,5.35000000000028,-4.09999999999999));
#10255=CARTESIAN_POINT('',(1.8,4.95,-4.09999999999999));
#10256=CARTESIAN_POINT('',(2.50749999246391,4.95,-4.09999999999999));
#10257=CARTESIAN_POINT('Ctrl Pts',(1.55001552858235,5.35000000000028,-4.09999999999999));
#10258=CARTESIAN_POINT('Ctrl Pts',(1.55065857362436,5.28549917497187,-4.09999999999999));
#10259=CARTESIAN_POINT('Ctrl Pts',(1.58225213740484,5.1907031799786,-4.1));
#10260=CARTESIAN_POINT('Ctrl Pts',(1.6783210646074,5.05950538048222,-4.1));
#10261=CARTESIAN_POINT('Ctrl Pts',(1.7503745165188,4.99442352469749,-4.10000000000003));
#10262=CARTESIAN_POINT('Ctrl Pts',(1.79888883227839,4.95099358828632,-4.09999999999999));
#10263=CARTESIAN_POINT('Ctrl Pts',(1.79944444132903,4.95049690678074,-4.09999999999999));
#10264=CARTESIAN_POINT('Ctrl Pts',(1.8,4.95,-4.09999999999999));
#10265=CARTESIAN_POINT('Origin',(-0.174999999999992,5.3,-4.29999999999998));
#10266=CARTESIAN_POINT('',(-0.174999999999993,5.35,-4.09999999999999));
#10267=CARTESIAN_POINT('',(-0.124999999999993,5.3,-4.09999999999998));
#10268=CARTESIAN_POINT('Origin',(-0.174999999999993,5.3,-4.09999999999996));
#10269=CARTESIAN_POINT('',(-0.124999999999992,5.3,-4.49999999999998));
#10270=CARTESIAN_POINT('',(-0.124999999999992,5.3,-4.29999999999998));
#10271=CARTESIAN_POINT('',(-0.174999999999991,5.35,-4.49999999999999));
#10272=CARTESIAN_POINT('Origin',(-0.174999999999991,5.3,-4.49999999999996));
#10273=CARTESIAN_POINT('',(-0.174999999999992,5.35,-4.29999999999998));
#10274=CARTESIAN_POINT('Origin',(-0.124999999999993,7.,-4.09999999999998));
#10275=CARTESIAN_POINT('',(-0.124999999999993,3.085,-4.09999999999998));
#10276=CARTESIAN_POINT('',(-0.124999999999993,0.,-4.09999999999998));
#10277=CARTESIAN_POINT('',(-0.124999999999992,3.085,-4.49999999999998));
#10278=CARTESIAN_POINT('',(-0.124999999999992,3.085,-4.29999999999999));
#10279=CARTESIAN_POINT('',(-0.124999999999992,0.,-4.49999999999998));
#10280=CARTESIAN_POINT('Origin',(-7.25749995478346,3.5,-4.1));
#10281=CARTESIAN_POINT('',(-1.55001552858234,5.35000000000027,-4.09999999999999));
#10282=CARTESIAN_POINT('',(-6.38124996231955,5.35,-4.1));
#10283=CARTESIAN_POINT('',(-1.8,4.95,-4.09999999999999));
#10284=CARTESIAN_POINT('Ctrl Pts',(-1.8,4.95,-4.1));
#10285=CARTESIAN_POINT('Ctrl Pts',(-1.79944444132923,4.95049690678079,-4.1));
#10286=CARTESIAN_POINT('Ctrl Pts',(-1.79888883227896,4.95099358828595,-4.1));
#10287=CARTESIAN_POINT('Ctrl Pts',(-1.75037451651856,4.9944235246952,-4.09999999999996));
#10288=CARTESIAN_POINT('Ctrl Pts',(-1.67832106460748,5.05950538048153,-4.09999999999999));
#10289=CARTESIAN_POINT('Ctrl Pts',(-1.58225213740478,5.1907031799777,-4.09999999999998));
#10290=CARTESIAN_POINT('Ctrl Pts',(-1.55065857362435,5.28549917497187,-4.09999999999999));
#10291=CARTESIAN_POINT('Ctrl Pts',(-1.55001552858235,5.35000000000028,-4.09999999999999));
#10292=CARTESIAN_POINT('',(-2.8,4.95,-4.1));
#10293=CARTESIAN_POINT('',(-4.77874997739173,4.95,-4.1));
#10294=CARTESIAN_POINT('',(-3.04998447141766,5.35000000000028,-4.1));
#10295=CARTESIAN_POINT('Ctrl Pts',(-3.04998447141765,5.35000000000027,-4.1));
#10296=CARTESIAN_POINT('Ctrl Pts',(-3.04934142637565,5.28549917497187,-4.1));
#10297=CARTESIAN_POINT('Ctrl Pts',(-3.01774785543363,5.19070336880129,-4.1));
#10298=CARTESIAN_POINT('Ctrl Pts',(-2.92167893108396,5.05950551933492,-4.1));
#10299=CARTESIAN_POINT('Ctrl Pts',(-2.84962548342506,4.99442356267081,-4.1));
#10300=CARTESIAN_POINT('Ctrl Pts',(-2.80111116772159,4.95099358799146,-4.1));
#10301=CARTESIAN_POINT('Ctrl Pts',(-2.80055555867096,4.95049690678077,-4.1));
#10302=CARTESIAN_POINT('Ctrl Pts',(-2.8,4.95,-4.1));
#10303=CARTESIAN_POINT('',(-4.95,5.35,-4.1));
#10304=CARTESIAN_POINT('',(-6.38124996231955,5.35,-4.1));
#10305=CARTESIAN_POINT('',(-4.95,3.05,-4.1));
#10306=CARTESIAN_POINT('',(-4.95,3.5,-4.1));
#10307=CARTESIAN_POINT('',(-4.95,1.55,-4.1));
#10308=CARTESIAN_POINT('',(-4.95,2.525,-4.1));
#10309=CARTESIAN_POINT('',(-4.95,0.,-4.1));
#10310=CARTESIAN_POINT('',(-4.95,3.5,-4.1));
#10311=CARTESIAN_POINT('',(-0.174999999999993,0.,-4.09999999999998));
#10312=CARTESIAN_POINT('',(-5.65999993971129,0.,-4.10000000000001));
#10313=CARTESIAN_POINT('',(-0.124999999999993,0.05,-4.09999999999998));
#10314=CARTESIAN_POINT('Origin',(-0.174999999999993,0.05,-4.09999999999996));
#10315=CARTESIAN_POINT('',(-0.124999999999993,1.315,-4.09999999999998));
#10316=CARTESIAN_POINT('',(-0.124999999999993,0.,-4.09999999999998));
#10317=CARTESIAN_POINT('',(-0.174999999999993,1.365,-4.09999999999999));
#10318=CARTESIAN_POINT('Origin',(-0.174999999999993,1.315,-4.09999999999996));
#10319=CARTESIAN_POINT('',(-1.075,1.365,-4.09999999999999));
#10320=CARTESIAN_POINT('',(-4.19124997739173,1.365,-4.1));
#10321=CARTESIAN_POINT('',(-1.125,1.415,-4.09999999999999));
#10322=CARTESIAN_POINT('Origin',(-1.075,1.415,-4.1));
#10323=CARTESIAN_POINT('',(-1.125,2.985,-4.09999999999999));
#10324=CARTESIAN_POINT('',(-1.125,3.2675,-4.09999999999999));
#10325=CARTESIAN_POINT('',(-1.075,3.035,-4.09999999999999));
#10326=CARTESIAN_POINT('Origin',(-1.075,2.985,-4.1));
#10327=CARTESIAN_POINT('',(-0.174999999999993,3.035,-4.09999999999999));
#10328=CARTESIAN_POINT('',(-3.69124997739173,3.035,-4.1));
#10329=CARTESIAN_POINT('Origin',(-0.174999999999993,3.085,-4.09999999999996));
#10330=CARTESIAN_POINT('Origin',(0.174999999999992,0.05,-4.09999999999998));
#10331=CARTESIAN_POINT('',(0.124999999999992,0.05,-4.49999999999998));
#10332=CARTESIAN_POINT('',(0.17499999999999,-1.32849177135287E-45,-4.49999999999998));
#10333=CARTESIAN_POINT('Origin',(0.17499999999999,0.05,-4.49999999999998));
#10334=CARTESIAN_POINT('',(0.174999999999992,0.,-4.09999999999998));
#10335=CARTESIAN_POINT('',(0.124999999999992,0.05,-4.09999999999998));
#10336=CARTESIAN_POINT('Origin',(0.124999999999992,0.,-4.09999999999998));
#10337=CARTESIAN_POINT('',(0.124999999999992,1.415,-4.49999999999998));
#10338=CARTESIAN_POINT('',(0.124999999999991,1.415,-4.29999999999999));
#10339=CARTESIAN_POINT('',(0.124999999999992,7.,-4.49999999999998));
#10340=CARTESIAN_POINT('Origin',(-0.174999999999993,0.05,-4.09999999999998));
#10341=CARTESIAN_POINT('',(-0.174999999999991,0.,-4.49999999999998));
#10342=CARTESIAN_POINT('',(-0.124999999999992,0.05,-4.49999999999998));
#10343=CARTESIAN_POINT('Origin',(-0.17499999999999,0.05,-4.49999999999996));
#10344=CARTESIAN_POINT('',(-0.124999999999993,0.05,-4.09999999999998));
#10345=CARTESIAN_POINT('',(-0.174999999999993,0.,-4.09999999999998));
#10346=CARTESIAN_POINT('Origin',(-0.124999999999993,7.,-4.09999999999998));
#10347=CARTESIAN_POINT('',(-0.124999999999992,1.315,-4.49999999999997));
#10348=CARTESIAN_POINT('',(-0.124999999999992,0.,-4.49999999999998));
#10349=CARTESIAN_POINT('',(-0.124999999999992,1.315,-4.29999999999999));
#10350=CARTESIAN_POINT('Origin',(-7.25749995478346,3.5,-4.5));
#10351=CARTESIAN_POINT('',(-0.174999999999991,3.035,-4.49999999999999));
#10352=CARTESIAN_POINT('Origin',(-0.174999999999991,3.085,-4.49999999999996));
#10353=CARTESIAN_POINT('',(-1.075,3.035,-4.49999999999999));
#10354=CARTESIAN_POINT('',(-3.69124997739173,3.035,-4.5));
#10355=CARTESIAN_POINT('',(-1.125,2.985,-4.49999999999999));
#10356=CARTESIAN_POINT('Origin',(-1.075,2.985,-4.5));
#10357=CARTESIAN_POINT('',(-1.125,1.415,-4.49999999999999));
#10358=CARTESIAN_POINT('',(-1.125,3.2675,-4.49999999999999));
#10359=CARTESIAN_POINT('',(-1.075,1.365,-4.49999999999999));
#10360=CARTESIAN_POINT('Origin',(-1.075,1.415,-4.5));
#10361=CARTESIAN_POINT('',(-0.174999999999991,1.365,-4.49999999999999));
#10362=CARTESIAN_POINT('',(-4.19124997739173,1.365,-4.5));
#10363=CARTESIAN_POINT('Origin',(-0.174999999999991,1.315,-4.49999999999996));
#10364=CARTESIAN_POINT('',(-4.94999999999999,0.,-4.5));
#10365=CARTESIAN_POINT('',(-4.94999999999999,0.,-4.5));
#10366=CARTESIAN_POINT('',(-4.95,1.55,-4.49999999999999));
#10367=CARTESIAN_POINT('',(-4.94999999999999,3.5,-4.50000000000001));
#10368=CARTESIAN_POINT('',(-4.95,3.05,-4.49999999999999));
#10369=CARTESIAN_POINT('',(-4.95,2.525,-4.5));
#10370=CARTESIAN_POINT('',(-4.94999999999999,5.35,-4.50000000000001));
#10371=CARTESIAN_POINT('',(-4.94999999999999,3.5,-4.50000000000001));
#10372=CARTESIAN_POINT('',(-2.85,5.35,-4.5));
#10373=CARTESIAN_POINT('',(-6.38124996231955,5.35,-4.5));
#10374=CARTESIAN_POINT('',(-2.85,4.95,-4.5));
#10375=CARTESIAN_POINT('',(-2.85,4.25,-4.5));
#10376=CARTESIAN_POINT('',(-1.75,4.95,-4.49999999999999));
#10377=CARTESIAN_POINT('',(-4.77874997739173,4.95,-4.5));
#10378=CARTESIAN_POINT('',(-1.75,5.35,-4.49999999999999));
#10379=CARTESIAN_POINT('',(-1.75,4.45,-4.49999999999999));
#10380=CARTESIAN_POINT('',(-6.38124996231955,5.35,-4.5));
#10381=CARTESIAN_POINT('Origin',(-5.2,6.95,-3.8));
#10382=CARTESIAN_POINT('',(-5.39999999999999,6.95,-3.85));
#10383=CARTESIAN_POINT('',(-5.4,7.,-3.8));
#10384=CARTESIAN_POINT('Origin',(-5.4,6.95,-3.8));
#10385=CARTESIAN_POINT('',(-4.99999999999999,7.,-3.8));
#10386=CARTESIAN_POINT('',(-5.2,7.,-3.8));
#10387=CARTESIAN_POINT('',(-4.99999999999999,6.95,-3.85));
#10388=CARTESIAN_POINT('Origin',(-5.,6.95,-3.8));
#10389=CARTESIAN_POINT('',(-5.2,6.95,-3.85));
#10390=CARTESIAN_POINT('Origin',(-5.4,3.5,-2.09750001507218));
#10391=CARTESIAN_POINT('',(-5.39999999999999,5.45,-3.85));
#10392=CARTESIAN_POINT('',(-5.39999999999999,5.25,-3.85));
#10393=CARTESIAN_POINT('',(-5.39999999999999,5.35,-3.95));
#10394=CARTESIAN_POINT('Origin',(-5.4,5.45,-3.95));
#10395=CARTESIAN_POINT('',(-5.39999999999999,5.35,-4.05));
#10396=CARTESIAN_POINT('',(-5.4,5.35,-2.97375000753609));
#10397=CARTESIAN_POINT('',(-5.39999999999999,3.05,-4.05));
#10398=CARTESIAN_POINT('',(-5.39999999999999,1.75,-4.05));
#10399=CARTESIAN_POINT('',(-5.4,3.05,-2.69999999999999));
#10400=CARTESIAN_POINT('',(-5.4,3.05,-3.29875000753609));
#10401=CARTESIAN_POINT('',(-5.4,2.95,-2.59999999999999));
#10402=CARTESIAN_POINT('Origin',(-5.4,2.95,-2.69999999999999));
#10403=CARTESIAN_POINT('',(-5.4,1.65,-2.59999999999999));
#10404=CARTESIAN_POINT('',(-5.4,3.225,-2.59999999999999));
#10405=CARTESIAN_POINT('',(-5.4,1.55,-2.69999999999999));
#10406=CARTESIAN_POINT('Origin',(-5.4,1.65,-2.69999999999999));
#10407=CARTESIAN_POINT('',(-5.39999999999999,1.55,-4.05));
#10408=CARTESIAN_POINT('',(-5.4,1.55,-2.39875000753608));
#10409=CARTESIAN_POINT('',(-5.39999999999999,0.,-4.05));
#10410=CARTESIAN_POINT('',(-5.39999999999999,1.75,-4.05));
#10411=CARTESIAN_POINT('',(-5.4,0.,-0.0500000000000012));
#10412=CARTESIAN_POINT('',(-5.4,0.,-0.0500000000000012));
#10413=CARTESIAN_POINT('',(-5.4,7.,-0.0500000000000012));
#10414=CARTESIAN_POINT('',(-5.4,3.5,-0.0500000000000023));
#10415=CARTESIAN_POINT('',(-5.4,7.,0.659999939711293));
#10416=CARTESIAN_POINT('Origin',(-5.4,7.,-3.85));
#10417=CARTESIAN_POINT('',(-4.99999999999999,5.45,-3.85));
#10418=CARTESIAN_POINT('',(-4.99999999999999,5.25,-3.85));
#10419=CARTESIAN_POINT('',(-5.4,5.45,-3.85));
#10420=CARTESIAN_POINT('Origin',(0.2,6.95,-3.8));
#10421=CARTESIAN_POINT('',(5.4,7.,-3.8));
#10422=CARTESIAN_POINT('',(5.39999999999999,6.95,-3.85));
#10423=CARTESIAN_POINT('Origin',(5.4,6.95,-3.8));
#10424=CARTESIAN_POINT('',(4.99999999999999,6.95,-3.85));
#10425=CARTESIAN_POINT('',(0.2,6.95,-3.85));
#10426=CARTESIAN_POINT('',(5.,7.,-3.8));
#10427=CARTESIAN_POINT('Origin',(5.,6.95,-3.8));
#10428=CARTESIAN_POINT('',(0.2,7.,-3.8));
#10429=CARTESIAN_POINT('Origin',(5.4,3.5,-2.09750001507218));
#10430=CARTESIAN_POINT('',(5.4,7.,-0.0500000000000017));
#10431=CARTESIAN_POINT('',(5.4,7.,-0.0500000000000017));
#10432=CARTESIAN_POINT('',(5.4,0.,-0.0500000000000023));
#10433=CARTESIAN_POINT('',(5.4,3.5,-0.0500000000000034));
#10434=CARTESIAN_POINT('',(5.4,0.,-4.05));
#10435=CARTESIAN_POINT('',(5.4,0.,0.659999939711292));
#10436=CARTESIAN_POINT('',(5.4,1.55,-4.05));
#10437=CARTESIAN_POINT('',(5.4,5.25,-4.05));
#10438=CARTESIAN_POINT('',(5.4,1.55,-2.69999999999999));
#10439=CARTESIAN_POINT('',(5.4,1.55,-2.39875000753608));
#10440=CARTESIAN_POINT('',(5.4,1.65,-2.59999999999999));
#10441=CARTESIAN_POINT('Origin',(5.4,1.65,-2.69999999999999));
#10442=CARTESIAN_POINT('',(5.4,2.95,-2.59999999999999));
#10443=CARTESIAN_POINT('',(5.4,3.225,-2.59999999999999));
#10444=CARTESIAN_POINT('',(5.4,3.05,-2.69999999999999));
#10445=CARTESIAN_POINT('Origin',(5.4,2.95,-2.69999999999999));
#10446=CARTESIAN_POINT('',(5.4,3.05,-4.05));
#10447=CARTESIAN_POINT('',(5.4,3.05,-3.29875000753609));
#10448=CARTESIAN_POINT('',(5.39999999999999,5.35,-4.05));
#10449=CARTESIAN_POINT('',(5.4,5.25,-4.05));
#10450=CARTESIAN_POINT('',(5.39999999999999,5.35,-3.95));
#10451=CARTESIAN_POINT('',(5.4,5.35,-2.97375000753609));
#10452=CARTESIAN_POINT('',(5.39999999999999,5.45,-3.85));
#10453=CARTESIAN_POINT('Origin',(5.4,5.45,-3.95));
#10454=CARTESIAN_POINT('',(5.39999999999999,5.25,-3.85));
#10455=CARTESIAN_POINT('Origin',(-5.,7.,0.304999969855647));
#10456=CARTESIAN_POINT('',(5.,7.,-0.05));
#10457=CARTESIAN_POINT('',(5.,7.,0.659999939711293));
#10458=CARTESIAN_POINT('',(5.088,7.,-0.0500000000000006));
#10459=CARTESIAN_POINT('Origin',(-0.441262829090983,6.1,-0.466854079574611));
#10460=CARTESIAN_POINT('',(-0.395947439739151,6.1,-0.487984992661646));
#10461=CARTESIAN_POINT('Origin',(-2.9,6.05,0.4));
#10462=CARTESIAN_POINT('Origin',(0.461337202893442,6.95,-0.509903713118881));
#10463=CARTESIAN_POINT('',(0.41602181354161,6.95,-0.531034626205916));
#10464=CARTESIAN_POINT('Origin',(0.395947439739149,7.,-0.487984992661644));
#10465=CARTESIAN_POINT('',(0.39594743973915,6.1,-0.487984992661644));
#10466=CARTESIAN_POINT('Origin',(0.441262829090982,6.1,-0.466854079574609));
#10467=CARTESIAN_POINT('Origin',(-0.461337202893443,6.95,-0.509903713118883));
#10468=CARTESIAN_POINT('',(-0.41602181354161,6.95,-0.531034626205918));
#10469=CARTESIAN_POINT('Origin',(-2.37886908691296,7.,-0.00468461064816749));
#10470=CARTESIAN_POINT('Origin',(-0.395947439739151,6.05,-0.487984992661646));
#10471=CARTESIAN_POINT('Origin',(-5.,7.,0.304999969855647));
#10472=CARTESIAN_POINT('',(4.95,7.,0.));
#10473=CARTESIAN_POINT('Origin',(-0.824999999999987,1.515,-4.49999999999999));
#10474=CARTESIAN_POINT('',(-0.874999999999987,1.515,-4.49999999999999));
#10475=CARTESIAN_POINT('',(-0.874999999999987,1.515,-4.49999999999999));
#10476=CARTESIAN_POINT('',(-0.824999999999987,1.465,-4.49999999999999));
#10477=CARTESIAN_POINT('Origin',(-0.824999999999987,1.515,-4.5));
#10478=CARTESIAN_POINT('',(-0.824999999999987,1.465,-4.49999999999999));
#10479=CARTESIAN_POINT('Origin',(-0.874999999999984,2.935,-4.49999999999999));
#10480=CARTESIAN_POINT('',(-0.874999999999985,2.885,-4.49999999999999));
#10481=CARTESIAN_POINT('',(-0.874999999999985,2.885,-4.49999999999999));
#10482=CARTESIAN_POINT('',(-0.874999999999984,2.935,-4.49999999999999));
#10483=CARTESIAN_POINT('Origin',(-0.824999999999984,2.885,-4.49999999999999));
#10484=CARTESIAN_POINT('',(-0.824999999999984,2.935,-4.49999999999999));
#10485=CARTESIAN_POINT('',(-0.824999999999984,2.935,-4.49999999999999));
#10486=CARTESIAN_POINT('Origin',(-0.824999999999984,2.885,-4.5));
#10487=CARTESIAN_POINT('Origin',(0.0749999999999909,2.985,-4.29999999999999));
#10488=CARTESIAN_POINT('',(0.124999999999992,2.985,-4.49999999999998));
#10489=CARTESIAN_POINT('',(0.0749999999999899,2.935,-4.49999999999999));
#10490=CARTESIAN_POINT('Origin',(0.07499999999999,2.985,-4.49999999999998));
#10491=CARTESIAN_POINT('',(0.0749999999999909,2.935,-4.29999999999999));
#10492=CARTESIAN_POINT('',(0.124999999999991,2.985,-4.29999999999999));
#10493=CARTESIAN_POINT('Origin',(0.125000000000016,2.935,-4.49999999999999));
#10494=CARTESIAN_POINT('',(0.125000000000016,2.935,-4.49999999999999));
#10495=CARTESIAN_POINT('Origin',(0.0749999999999908,1.415,-4.29999999999999));
#10496=CARTESIAN_POINT('',(0.0749999999999901,1.465,-4.49999999999999));
#10497=CARTESIAN_POINT('',(0.0749999999999909,1.465,-4.29999999999999));
#10498=CARTESIAN_POINT('Origin',(0.0749999999999899,1.415,-4.49999999999998));
#10499=CARTESIAN_POINT('Origin',(-0.874999999999987,1.465,-4.49999999999999));
#10500=CARTESIAN_POINT('',(-0.874999999999987,1.465,-4.49999999999999));
#10501=CARTESIAN_POINT('Origin',(0.124999999999992,0.,-4.09999999999998));
#10502=CARTESIAN_POINT('',(0.124999999999992,7.,-4.49999999999998));
#10503=CARTESIAN_POINT('Origin',(-2.85,4.25,-4.55));
#10504=CARTESIAN_POINT('',(-2.8,5.35,-4.55));
#10505=CARTESIAN_POINT('Origin',(-2.85,5.35,-4.55));
#10506=CARTESIAN_POINT('',(-2.8,5.,-4.55));
#10507=CARTESIAN_POINT('',(-2.8,4.25,-4.55));
#10508=CARTESIAN_POINT('Origin',(-2.85,4.95,-4.55));
#10509=CARTESIAN_POINT('Origin',(-2.8,5.,-4.55));
#10510=CARTESIAN_POINT('',(-2.8,5.35,-4.34384471871912));
#10511=CARTESIAN_POINT('',(-2.8,5.35,-4.30000004582108));
#10512=CARTESIAN_POINT('',(-2.8,5.4,-4.55));
#10513=CARTESIAN_POINT('Origin',(-2.8,4.95,-4.55));
#10514=CARTESIAN_POINT('',(-2.8,5.4,-6.));
#10515=CARTESIAN_POINT('',(-2.8,5.4,-4.82375000753609));
#10516=CARTESIAN_POINT('',(-2.8,5.,-6.));
#10517=CARTESIAN_POINT('',(-2.8,5.,-6.));
#10518=CARTESIAN_POINT('',(-2.8,5.,-4.82375000753609));
#10519=CARTESIAN_POINT('Origin',(-1.75,4.45,-4.54999999999999));
#10520=CARTESIAN_POINT('',(-1.8,5.,-4.55));
#10521=CARTESIAN_POINT('Origin',(-1.75,4.95,-4.54999999999999));
#10522=CARTESIAN_POINT('',(-1.8,5.35,-4.54999999999999));
#10523=CARTESIAN_POINT('',(-1.8,4.45,-4.54999999999999));
#10524=CARTESIAN_POINT('Origin',(-1.75,5.35,-4.54999999999999));
#10525=CARTESIAN_POINT('Origin',(-1.8,5.4,-4.54999999999999));
#10526=CARTESIAN_POINT('',(-1.8,5.35,-4.34384471871912));
#10527=CARTESIAN_POINT('',(-1.8,5.35,-4.50000004582108));
#10528=CARTESIAN_POINT('',(-1.8,5.,-6.));
#10529=CARTESIAN_POINT('',(-1.8,5.,-4.82375000753608));
#10530=CARTESIAN_POINT('',(-1.8,5.4,-6.));
#10531=CARTESIAN_POINT('',(-1.8,5.2,-6.));
#10532=CARTESIAN_POINT('',(-1.8,5.4,-4.55));
#10533=CARTESIAN_POINT('',(-1.8,5.4,-4.82375000753608));
#10534=CARTESIAN_POINT('Origin',(-1.8,4.95,-4.55));
#10535=CARTESIAN_POINT('Origin',(2.85,4.45,-4.55));
#10536=CARTESIAN_POINT('',(2.85,4.95,-4.5));
#10537=CARTESIAN_POINT('',(2.8,5.,-4.55));
#10538=CARTESIAN_POINT('Origin',(2.85,4.95,-4.55));
#10539=CARTESIAN_POINT('',(2.8,5.35,-4.55));
#10540=CARTESIAN_POINT('',(2.8,4.45,-4.55));
#10541=CARTESIAN_POINT('',(2.85,5.35,-4.5));
#10542=CARTESIAN_POINT('Origin',(2.85,5.35,-4.55));
#10543=CARTESIAN_POINT('',(2.85,4.45,-4.5));
#10544=CARTESIAN_POINT('Origin',(2.8,5.4,-4.55));
#10545=CARTESIAN_POINT('',(2.8,5.35,-4.34384471871911));
#10546=CARTESIAN_POINT('',(2.8,5.35,-4.30000004582108));
#10547=CARTESIAN_POINT('',(2.79999999999999,5.,-5.99999999999998));
#10548=CARTESIAN_POINT('',(2.8,5.,-4.82375000753608));
#10549=CARTESIAN_POINT('',(2.79999999999999,5.4,-5.99999999999999));
#10550=CARTESIAN_POINT('',(2.79999999999999,5.2,-5.99999999999999));
#10551=CARTESIAN_POINT('',(2.8,5.4,-4.55));
#10552=CARTESIAN_POINT('',(2.8,5.4,-4.82375000753609));
#10553=CARTESIAN_POINT('Origin',(2.8,4.95,-4.55));
#10554=CARTESIAN_POINT('Origin',(1.75,4.25,-4.54999999999999));
#10555=CARTESIAN_POINT('',(1.8,5.,-4.54999999999999));
#10556=CARTESIAN_POINT('',(1.8,4.25,-4.54999999999999));
#10557=CARTESIAN_POINT('',(1.75,4.95,-4.49999999999999));
#10558=CARTESIAN_POINT('Origin',(1.75,4.95,-4.54999999999999));
#10559=CARTESIAN_POINT('',(1.75,4.25,-4.49999999999999));
#10560=CARTESIAN_POINT('Origin',(1.8,5.,-4.54999999999999));
#10561=CARTESIAN_POINT('',(1.8,5.4,-4.54999999999999));
#10562=CARTESIAN_POINT('Origin',(1.8,4.95,-4.54999999999999));
#10563=CARTESIAN_POINT('',(1.79999999999999,5.4,-6.));
#10564=CARTESIAN_POINT('',(1.8,5.4,-4.82375000753608));
#10565=CARTESIAN_POINT('',(1.79999999999999,5.,-6.));
#10566=CARTESIAN_POINT('',(1.79999999999999,5.,-6.));
#10567=CARTESIAN_POINT('',(1.8,5.,-4.82375000753608));
#10568=CARTESIAN_POINT('Ctrl Pts',(2.8,5.35249223595002,-4.34875388202512));
#10569=CARTESIAN_POINT('Ctrl Pts',(2.8,5.33951169530689,-4.32279280073884));
#10570=CARTESIAN_POINT('Ctrl Pts',(2.8,5.30906445149857,-4.26919660985301));
#10571=CARTESIAN_POINT('Ctrl Pts',(2.8,5.18622858234908,-4.15431401812084));
#10572=CARTESIAN_POINT('Ctrl Pts',(2.8,5.05011402045409,-4.10061789669255));
#10573=CARTESIAN_POINT('Ctrl Pts',(2.8,4.95223421352336,-4.10000506385468));
#10574=CARTESIAN_POINT('Ctrl Pts',(2.8,4.95111804025925,-4.1));
#10575=CARTESIAN_POINT('Ctrl Pts',(2.8,4.95,-4.1));
#10576=CARTESIAN_POINT('Ctrl Pts',(2.80032518155214,5.35248899403203,-4.28351253273895));
#10577=CARTESIAN_POINT('Ctrl Pts',(2.80722956874613,5.33947872212057,-4.2618972044521));
#10578=CARTESIAN_POINT('Ctrl Pts',(2.81825078725139,5.30134918950636,-4.21895161361921));
#10579=CARTESIAN_POINT('Ctrl Pts',(2.81950559493746,5.16731504545792,-4.13594634951508));
#10580=CARTESIAN_POINT('Ctrl Pts',(2.80833261555391,5.04075289234376,-4.10042284735428));
#10581=CARTESIAN_POINT('Ctrl Pts',(2.80018470625043,4.95202807326823,-4.10000329184633));
#10582=CARTESIAN_POINT('Ctrl Pts',(2.80009259311188,4.95101451801284,-4.1));
#10583=CARTESIAN_POINT('Ctrl Pts',(2.8,4.95,-4.1));
#10584=CARTESIAN_POINT('Ctrl Pts',(2.85478709906083,5.35194603251151,-4.15381748608052));
#10585=CARTESIAN_POINT('Ctrl Pts',(2.86726545672783,5.32749765940035,-4.14625526289134));
#10586=CARTESIAN_POINT('Ctrl Pts',(2.87990262341001,5.26887632996057,-4.13222070538545));
#10587=CARTESIAN_POINT('Ctrl Pts',(2.8593447209862,5.12603124686738,-4.10870138030806));
#10588=CARTESIAN_POINT('Ctrl Pts',(2.82480620233479,5.02215068382157,-4.10008402030255));
#10589=CARTESIAN_POINT('Ctrl Pts',(2.80055561708897,4.95161483857872,-4.10000099042449));
#10590=CARTESIAN_POINT('Ctrl Pts',(2.80027777933563,4.95080747352,-4.09999999999999));
#10591=CARTESIAN_POINT('Ctrl Pts',(2.8,4.95,-4.09999999999999));
#10592=CARTESIAN_POINT('Ctrl Pts',(2.98474555369583,5.35065040350393,-4.09999999999999));
#10593=CARTESIAN_POINT('Ctrl Pts',(2.98860136633907,5.29957339450628,-4.10013989616545));
#10594=CARTESIAN_POINT('Ctrl Pts',(2.97184910403685,5.21680231050304,-4.10013709861005));
#10595=CARTESIAN_POINT('Ctrl Pts',(2.90099613742896,5.08167309603053,-4.10025632231574));
#10596=CARTESIAN_POINT('Ctrl Pts',(2.84136798671744,5.00366581259419,-4.10004443633154));
#10597=CARTESIAN_POINT('Ctrl Pts',(2.8009258637479,4.9512006724453,-4.09999965685025));
#10598=CARTESIAN_POINT('Ctrl Pts',(2.80046296555939,4.95060042902717,-4.1));
#10599=CARTESIAN_POINT('Ctrl Pts',(2.8,4.95,-4.1));
#10600=CARTESIAN_POINT('Ctrl Pts',(3.04998447141766,5.35000000000028,-4.09999999999999));
#10601=CARTESIAN_POINT('Ctrl Pts',(3.04934142637565,5.28549917497186,-4.09999999999999));
#10602=CARTESIAN_POINT('Ctrl Pts',(3.0177478554326,5.19070336880137,-4.09999999999999));
#10603=CARTESIAN_POINT('Ctrl Pts',(2.92167893108329,5.05950551933496,-4.09999999999999));
#10604=CARTESIAN_POINT('Ctrl Pts',(2.84962548342233,4.99442356267103,-4.1));
#10605=CARTESIAN_POINT('Ctrl Pts',(2.80111116772184,4.9509935879915,-4.09999999999999));
#10606=CARTESIAN_POINT('Ctrl Pts',(2.80055555867127,4.95049690678075,-4.1));
#10607=CARTESIAN_POINT('Ctrl Pts',(2.8,4.95,-4.1));
#10608=CARTESIAN_POINT('Ctrl Pts',(3.04998447141765,5.35,-4.09999999999999));
#10609=CARTESIAN_POINT('Ctrl Pts',(3.0346153573537,5.35,-4.09999999999999));
#10610=CARTESIAN_POINT('Ctrl Pts',(3.01933004874166,5.35000110853746,-4.10148889550222));
#10611=CARTESIAN_POINT('Ctrl Pts',(3.00430221791006,5.35000100678062,-4.10434940284901));
#10612=CARTESIAN_POINT('Ctrl Pts',(2.9888203953245,5.3500009019497,-4.10729632631015));
#10613=CARTESIAN_POINT('Ctrl Pts',(2.97361028871774,5.34999964220677,-4.1116995340956));
#10614=CARTESIAN_POINT('Ctrl Pts',(2.95887361666145,5.3499993350132,-4.11748246325995));
#10615=CARTESIAN_POINT('Ctrl Pts',(2.95765553972543,5.34999930962175,-4.11796045806168));
#10616=CARTESIAN_POINT('Ctrl Pts',(2.95644071184485,5.3499992925084,-4.11844790478383));
#10617=CARTESIAN_POINT('Ctrl Pts',(2.95522925568765,5.34999928568777,-4.11894477358515));
#10618=CARTESIAN_POINT('Ctrl Pts',(2.94021240476799,5.34999920114133,-4.1251038117573));
#10619=CARTESIAN_POINT('Ctrl Pts',(2.92585302875072,5.34999954593486,-4.13264798785346));
#10620=CARTESIAN_POINT('Ctrl Pts',(2.91235546018681,5.34999946527407,-4.14147415942325));
#10621=CARTESIAN_POINT('Ctrl Pts',(2.8995354230873,5.34999938866217,-4.14985728757226));
#10622=CARTESIAN_POINT('Ctrl Pts',(2.88749173480667,5.34999936111844,-4.15939811225174));
#10623=CARTESIAN_POINT('Ctrl Pts',(2.8764307427095,5.34999859787788,-4.17004765539011));
#10624=CARTESIAN_POINT('Ctrl Pts',(2.8758461757449,5.34999855754107,-4.17061047751783));
#10625=CARTESIAN_POINT('Ctrl Pts',(2.87526436327977,5.3499985142046,-4.17117640368434));
#10626=CARTESIAN_POINT('Ctrl Pts',(2.87468533921066,5.349998467366,-4.17174542901541));
#10627=CARTESIAN_POINT('Ctrl Pts',(2.8745251880129,5.349998454411,-4.17190281468068));
#10628=CARTESIAN_POINT('Ctrl Pts',(2.87436527020906,5.34999843934578,-4.17206041766403));
#10629=CARTESIAN_POINT('Ctrl Pts',(2.87420558635836,5.34999842224701,-4.17221823769057));
#10630=CARTESIAN_POINT('Ctrl Pts',(2.8635038623971,5.34999727631803,-4.18279505151499));
#10631=CARTESIAN_POINT('Ctrl Pts',(2.8538508166217,5.34998901699045,-4.19434339586438));
#10632=CARTESIAN_POINT('Ctrl Pts',(2.84529355141337,5.3499868517807,-4.20666655217166));
#10633=CARTESIAN_POINT('Ctrl Pts',(2.8366423974146,5.34998466281465,-4.2191249159561));
#10634=CARTESIAN_POINT('Ctrl Pts',(2.82911024265771,5.34998839105933,-4.23237613189109));
#10635=CARTESIAN_POINT('Ctrl Pts',(2.82278004696997,5.34998971193331,-4.24624934756071));
#10636=CARTESIAN_POINT('Ctrl Pts',(2.8220496961341,5.34998986433009,-4.24784997969915));
#10637=CARTESIAN_POINT('Ctrl Pts',(2.82133539199755,5.34998996392024,-4.24945891708597));
#10638=CARTESIAN_POINT('Ctrl Pts',(2.82063730034066,5.34998998229572,-4.2510759152002));
#10639=CARTESIAN_POINT('Ctrl Pts',(2.81466596740697,5.34999013947588,-4.26490738560662));
#10640=CARTESIAN_POINT('Ctrl Pts',(2.80992723843784,5.34999327504623,-4.27921516003892));
#10641=CARTESIAN_POINT('Ctrl Pts',(2.80649288172939,5.3499964863252,-4.29381029243281));
#10642=CARTESIAN_POINT('Ctrl Pts',(2.80321972308498,5.34999954687668,-4.30772037452876));
#10643=CARTESIAN_POINT('Ctrl Pts',(2.80112984475504,5.35000067022789,-4.32189261624718));
#10644=CARTESIAN_POINT('Ctrl Pts',(2.80031339591671,5.34999862713941,-4.33619773390819));
#10645=CARTESIAN_POINT('Ctrl Pts',(2.8001684921531,5.349998264531,-4.33873661361585));
#10646=CARTESIAN_POINT('Ctrl Pts',(2.80006380787472,5.34999784927766,-4.34127974071061));
#10647=CARTESIAN_POINT('Ctrl Pts',(2.8,5.34999745295689,-4.34382645959881));
#10648=CARTESIAN_POINT('Origin',(2.8,4.95,-4.55));
#10649=CARTESIAN_POINT('Origin',(5.50499996985564,5.35,-4.50000000000001));
#10650=CARTESIAN_POINT('',(4.94999999999999,5.35,-4.50000000000001));
#10651=CARTESIAN_POINT('',(4.95000000000001,5.35,-1.8));
#10652=CARTESIAN_POINT('',(4.10999997739173,5.35,-4.5));
#10653=CARTESIAN_POINT('Ctrl Pts',(1.8,4.95,-4.09999999999999));
#10654=CARTESIAN_POINT('Ctrl Pts',(1.8,4.95111804025861,-4.09999999999999));
#10655=CARTESIAN_POINT('Ctrl Pts',(1.8,4.95223421278079,-4.10000506422246));
#10656=CARTESIAN_POINT('Ctrl Pts',(1.80000000000002,5.05011411630881,-4.10061784926297));
#10657=CARTESIAN_POINT('Ctrl Pts',(1.80000000000001,5.1862289425999,-4.15431384053385));
#10658=CARTESIAN_POINT('Ctrl Pts',(1.80000000000001,5.30906468508945,-4.26919650640655));
#10659=CARTESIAN_POINT('Ctrl Pts',(1.8,5.33951169530689,-4.32279280073884));
#10660=CARTESIAN_POINT('Ctrl Pts',(1.8,5.35249223595002,-4.34875388202512));
#10661=CARTESIAN_POINT('Ctrl Pts',(1.8,4.95,-4.09999999999999));
#10662=CARTESIAN_POINT('Ctrl Pts',(1.7998104378392,4.95089249665318,-4.10000718979257));
#10663=CARTESIAN_POINT('Ctrl Pts',(1.79963567716051,4.95184564442171,-4.09999235375434));
#10664=CARTESIAN_POINT('Ctrl Pts',(1.78288246938548,5.02920472515728,-4.10107306641846));
#10665=CARTESIAN_POINT('Ctrl Pts',(1.76132686182615,5.14858880594927,-4.11751599811693));
#10666=CARTESIAN_POINT('Ctrl Pts',(1.76367289470676,5.29280851331827,-4.1690515725559));
#10667=CARTESIAN_POINT('Ctrl Pts',(1.78544544573745,5.33999676280651,-4.20084860441934));
#10668=CARTESIAN_POINT('Ctrl Pts',(1.79934963689573,5.35248575211404,-4.21827118345277));
#10669=CARTESIAN_POINT('Ctrl Pts',(1.8,4.95,-4.09999999999999));
#10670=CARTESIAN_POINT('Ctrl Pts',(1.79962680789646,4.95070529685971,-4.09999999999999));
#10671=CARTESIAN_POINT('Ctrl Pts',(1.79926280207985,4.95140579521795,-4.09999999999999));
#10672=CARTESIAN_POINT('Ctrl Pts',(1.76663411333014,5.01310211197728,-4.10000000000003));
#10673=CARTESIAN_POINT('Ctrl Pts',(1.71967439267651,5.10414505051567,-4.1));
#10674=CARTESIAN_POINT('Ctrl Pts',(1.67405971605578,5.2430148191999,-4.10000000000001));
#10675=CARTESIAN_POINT('Ctrl Pts',(1.67185898945084,5.3143544675395,-4.09999999999999));
#10676=CARTESIAN_POINT('Ctrl Pts',(1.680493364026,5.35130080700758,-4.09999999999999));
#10677=CARTESIAN_POINT('Ctrl Pts',(1.8,4.95,-4.09999999999999));
#10678=CARTESIAN_POINT('Ctrl Pts',(1.79944444132903,4.95049690678074,-4.09999999999999));
#10679=CARTESIAN_POINT('Ctrl Pts',(1.79888883227839,4.95099358828632,-4.09999999999999));
#10680=CARTESIAN_POINT('Ctrl Pts',(1.7503745165188,4.99442352469749,-4.10000000000003));
#10681=CARTESIAN_POINT('Ctrl Pts',(1.6783210646074,5.05950538048222,-4.1));
#10682=CARTESIAN_POINT('Ctrl Pts',(1.58225213740484,5.1907031799786,-4.1));
#10683=CARTESIAN_POINT('Ctrl Pts',(1.55065857362436,5.28549917497187,-4.09999999999999));
#10684=CARTESIAN_POINT('Ctrl Pts',(1.55001552858235,5.35000000000028,-4.09999999999999));
#10685=CARTESIAN_POINT('Origin',(1.8,4.95,-4.54999999999999));
#10686=CARTESIAN_POINT('Ctrl Pts',(-2.8,4.95,-4.1));
#10687=CARTESIAN_POINT('Ctrl Pts',(-2.8,4.95111804025856,-4.1));
#10688=CARTESIAN_POINT('Ctrl Pts',(-2.8,4.95223421352326,-4.10000506385469));
#10689=CARTESIAN_POINT('Ctrl Pts',(-2.79999999999996,5.05011402045355,-4.10061789669259));
#10690=CARTESIAN_POINT('Ctrl Pts',(-2.79999999999999,5.18622858234894,-4.15431401812089));
#10691=CARTESIAN_POINT('Ctrl Pts',(-2.79999999999999,5.30906445149832,-4.26919660985304));
#10692=CARTESIAN_POINT('Ctrl Pts',(-2.8,5.33951169530689,-4.32279280073885));
#10693=CARTESIAN_POINT('Ctrl Pts',(-2.8,5.35249223595001,-4.34875388202513));
#10694=CARTESIAN_POINT('Ctrl Pts',(-2.8,4.95,-4.1));
#10695=CARTESIAN_POINT('Ctrl Pts',(-2.80018956216081,4.95089249665314,-4.10000718979258));
#10696=CARTESIAN_POINT('Ctrl Pts',(-2.80036432283949,4.95184564516418,-4.09999235338658));
#10697=CARTESIAN_POINT('Ctrl Pts',(-2.81711753061451,5.02920462930202,-4.10107311384808));
#10698=CARTESIAN_POINT('Ctrl Pts',(-2.83867313817385,5.14858844569831,-4.11751617570397));
#10699=CARTESIAN_POINT('Ctrl Pts',(-2.83632710529324,5.29280827972714,-4.16905167600239));
#10700=CARTESIAN_POINT('Ctrl Pts',(-2.81455455426255,5.33999676280651,-4.20084860441935));
#10701=CARTESIAN_POINT('Ctrl Pts',(-2.80065036310427,5.35248575211404,-4.21827118345277));
#10702=CARTESIAN_POINT('Ctrl Pts',(-2.8,4.95,-4.1));
#10703=CARTESIAN_POINT('Ctrl Pts',(-2.80037319210352,4.95070529685972,-4.1));
#10704=CARTESIAN_POINT('Ctrl Pts',(-2.80073719792013,4.95140579492309,-4.1));
#10705=CARTESIAN_POINT('Ctrl Pts',(-2.83336588661372,5.01310214995059,-4.1));
#10706=CARTESIAN_POINT('Ctrl Pts',(-2.88032560301484,5.10414518936837,-4.1));
#10707=CARTESIAN_POINT('Ctrl Pts',(-2.92594027678269,5.24301500802258,-4.1));
#10708=CARTESIAN_POINT('Ctrl Pts',(-2.92814101054917,5.3143544675395,-4.1));
#10709=CARTESIAN_POINT('Ctrl Pts',(-2.919506635974,5.35130080700758,-4.1));
#10710=CARTESIAN_POINT('Ctrl Pts',(-2.8,4.95,-4.1));
#10711=CARTESIAN_POINT('Ctrl Pts',(-2.80055555867096,4.95049690678077,-4.1));
#10712=CARTESIAN_POINT('Ctrl Pts',(-2.80111116772159,4.95099358799146,-4.1));
#10713=CARTESIAN_POINT('Ctrl Pts',(-2.84962548342506,4.99442356267081,-4.1));
#10714=CARTESIAN_POINT('Ctrl Pts',(-2.92167893108396,5.05950551933492,-4.1));
#10715=CARTESIAN_POINT('Ctrl Pts',(-3.01774785543363,5.19070336880129,-4.1));
#10716=CARTESIAN_POINT('Ctrl Pts',(-3.04934142637565,5.28549917497187,-4.1));
#10717=CARTESIAN_POINT('Ctrl Pts',(-3.04998447141765,5.35000000000027,-4.1));
#10718=CARTESIAN_POINT('Ctrl Pts',(-2.8,5.35,-4.34384471871912));
#10719=CARTESIAN_POINT('Ctrl Pts',(-2.80039373652503,5.35,-4.32787601360497));
#10720=CARTESIAN_POINT('Ctrl Pts',(-2.80231877203228,5.34999999999838,-4.3119826053575));
#10721=CARTESIAN_POINT('Ctrl Pts',(-2.80915863400605,5.34999999999838,-4.2808636081774));
#10722=CARTESIAN_POINT('Ctrl Pts',(-2.81404190434906,5.35,-4.26570593861193));
#10723=CARTESIAN_POINT('Ctrl Pts',(-2.82664554024271,5.35,-4.23646000931787));
#10724=CARTESIAN_POINT('Ctrl Pts',(-2.83434964719154,5.35000000000029,-4.22244294173054));
#10725=CARTESIAN_POINT('Ctrl Pts',(-2.86153787427014,5.35000000000029,-4.18254632674212));
#10726=CARTESIAN_POINT('Ctrl Pts',(-2.88474626459921,5.35000000000107,-4.15961533168821));
#10727=CARTESIAN_POINT('Ctrl Pts',(-2.93202726783986,5.35000000000107,-4.12822311559876));
#10728=CARTESIAN_POINT('Ctrl Pts',(-2.95425144710788,5.34999999999944,-4.11776467276361));
#10729=CARTESIAN_POINT('Ctrl Pts',(-3.00109850077871,5.34999999999944,-4.10360388754717));
#10730=CARTESIAN_POINT('Ctrl Pts',(-3.02547511076079,5.35,-4.1));
#10731=CARTESIAN_POINT('Ctrl Pts',(-3.04998447141765,5.35,-4.1));
#10732=CARTESIAN_POINT('Origin',(-2.8,4.95,-4.55));
#10733=CARTESIAN_POINT('Ctrl Pts',(-1.8,5.35249223595001,-4.34875388202513));
#10734=CARTESIAN_POINT('Ctrl Pts',(-1.8,5.33951169530689,-4.32279280073885));
#10735=CARTESIAN_POINT('Ctrl Pts',(-1.79999999999999,5.30906468508749,-4.26919650640654));
#10736=CARTESIAN_POINT('Ctrl Pts',(-1.79999999999999,5.18622894259841,-4.15431384053385));
#10737=CARTESIAN_POINT('Ctrl Pts',(-1.79999999999998,5.05011411630389,-4.10061784926292));
#10738=CARTESIAN_POINT('Ctrl Pts',(-1.8,4.95223421277996,-4.10000506422246));
#10739=CARTESIAN_POINT('Ctrl Pts',(-1.8,4.95111804025814,-4.1));
#10740=CARTESIAN_POINT('Ctrl Pts',(-1.8,4.95,-4.1));
#10741=CARTESIAN_POINT('Ctrl Pts',(-1.79967481844786,5.35248899403203,-4.28351253273895));
#10742=CARTESIAN_POINT('Ctrl Pts',(-1.79277043125387,5.33947872212057,-4.26189720445211));
#10743=CARTESIAN_POINT('Ctrl Pts',(-1.78174925190566,5.30134933143636,-4.21895155247585));
#10744=CARTESIAN_POINT('Ctrl Pts',(-1.78049443761455,5.16731526284933,-4.13594623095372));
#10745=CARTESIAN_POINT('Ctrl Pts',(-1.79166738980215,5.04075294906576,-4.10042281609993));
#10746=CARTESIAN_POINT('Ctrl Pts',(-1.79981529370827,4.95202807282828,-4.10000329208868));
#10747=CARTESIAN_POINT('Ctrl Pts',(-1.79990740688821,4.95101451801191,-4.1));
#10748=CARTESIAN_POINT('Ctrl Pts',(-1.8,4.95,-4.1));
#10749=CARTESIAN_POINT('Ctrl Pts',(-1.74522042973798,5.35194610757034,-4.15380991928461));
#10750=CARTESIAN_POINT('Ctrl Pts',(-1.73274207207099,5.32749773445919,-4.14624769609544));
#10751=CARTESIAN_POINT('Ctrl Pts',(-1.72010151930162,5.26887644002707,-4.13221637801851));
#10752=CARTESIAN_POINT('Ctrl Pts',(-1.74065870993447,5.12603134324327,-4.10869777823701));
#10753=CARTESIAN_POINT('Ctrl Pts',(-1.77519440650409,5.02215070539961,-4.10008336756243));
#10754=CARTESIAN_POINT('Ctrl Pts',(-1.79944437821076,4.95161483841152,-4.10000099546527));
#10755=CARTESIAN_POINT('Ctrl Pts',(-1.79972222066461,4.95080747351946,-4.1));
#10756=CARTESIAN_POINT('Ctrl Pts',(-1.8,4.95,-4.1));
#10757=CARTESIAN_POINT('Ctrl Pts',(-1.61525444630417,5.35065040350393,-4.09999999999999));
#10758=CARTESIAN_POINT('Ctrl Pts',(-1.61139863366094,5.29957339450629,-4.10013989616545));
#10759=CARTESIAN_POINT('Ctrl Pts',(-1.62815087230268,5.21680219727869,-4.10013700727335));
#10760=CARTESIAN_POINT('Ctrl Pts',(-1.69900384233401,5.08167302019386,-4.10025623019595));
#10761=CARTESIAN_POINT('Ctrl Pts',(-1.75863200803967,5.00366579119559,-4.1000444148327));
#10762=CARTESIAN_POINT('Ctrl Pts',(-1.79907413629308,4.95120067261119,-4.09999965701682));
#10763=CARTESIAN_POINT('Ctrl Pts',(-1.79953703444102,4.95060042902702,-4.1));
#10764=CARTESIAN_POINT('Ctrl Pts',(-1.8,4.95,-4.1));
#10765=CARTESIAN_POINT('Ctrl Pts',(-1.55001552858235,5.35000000000028,-4.09999999999999));
#10766=CARTESIAN_POINT('Ctrl Pts',(-1.55065857362435,5.28549917497187,-4.09999999999999));
#10767=CARTESIAN_POINT('Ctrl Pts',(-1.58225213740478,5.1907031799777,-4.09999999999998));
#10768=CARTESIAN_POINT('Ctrl Pts',(-1.67832106460748,5.05950538048153,-4.09999999999999));
#10769=CARTESIAN_POINT('Ctrl Pts',(-1.75037451651856,4.9944235246952,-4.09999999999996));
#10770=CARTESIAN_POINT('Ctrl Pts',(-1.79888883227896,4.95099358828595,-4.1));
#10771=CARTESIAN_POINT('Ctrl Pts',(-1.79944444132923,4.95049690678079,-4.1));
#10772=CARTESIAN_POINT('Ctrl Pts',(-1.8,4.95,-4.1));
#10773=CARTESIAN_POINT('Ctrl Pts',(-1.55001552858235,5.35,-4.09999999999999));
#10774=CARTESIAN_POINT('Ctrl Pts',(-1.56538521192156,5.35,-4.09999999999999));
#10775=CARTESIAN_POINT('Ctrl Pts',(-1.58067129177888,5.35000111066336,-4.10148879627271));
#10776=CARTESIAN_POINT('Ctrl Pts',(-1.59569997783971,5.35000101200978,-4.10434919221248));
#10777=CARTESIAN_POINT('Ctrl Pts',(-1.61118192883021,5.3500009103808,-4.10729585764775));
#10778=CARTESIAN_POINT('Ctrl Pts',(-1.62639228010598,5.34999965504937,-4.11169865272945));
#10779=CARTESIAN_POINT('Ctrl Pts',(-1.64112921524297,5.34999935247173,-4.11748112326428));
#10780=CARTESIAN_POINT('Ctrl Pts',(-1.64234696874098,5.3499993274689,-4.11795894471464));
#10781=CARTESIAN_POINT('Ctrl Pts',(-1.64356147514931,5.34999931074073,-4.11844621241568));
#10782=CARTESIAN_POINT('Ctrl Pts',(-1.64477261184839,5.34999930429948,-4.11894289661304));
#10783=CARTESIAN_POINT('Ctrl Pts',(-1.65978993221944,5.34999922443213,-4.12510146295881));
#10784=CARTESIAN_POINT('Ctrl Pts',(-1.67414977721274,5.34999957390082,-4.13264516770316));
#10785=CARTESIAN_POINT('Ctrl Pts',(-1.6876477004872,5.34999949678099,-4.14147098275828));
#10786=CARTESIAN_POINT('Ctrl Pts',(-1.70046706224904,5.34999942353809,-4.14985311041852));
#10787=CARTESIAN_POINT('Ctrl Pts',(-1.71251009482255,5.34999939828542,-4.15939285513466));
#10788=CARTESIAN_POINT('Ctrl Pts',(-1.72357039743866,5.34999863557623,-4.17004135365595));
#10789=CARTESIAN_POINT('Ctrl Pts',(-1.72415584746438,5.34999859520408,-4.17060500584066));
#10790=CARTESIAN_POINT('Ctrl Pts',(-1.72473853422371,5.34999855181828,-4.17117177193719));
#10791=CARTESIAN_POINT('Ctrl Pts',(-1.72531842365177,5.34999850491398,-4.17174164706583));
#10792=CARTESIAN_POINT('Ctrl Pts',(-1.72547857493525,5.34999849196015,-4.17189903264462));
#10793=CARTESIAN_POINT('Ctrl Pts',(-1.72563849277922,5.34999847689567,-4.17205663558731));
#10794=CARTESIAN_POINT('Ctrl Pts',(-1.72579817662414,5.34999845979717,-4.17221445561933));
#10795=CARTESIAN_POINT('Ctrl Pts',(-1.73649966478752,5.34999731391162,-4.18279103714758));
#10796=CARTESIAN_POINT('Ctrl Pts',(-1.74615231502206,5.34998905281617,-4.19433931340586));
#10797=CARTESIAN_POINT('Ctrl Pts',(-1.75470912353449,5.34998688437257,-4.20666248275236));
#10798=CARTESIAN_POINT('Ctrl Pts',(-1.76336024035413,5.34998469202961,-4.21912147110649));
#10799=CARTESIAN_POINT('Ctrl Pts',(-1.77089218530588,5.34998841616407,-4.23237347259281));
#10800=CARTESIAN_POINT('Ctrl Pts',(-1.77722209043365,5.34998973268389,-4.2462475218995));
#10801=CARTESIAN_POINT('Ctrl Pts',(-1.77795235431644,5.34998988456719,-4.24784813311123));
#10802=CARTESIAN_POINT('Ctrl Pts',(-1.778666572773,5.34998998364608,-4.24945704899388));
#10803=CARTESIAN_POINT('Ctrl Pts',(-1.77936458020163,5.34999000151799,-4.25107402490358));
#10804=CARTESIAN_POINT('Ctrl Pts',(-1.78533534867419,5.34999015439458,-4.26490566678383));
#10805=CARTESIAN_POINT('Ctrl Pts',(-1.79007356324476,5.34999328555687,-4.27921359288592));
#10806=CARTESIAN_POINT('Ctrl Pts',(-1.79350755924223,5.34999649358939,-4.2938087683576));
#10807=CARTESIAN_POINT('Ctrl Pts',(-1.79678036307174,5.34999955103649,-4.30771884461022));
#10808=CARTESIAN_POINT('Ctrl Pts',(-1.79887003404795,5.35000067256382,-4.32189097989808));
#10809=CARTESIAN_POINT('Ctrl Pts',(-1.79968651292356,5.34999862921785,-4.33619581606196));
#10810=CARTESIAN_POINT('Ctrl Pts',(-1.79983146154376,5.34999826646483,-4.33873533830331));
#10811=CARTESIAN_POINT('Ctrl Pts',(-1.79993617622137,5.34999785107858,-4.34127910473768));
#10812=CARTESIAN_POINT('Ctrl Pts',(-1.8,5.34999745468989,-4.3438264588302));
#10813=CARTESIAN_POINT('Origin',(-1.8,4.95,-4.55));
#10814=CARTESIAN_POINT('Origin',(2.3,5.,-5.09750001507217));
#10815=CARTESIAN_POINT('',(2.3,5.,-4.54999999999999));
#10816=CARTESIAN_POINT('',(2.19999999999999,5.,-6.));
#10817=CARTESIAN_POINT('Origin',(2.39999999999999,5.,-5.99999999999999));
#10818=CARTESIAN_POINT('',(2.19999999999999,5.4,-6.));
#10819=CARTESIAN_POINT('Origin',(5.,2.3,-5.09750001507217));
#10820=CARTESIAN_POINT('',(4.99999999999999,1.55,-5.9));
#10821=CARTESIAN_POINT('',(4.99999999999999,1.65,-6.));
#10822=CARTESIAN_POINT('Origin',(4.99999999999999,1.65,-5.9));
#10823=CARTESIAN_POINT('',(5.,1.55,-4.55));
#10824=CARTESIAN_POINT('',(5.,1.55,-3.8400000602887));
#10825=CARTESIAN_POINT('',(5.,3.05,-4.55));
#10826=CARTESIAN_POINT('',(5.,2.3,-4.55));
#10827=CARTESIAN_POINT('',(4.99999999999999,3.05,-5.9));
#10828=CARTESIAN_POINT('',(5.,3.05,-3.8400000602887));
#10829=CARTESIAN_POINT('',(4.99999999999999,2.95,-6.));
#10830=CARTESIAN_POINT('Origin',(4.99999999999999,2.95,-5.9));
#10831=CARTESIAN_POINT('',(4.99999999999999,1.55,-6.));
#10832=CARTESIAN_POINT('Origin',(4.99999999999999,2.95,-5.9));
#10833=CARTESIAN_POINT('',(5.39999999999999,3.05,-5.9));
#10834=CARTESIAN_POINT('',(5.39999999999999,2.95,-6.));
#10835=CARTESIAN_POINT('Origin',(5.39999999999999,2.95,-5.9));
#10836=CARTESIAN_POINT('',(4.99999999999999,2.95,-6.));
#10837=CARTESIAN_POINT('',(4.99999999999999,3.05,-5.9));
#10838=CARTESIAN_POINT('Origin',(4.99999999999999,3.05,-6.));
#10839=CARTESIAN_POINT('',(5.39999999999999,1.65,-6.));
#10840=CARTESIAN_POINT('',(4.99999999999999,1.65,-6.));
#10841=CARTESIAN_POINT('',(5.39999999999999,1.55,-6.));
#10842=CARTESIAN_POINT('Origin',(4.99999999999999,1.65,-5.9));
#10843=CARTESIAN_POINT('',(5.39999999999999,1.55,-5.9));
#10844=CARTESIAN_POINT('Origin',(5.39999999999999,1.65,-5.9));
#10845=CARTESIAN_POINT('',(4.99999999999999,1.55,-5.9));
#10846=CARTESIAN_POINT('Origin',(2.3,5.4,-5.09750001507217));
#10847=CARTESIAN_POINT('',(2.3,5.4,-4.55));
#10848=CARTESIAN_POINT('Origin',(5.,3.05,-4.19500003014435));
#10849=CARTESIAN_POINT('',(5.4,3.05,-4.55));
#10850=CARTESIAN_POINT('',(5.088,3.05,-4.55));
#10851=CARTESIAN_POINT('',(5.4,3.05,-3.8400000602887));
#10852=CARTESIAN_POINT('Origin',(2.3,4.95,-4.54999999999999));
#10853=CARTESIAN_POINT('',(2.50749999246391,4.95,-4.49999999999999));
#10854=CARTESIAN_POINT('Origin',(4.99999999999999,1.55,-6.));
#10855=CARTESIAN_POINT('',(5.4,1.55,-4.55));
#10856=CARTESIAN_POINT('',(5.4,1.55,-4.55));
#10857=CARTESIAN_POINT('',(5.088,1.55,-4.54999999999999));
#10858=CARTESIAN_POINT('Origin',(4.95,2.3,-4.54999999999999));
#10859=CARTESIAN_POINT('',(4.95,1.55,-4.49999999999999));
#10860=CARTESIAN_POINT('Origin',(4.95,1.55,-4.54999999999999));
#10861=CARTESIAN_POINT('',(4.95,3.05,-4.49999999999999));
#10862=CARTESIAN_POINT('',(4.94999999999999,3.5,-4.50000000000001));
#10863=CARTESIAN_POINT('Origin',(4.95,3.05,-4.54999999999999));
#10864=CARTESIAN_POINT('Origin',(5.4,2.3,-5.09750001507218));
#10865=CARTESIAN_POINT('',(5.4,2.3,-4.55));
#10866=CARTESIAN_POINT('Origin',(5.30499996985564,0.,-4.1));
#10867=CARTESIAN_POINT('',(4.94999999999999,0.,-4.5));
#10868=CARTESIAN_POINT('',(5.65999993971129,0.,-4.5));
#10869=CARTESIAN_POINT('',(4.94999999999999,0.,-4.188));
#10870=CARTESIAN_POINT('Origin',(2.3,4.95,-4.54999999999999));
#10871=CARTESIAN_POINT('Origin',(5.4,3.05,-4.54999999999999));
#10872=CARTESIAN_POINT('',(5.32416573867739,3.05,-4.3));
#10873=CARTESIAN_POINT('Origin',(4.94999999999999,3.05,-4.05));
#10874=CARTESIAN_POINT('Origin',(4.95,3.05,-4.54999999999999));
#10875=CARTESIAN_POINT('Origin',(2.71499998492782,3.5,-4.5));
#10876=CARTESIAN_POINT('',(4.94999999999999,3.5,-4.50000000000001));
#10877=CARTESIAN_POINT('',(4.94999999999999,3.5,-4.50000000000001));
#10878=CARTESIAN_POINT('Origin',(5.,1.55,-4.55));
#10879=CARTESIAN_POINT('',(5.32416573867739,1.55,-4.3));
#10880=CARTESIAN_POINT('Origin',(4.94999999999999,1.55,-4.05));
#10881=CARTESIAN_POINT('Origin',(4.95,1.55,-4.54999999999999));
#10882=CARTESIAN_POINT('Origin',(4.94999999999999,0.,-4.5));
#10883=CARTESIAN_POINT('Origin',(4.94999999999999,0.,-4.05));
#10884=CARTESIAN_POINT('',(4.99999999999999,0.,-4.05));
#10885=CARTESIAN_POINT('',(4.99999999999999,0.,-4.05));
#10886=CARTESIAN_POINT('Origin',(4.94999999999999,0.,-4.05));
#10887=CARTESIAN_POINT('Origin',(4.95,2.3,-4.54999999999999));
#10888=CARTESIAN_POINT('Origin',(4.95,3.05,-4.54999999999999));
#10889=CARTESIAN_POINT('Origin',(4.95,1.55,-4.54999999999999));
#10890=CARTESIAN_POINT('Origin',(4.94999999999999,5.35,-4.50000000000001));
#10891=CARTESIAN_POINT('',(4.99999999999999,5.35,-4.05));
#10892=CARTESIAN_POINT('Origin',(4.94999999999999,5.35,-4.05));
#10893=CARTESIAN_POINT('',(2.7,5.35,-4.05));
#10894=CARTESIAN_POINT('Origin',(4.94999999999999,5.35,-4.05));
#10895=CARTESIAN_POINT('Origin',(4.94999999999999,3.5,-4.05));
#10896=CARTESIAN_POINT('Origin',(4.94999999999999,3.05,-4.05));
#10897=CARTESIAN_POINT('Origin',(4.94999999999999,3.5,-4.05));
#10898=CARTESIAN_POINT('Origin',(4.94999999999999,1.55,-4.05));
#10899=CARTESIAN_POINT('Origin',(5.,0.,0.304999969855647));
#10900=CARTESIAN_POINT('',(5.,0.,-0.05));
#10901=CARTESIAN_POINT('',(5.088,0.,-0.0500000000000012));
#10902=CARTESIAN_POINT('',(5.,0.,0.659999939711293));
#10903=CARTESIAN_POINT('Origin',(4.94999999999999,3.5,-4.05));
#10904=CARTESIAN_POINT('',(4.99999999999999,1.55,-4.05));
#10905=CARTESIAN_POINT('Origin',(4.94999999999999,1.55,-4.05));
#10906=CARTESIAN_POINT('',(4.99999999999999,5.25,-4.05));
#10907=CARTESIAN_POINT('Origin',(5.4,1.55,-2.69999999999999));
#10908=CARTESIAN_POINT('',(5.,1.55,-2.69999999999999));
#10909=CARTESIAN_POINT('',(5.,1.55,-2.39875000753608));
#10910=CARTESIAN_POINT('',(5.4,1.55,-2.69999999999999));
#10911=CARTESIAN_POINT('Origin',(5.4,1.65,-2.69999999999999));
#10912=CARTESIAN_POINT('',(5.,1.65,-2.59999999999999));
#10913=CARTESIAN_POINT('Origin',(5.,1.65,-2.69999999999999));
#10914=CARTESIAN_POINT('',(5.4,1.65,-2.59999999999999));
#10915=CARTESIAN_POINT('Origin',(5.4,2.95,-2.59999999999999));
#10916=CARTESIAN_POINT('',(5.,2.95,-2.59999999999999));
#10917=CARTESIAN_POINT('',(5.,3.225,-2.59999999999999));
#10918=CARTESIAN_POINT('',(5.4,2.95,-2.59999999999999));
#10919=CARTESIAN_POINT('Origin',(5.4,2.95,-2.69999999999999));
#10920=CARTESIAN_POINT('',(5.,3.05,-2.69999999999999));
#10921=CARTESIAN_POINT('Origin',(5.,2.95,-2.69999999999999));
#10922=CARTESIAN_POINT('',(5.4,3.05,-2.69999999999999));
#10923=CARTESIAN_POINT('Origin',(5.4,3.05,-4.49999999999999));
#10924=CARTESIAN_POINT('',(4.99999999999999,3.05,-4.05));
#10925=CARTESIAN_POINT('',(4.99999999999999,3.05,-3.29875000753609));
#10926=CARTESIAN_POINT('Origin',(4.94999999999999,3.05,-4.05));
#10927=CARTESIAN_POINT('Origin',(4.94999999999999,3.5,-4.05));
#10928=CARTESIAN_POINT('',(4.99999999999999,5.25,-4.05));
#10929=CARTESIAN_POINT('Origin',(5.4,5.35,-3.85));
#10930=CARTESIAN_POINT('',(4.99999999999999,5.35,-3.95));
#10931=CARTESIAN_POINT('',(5.4,5.35,-3.95));
#10932=CARTESIAN_POINT('',(4.99999999999999,5.35,-2.97375000753609));
#10933=CARTESIAN_POINT('Origin',(5.4,5.45,-3.95));
#10934=CARTESIAN_POINT('',(4.99999999999999,5.45,-3.85));
#10935=CARTESIAN_POINT('Origin',(5.,5.45,-3.95));
#10936=CARTESIAN_POINT('',(5.4,5.45,-3.85));
#10937=CARTESIAN_POINT('Origin',(5.4,7.,-3.85));
#10938=CARTESIAN_POINT('',(4.99999999999999,5.25,-3.85));
#10939=CARTESIAN_POINT('Origin',(5.4,0.,-0.0500000000000017));
#10940=CARTESIAN_POINT('Origin',(4.95,0.,-0.05));
#10941=CARTESIAN_POINT('',(4.95,1.11022302462516E-15,0.));
#10942=CARTESIAN_POINT('Origin',(4.95,0.,-0.05));
#10943=CARTESIAN_POINT('Origin',(5.,3.5,-2.09750001507218));
#10944=CARTESIAN_POINT('',(5.,3.5,-0.0500000000000012));
#10945=CARTESIAN_POINT('Origin',(-5.,7.,0.304999969855647));
#10946=CARTESIAN_POINT('Origin',(4.95,7.,-0.05));
#10947=CARTESIAN_POINT('Origin',(4.95,7.,-0.05));
#10948=CARTESIAN_POINT('Origin',(4.95,3.5,-0.05));
#10949=CARTESIAN_POINT('Origin',(-5.4,0.,0.));
#10950=CARTESIAN_POINT('',(-4.95,0.,-1.11022302462516E-15));
#10951=CARTESIAN_POINT('Origin',(4.95,3.5,-0.05));
#10952=CARTESIAN_POINT('Origin',(-5.,0.,-0.0500000000000012));
#10953=CARTESIAN_POINT('',(-5.,0.,-0.0500000000000012));
#10954=CARTESIAN_POINT('',(-5.088,0.,-0.05));
#10955=CARTESIAN_POINT('Origin',(-4.95,0.,-0.0500000000000012));
#10956=CARTESIAN_POINT('Origin',(-4.95,0.,-0.0500000000000012));
#10957=CARTESIAN_POINT('Origin',(-5.,7.,0.304999969855647));
#10958=CARTESIAN_POINT('',(-5.,7.,-0.0500000000000006));
#10959=CARTESIAN_POINT('',(-5.088,7.,-0.05));
#10960=CARTESIAN_POINT('Origin',(-4.95,7.,-0.0500000000000006));
#10961=CARTESIAN_POINT('Origin',(-4.95,7.,-0.0500000000000006));
#10962=CARTESIAN_POINT('Origin',(-4.95,3.5,-0.0500000000000012));
#10963=CARTESIAN_POINT('Origin',(-5.,2.3,-5.09750001507217));
#10964=CARTESIAN_POINT('',(-4.99999999999999,1.65,-6.));
#10965=CARTESIAN_POINT('',(-4.99999999999999,1.55,-5.9));
#10966=CARTESIAN_POINT('Origin',(-4.99999999999999,1.65,-5.9));
#10967=CARTESIAN_POINT('',(-4.99999999999999,2.95,-6.));
#10968=CARTESIAN_POINT('',(-4.99999999999999,1.55,-6.));
#10969=CARTESIAN_POINT('',(-4.99999999999999,3.05,-5.9));
#10970=CARTESIAN_POINT('Origin',(-4.99999999999999,2.95,-5.9));
#10971=CARTESIAN_POINT('',(-5.,3.05,-4.55));
#10972=CARTESIAN_POINT('',(-5.,3.05,-3.8400000602887));
#10973=CARTESIAN_POINT('',(-5.,1.55,-4.55));
#10974=CARTESIAN_POINT('',(-5.,2.3,-4.55));
#10975=CARTESIAN_POINT('',(-5.,1.55,-3.8400000602887));
#10976=CARTESIAN_POINT('Origin',(-4.99999999999999,3.05,-6.));
#10977=CARTESIAN_POINT('',(-5.39999999999999,1.65,-6.));
#10978=CARTESIAN_POINT('',(-4.99999999999999,1.65,-6.));
#10979=CARTESIAN_POINT('',(-5.39999999999999,2.95,-6.));
#10980=CARTESIAN_POINT('',(-5.39999999999999,1.55,-6.));
#10981=CARTESIAN_POINT('',(-4.99999999999999,2.95,-6.));
#10982=CARTESIAN_POINT('Origin',(-4.99999999999999,2.95,-5.9));
#10983=CARTESIAN_POINT('',(-5.39999999999999,3.05,-5.9));
#10984=CARTESIAN_POINT('Origin',(-5.39999999999999,2.95,-5.9));
#10985=CARTESIAN_POINT('',(-4.99999999999999,3.05,-5.9));
#10986=CARTESIAN_POINT('Origin',(-5.,3.05,-4.19500003014435));
#10987=CARTESIAN_POINT('',(-5.4,3.05,-4.55));
#10988=CARTESIAN_POINT('',(-5.4,3.05,-3.8400000602887));
#10989=CARTESIAN_POINT('',(-5.088,3.05,-4.55));
#10990=CARTESIAN_POINT('Origin',(-4.99999999999999,1.55,-6.));
#10991=CARTESIAN_POINT('',(-5.39999999999999,1.55,-5.9));
#10992=CARTESIAN_POINT('',(-4.99999999999999,1.55,-5.9));
#10993=CARTESIAN_POINT('',(-5.4,1.55,-4.55));
#10994=CARTESIAN_POINT('',(-5.088,1.55,-4.54999999999999));
#10995=CARTESIAN_POINT('',(-5.4,1.55,-4.55));
#10996=CARTESIAN_POINT('Origin',(-4.99999999999999,1.65,-5.9));
#10997=CARTESIAN_POINT('Origin',(-5.39999999999999,1.65,-5.9));
#10998=CARTESIAN_POINT('Origin',(-5.4,2.95,-2.59999999999999));
#10999=CARTESIAN_POINT('',(-5.,1.65,-2.59999999999999));
#11000=CARTESIAN_POINT('',(-5.,2.95,-2.59999999999999));
#11001=CARTESIAN_POINT('',(-4.99999999999999,3.225,-2.59999999999999));
#11002=CARTESIAN_POINT('',(-5.4,1.65,-2.59999999999999));
#11003=CARTESIAN_POINT('',(-5.4,2.95,-2.59999999999999));
#11004=CARTESIAN_POINT('Origin',(-5.4,1.65,-2.69999999999999));
#11005=CARTESIAN_POINT('',(-4.99999999999999,1.55,-2.69999999999999));
#11006=CARTESIAN_POINT('Origin',(-5.,1.65,-2.69999999999999));
#11007=CARTESIAN_POINT('',(-5.4,1.55,-2.69999999999999));
#11008=CARTESIAN_POINT('Origin',(-4.99999999999999,0.,-4.5));
#11009=CARTESIAN_POINT('',(-4.99999999999999,0.,-4.05));
#11010=CARTESIAN_POINT('',(-4.99999999999999,0.,-4.05));
#11011=CARTESIAN_POINT('',(-5.,0.,0.659999939711293));
#11012=CARTESIAN_POINT('Origin',(-4.95,3.5,-0.0500000000000012));
#11013=CARTESIAN_POINT('',(-5.,3.5,-0.0500000000000017));
#11014=CARTESIAN_POINT('Origin',(-5.,7.,0.304999969855647));
#11015=CARTESIAN_POINT('',(-5.,7.,0.659999939711294));
#11016=CARTESIAN_POINT('Origin',(-5.4,5.45,-3.95));
#11017=CARTESIAN_POINT('',(-4.99999999999999,5.35,-3.95));
#11018=CARTESIAN_POINT('Origin',(-5.,5.45,-3.95));
#11019=CARTESIAN_POINT('',(-5.4,5.35,-3.95));
#11020=CARTESIAN_POINT('Origin',(-5.4,2.95,-2.69999999999999));
#11021=CARTESIAN_POINT('',(-4.99999999999999,3.05,-2.69999999999999));
#11022=CARTESIAN_POINT('Origin',(-5.,2.95,-2.69999999999999));
#11023=CARTESIAN_POINT('',(-5.4,3.05,-2.69999999999999));
#11024=CARTESIAN_POINT('Origin',(-5.4,5.35,-3.85));
#11025=CARTESIAN_POINT('',(-4.99999999999999,5.35,-4.05));
#11026=CARTESIAN_POINT('',(-4.99999999999999,5.35,-2.97375000753609));
#11027=CARTESIAN_POINT('',(-2.7,5.35,-4.05));
#11028=CARTESIAN_POINT('Origin',(-4.95,3.5,-4.05));
#11029=CARTESIAN_POINT('',(-5.32416573867739,3.05,-4.29999999999999));
#11030=CARTESIAN_POINT('Origin',(-4.95,3.05,-4.05));
#11031=CARTESIAN_POINT('Origin',(-4.95,3.05,-4.05));
#11032=CARTESIAN_POINT('Origin',(-4.95,5.35,-4.05));
#11033=CARTESIAN_POINT('Origin',(-4.95,2.3,-4.54999999999999));
#11034=CARTESIAN_POINT('Origin',(-4.95,3.05,-4.54999999999999));
#11035=CARTESIAN_POINT('Origin',(-4.95,1.55,-4.54999999999999));
#11036=CARTESIAN_POINT('Origin',(-4.95,3.5,-4.05));
#11037=CARTESIAN_POINT('',(-5.32416573867739,1.55,-4.29999999999999));
#11038=CARTESIAN_POINT('Origin',(-4.95,1.55,-4.05));
#11039=CARTESIAN_POINT('Origin',(-4.95,1.55,-4.05));
#11040=CARTESIAN_POINT('Origin',(-4.95,0.,-4.05));
#11041=CARTESIAN_POINT('Origin',(-4.95,0.,-4.1));
#11042=CARTESIAN_POINT('',(-4.94999999999999,0.,-4.188));
#11043=CARTESIAN_POINT('Origin',(-4.95,0.,-4.05));
#11044=CARTESIAN_POINT('Origin',(-5.4,3.05,-4.54999999999999));
#11045=CARTESIAN_POINT('Origin',(-4.95,3.05,-4.54999999999999));
#11046=CARTESIAN_POINT('Origin',(-5.4,1.55,-2.69999999999999));
#11047=CARTESIAN_POINT('Origin',(-4.95,1.55,-4.54999999999999));
#11048=CARTESIAN_POINT('',(-4.99999999999999,1.55,-4.05));
#11049=CARTESIAN_POINT('',(-5.,1.55,-2.39875000753608));
#11050=CARTESIAN_POINT('Origin',(-4.95,1.55,-4.05));
#11051=CARTESIAN_POINT('Origin',(-5.,1.55,-4.55));
#11052=CARTESIAN_POINT('Origin',(-4.95,1.55,-4.54999999999999));
#11053=CARTESIAN_POINT('Origin',(-5.4,2.3,-5.09750001507218));
#11054=CARTESIAN_POINT('',(-5.4,2.3,-4.55));
#11055=CARTESIAN_POINT('Origin',(-5.,3.5,-2.09750001507218));
#11056=CARTESIAN_POINT('',(-4.99999999999999,1.75,-4.05));
#11057=CARTESIAN_POINT('',(-4.99999999999999,3.05,-4.05));
#11058=CARTESIAN_POINT('',(-4.99999999999999,3.05,-3.29875000753609));
#11059=CARTESIAN_POINT('',(-4.99999999999999,1.75,-4.05));
#11060=CARTESIAN_POINT('Origin',(-5.4,3.05,-4.49999999999999));
#11061=CARTESIAN_POINT('Origin',(-4.95,3.05,-4.54999999999999));
#11062=CARTESIAN_POINT('Origin',(-4.95,3.05,-4.05));
#11063=CARTESIAN_POINT('Origin',(-4.94999999999999,5.35,-4.50000000000001));
#11064=CARTESIAN_POINT('',(-4.95000000000001,5.35,-1.8));
#11065=CARTESIAN_POINT('Origin',(-4.95,5.35,-4.05));
#11066=CARTESIAN_POINT('Origin',(-2.2,5.,-6.));
#11067=CARTESIAN_POINT('',(-2.4,5.,-6.));
#11068=CARTESIAN_POINT('',(-2.4,5.4,-6.));
#11069=CARTESIAN_POINT('Origin',(-2.3,5.,-5.09750001507217));
#11070=CARTESIAN_POINT('',(-2.3,5.,-4.55));
#11071=CARTESIAN_POINT('Origin',(-2.3,4.95,-4.55));
#11072=CARTESIAN_POINT('Origin',(-0.174999999999992,3.085,-4.29999999999999));
#11073=CARTESIAN_POINT('',(-0.174999999999992,3.035,-4.29999999999999));
#11074=CARTESIAN_POINT('Origin',(-0.124999999999998,3.035,-4.50000000000001));
#11075=CARTESIAN_POINT('',(-1.075,3.035,-4.50000000000001));
#11076=CARTESIAN_POINT('Origin',(-1.075,2.985,-4.50000000000001));
#11077=CARTESIAN_POINT('',(-1.125,2.985,-4.50000000000001));
#11078=CARTESIAN_POINT('Origin',(-1.125,3.035,-4.50000000000001));
#11079=CARTESIAN_POINT('',(-1.125,1.415,-4.50000000000001));
#11080=CARTESIAN_POINT('Origin',(-1.075,1.415,-4.50000000000001));
#11081=CARTESIAN_POINT('',(-1.075,1.365,-4.50000000000001));
#11082=CARTESIAN_POINT('Origin',(-1.125,1.365,-4.50000000000001));
#11083=CARTESIAN_POINT('',(-0.174999999999992,1.365,-4.29999999999999));
#11084=CARTESIAN_POINT('Origin',(-0.174999999999992,1.315,-4.29999999999999));
#11085=CARTESIAN_POINT('Origin',(-0.124999999999993,0.,-4.09999999999998));
#11086=CARTESIAN_POINT('Origin',(-4.95,3.5,-4.05));
#11087=CARTESIAN_POINT('Origin',(-4.95,2.3,-4.54999999999999));
#11088=CARTESIAN_POINT('Origin',(-4.95,3.5,-4.05));
#11089=CARTESIAN_POINT('Origin',(-5.50499996985564,5.35,-4.50000000000001));
#11090=CARTESIAN_POINT('Origin',(-2.3,5.4,-5.09750001507217));
#11091=CARTESIAN_POINT('',(-2.3,5.4,-4.55));
#11092=CARTESIAN_POINT('Origin',(-5.50499996985564,5.35,-4.50000000000001));
#11093=CARTESIAN_POINT('Origin',(-2.3,4.95,-4.55));
#11094=CARTESIAN_POINT('',(0.,0.,0.));
#11095=CARTESIAN_POINT('Origin',(1.175,-2.85,2.));
#11096=CARTESIAN_POINT('',(1.76,-2.85,1.7));
#11097=CARTESIAN_POINT('',(1.76,-2.85,2.));
#11098=CARTESIAN_POINT('',(1.76,-2.85,1.54999997764826));
#11099=CARTESIAN_POINT('',(1.825,-2.85,1.7));
#11100=CARTESIAN_POINT('',(1.175,-2.85,1.7));
#11101=CARTESIAN_POINT('',(1.825,-2.85,2.));
#11102=CARTESIAN_POINT('',(1.825,-2.85,2.));
#11103=CARTESIAN_POINT('',(3.0875,-2.85,2.));
#11104=CARTESIAN_POINT('Origin',(1.175,-2.85,2.));
#11105=CARTESIAN_POINT('',(1.24,-2.85,2.));
#11106=CARTESIAN_POINT('',(1.24,-2.85,1.7));
#11107=CARTESIAN_POINT('',(1.24,-2.85,1.99999997764826));
#11108=CARTESIAN_POINT('',(1.175,-2.85,2.));
#11109=CARTESIAN_POINT('',(3.0875,-2.85,2.));
#11110=CARTESIAN_POINT('',(1.175,-2.85,1.7));
#11111=CARTESIAN_POINT('',(1.175,-2.85,2.));
#11112=CARTESIAN_POINT('',(1.175,-2.85,1.7));
#11113=CARTESIAN_POINT('Origin',(1.175,-4.05,2.));
#11114=CARTESIAN_POINT('',(1.175,-3.85,1.7));
#11115=CARTESIAN_POINT('',(1.175,-3.55,2.));
#11116=CARTESIAN_POINT('',(1.175,-3.8,1.75));
#11117=CARTESIAN_POINT('',(1.175,-4.05,1.7));
#11118=CARTESIAN_POINT('',(1.175,-2.025,2.));
#11119=CARTESIAN_POINT('Origin',(1.825,-2.85,2.));
#11120=CARTESIAN_POINT('',(1.825,-3.55,2.));
#11121=CARTESIAN_POINT('',(1.825,-3.85,1.7));
#11122=CARTESIAN_POINT('',(1.825,-3.5,2.05));
#11123=CARTESIAN_POINT('',(1.825,-1.425,2.));
#11124=CARTESIAN_POINT('',(1.825,-2.85,1.7));
#11125=CARTESIAN_POINT('Origin',(-2.825,-2.85,2.));
#11126=CARTESIAN_POINT('',(-2.24,-2.85,1.7));
#11127=CARTESIAN_POINT('',(-2.24,-2.85,2.));
#11128=CARTESIAN_POINT('',(-2.24,-2.85,1.54999997764826));
#11129=CARTESIAN_POINT('',(-2.175,-2.85,1.7));
#11130=CARTESIAN_POINT('',(-2.825,-2.85,1.7));
#11131=CARTESIAN_POINT('',(-2.175,-2.85,2.));
#11132=CARTESIAN_POINT('',(-2.175,-2.85,2.));
#11133=CARTESIAN_POINT('',(1.0875,-2.85,2.));
#11134=CARTESIAN_POINT('Origin',(-2.825,-2.85,2.));
#11135=CARTESIAN_POINT('',(-2.76,-2.85,2.));
#11136=CARTESIAN_POINT('',(-2.76,-2.85,1.7));
#11137=CARTESIAN_POINT('',(-2.76,-2.85,1.99999997764826));
#11138=CARTESIAN_POINT('',(-2.825,-2.85,2.));
#11139=CARTESIAN_POINT('',(1.0875,-2.85,2.));
#11140=CARTESIAN_POINT('',(-2.825,-2.85,1.7));
#11141=CARTESIAN_POINT('',(-2.825,-2.85,2.));
#11142=CARTESIAN_POINT('',(-2.825,-2.85,1.7));
#11143=CARTESIAN_POINT('Origin',(-2.825,-4.05,2.));
#11144=CARTESIAN_POINT('',(-2.825,-3.85,1.7));
#11145=CARTESIAN_POINT('',(-2.825,-3.55,2.));
#11146=CARTESIAN_POINT('',(-2.825,-3.8,1.75));
#11147=CARTESIAN_POINT('',(-2.825,-4.05,1.7));
#11148=CARTESIAN_POINT('',(-2.825,-2.025,2.));
#11149=CARTESIAN_POINT('Origin',(-2.175,-2.85,2.));
#11150=CARTESIAN_POINT('',(-2.175,-3.55,2.));
#11151=CARTESIAN_POINT('',(-2.175,-3.85,1.7));
#11152=CARTESIAN_POINT('',(-2.175,-3.5,2.05));
#11153=CARTESIAN_POINT('',(-2.175,-1.425,2.));
#11154=CARTESIAN_POINT('',(-2.175,-2.85,1.7));
#11155=CARTESIAN_POINT('Origin',(-1.825,-2.85,2.));
#11156=CARTESIAN_POINT('',(-1.24,-2.85,1.7));
#11157=CARTESIAN_POINT('',(-1.24,-2.85,2.));
#11158=CARTESIAN_POINT('',(-1.24,-2.85,1.54999997764826));
#11159=CARTESIAN_POINT('',(-1.175,-2.85,1.7));
#11160=CARTESIAN_POINT('',(-1.825,-2.85,1.7));
#11161=CARTESIAN_POINT('',(-1.175,-2.85,2.));
#11162=CARTESIAN_POINT('',(-1.175,-2.85,2.));
#11163=CARTESIAN_POINT('',(1.5875,-2.85,2.));
#11164=CARTESIAN_POINT('Origin',(-1.825,-2.85,2.));
#11165=CARTESIAN_POINT('',(-1.76,-2.85,2.));
#11166=CARTESIAN_POINT('',(-1.76,-2.85,1.7));
#11167=CARTESIAN_POINT('',(-1.76,-2.85,1.99999997764826));
#11168=CARTESIAN_POINT('',(-1.825,-2.85,2.));
#11169=CARTESIAN_POINT('',(1.5875,-2.85,2.));
#11170=CARTESIAN_POINT('',(-1.825,-2.85,1.7));
#11171=CARTESIAN_POINT('',(-1.825,-2.85,2.));
#11172=CARTESIAN_POINT('',(-1.825,-2.85,1.7));
#11173=CARTESIAN_POINT('Origin',(-1.825,-4.05,2.));
#11174=CARTESIAN_POINT('',(-1.825,-3.85,1.7));
#11175=CARTESIAN_POINT('',(-1.825,-3.55,2.));
#11176=CARTESIAN_POINT('',(-1.825,-3.8,1.75));
#11177=CARTESIAN_POINT('',(-1.825,-4.05,1.7));
#11178=CARTESIAN_POINT('',(-1.825,-2.025,2.));
#11179=CARTESIAN_POINT('Origin',(-1.175,-2.85,2.));
#11180=CARTESIAN_POINT('',(-1.175,-3.55,2.));
#11181=CARTESIAN_POINT('',(-1.175,-3.85,1.7));
#11182=CARTESIAN_POINT('',(-1.175,-3.5,2.05));
#11183=CARTESIAN_POINT('',(-1.175,-1.425,2.));
#11184=CARTESIAN_POINT('',(-1.175,-2.85,1.7));
#11185=CARTESIAN_POINT('Origin',(2.175,-2.85,2.));
#11186=CARTESIAN_POINT('',(2.76,-2.85,1.7));
#11187=CARTESIAN_POINT('',(2.76,-2.85,2.));
#11188=CARTESIAN_POINT('',(2.76,-2.85,1.54999997764826));
#11189=CARTESIAN_POINT('',(2.825,-2.85,1.7));
#11190=CARTESIAN_POINT('',(2.175,-2.85,1.7));
#11191=CARTESIAN_POINT('',(2.825,-2.85,2.));
#11192=CARTESIAN_POINT('',(2.825,-2.85,2.));
#11193=CARTESIAN_POINT('',(3.5875,-2.85,2.));
#11194=CARTESIAN_POINT('Origin',(2.175,-2.85,2.));
#11195=CARTESIAN_POINT('',(2.24,-2.85,2.));
#11196=CARTESIAN_POINT('',(2.24,-2.85,1.7));
#11197=CARTESIAN_POINT('',(2.24,-2.85,1.99999997764826));
#11198=CARTESIAN_POINT('',(2.175,-2.85,2.));
#11199=CARTESIAN_POINT('',(3.5875,-2.85,2.));
#11200=CARTESIAN_POINT('',(2.175,-2.85,1.7));
#11201=CARTESIAN_POINT('',(2.175,-2.85,2.));
#11202=CARTESIAN_POINT('',(2.175,-2.85,1.7));
#11203=CARTESIAN_POINT('Origin',(2.175,-4.05,2.));
#11204=CARTESIAN_POINT('',(2.175,-3.85,1.7));
#11205=CARTESIAN_POINT('',(2.175,-3.55,2.));
#11206=CARTESIAN_POINT('',(2.175,-3.8,1.75));
#11207=CARTESIAN_POINT('',(2.175,-4.05,1.7));
#11208=CARTESIAN_POINT('',(2.175,-2.025,2.));
#11209=CARTESIAN_POINT('Origin',(2.825,-2.85,2.));
#11210=CARTESIAN_POINT('',(2.825,-3.55,2.));
#11211=CARTESIAN_POINT('',(2.825,-3.85,1.7));
#11212=CARTESIAN_POINT('',(2.825,-3.5,2.05));
#11213=CARTESIAN_POINT('',(2.825,-1.425,2.));
#11214=CARTESIAN_POINT('',(2.825,-2.85,1.7));
#11215=CARTESIAN_POINT('Origin',(0.175,-2.85,2.));
#11216=CARTESIAN_POINT('',(0.760000000000002,-2.85,1.7));
#11217=CARTESIAN_POINT('',(0.76,-2.85,2.));
#11218=CARTESIAN_POINT('',(0.760000000000002,-2.85,1.54999997764826));
#11219=CARTESIAN_POINT('',(0.825,-2.85,1.7));
#11220=CARTESIAN_POINT('',(0.175,-2.85,1.7));
#11221=CARTESIAN_POINT('',(0.825,-2.85,2.));
#11222=CARTESIAN_POINT('',(0.825,-2.85,2.));
#11223=CARTESIAN_POINT('',(2.5875,-2.85,2.));
#11224=CARTESIAN_POINT('Origin',(0.175,-2.85,2.));
#11225=CARTESIAN_POINT('',(0.24,-2.85,2.));
#11226=CARTESIAN_POINT('',(0.240000000000002,-2.85,1.7));
#11227=CARTESIAN_POINT('',(0.24,-2.85,1.99999997764826));
#11228=CARTESIAN_POINT('',(0.175,-2.85,2.));
#11229=CARTESIAN_POINT('',(2.5875,-2.85,2.));
#11230=CARTESIAN_POINT('',(0.175,-2.85,1.7));
#11231=CARTESIAN_POINT('',(0.175,-2.85,2.));
#11232=CARTESIAN_POINT('',(0.175,-2.85,1.7));
#11233=CARTESIAN_POINT('Origin',(0.175,-4.05,2.));
#11234=CARTESIAN_POINT('',(0.175,-3.85,1.7));
#11235=CARTESIAN_POINT('',(0.175,-3.55,2.));
#11236=CARTESIAN_POINT('',(0.175,-3.8,1.75));
#11237=CARTESIAN_POINT('',(0.175,-4.05,1.7));
#11238=CARTESIAN_POINT('',(0.175,-2.025,2.));
#11239=CARTESIAN_POINT('Origin',(0.825,-2.85,2.));
#11240=CARTESIAN_POINT('',(0.825,-3.55,2.));
#11241=CARTESIAN_POINT('',(0.825,-3.85,1.7));
#11242=CARTESIAN_POINT('',(0.825,-3.5,2.05));
#11243=CARTESIAN_POINT('',(0.825,-1.425,2.));
#11244=CARTESIAN_POINT('',(0.825,-2.85,1.7));
#11245=CARTESIAN_POINT('Origin',(-3.825,-2.85,2.));
#11246=CARTESIAN_POINT('',(-3.24,-2.85,1.7));
#11247=CARTESIAN_POINT('',(-3.24,-2.85,2.));
#11248=CARTESIAN_POINT('',(-3.24,-2.85,1.54999997764826));
#11249=CARTESIAN_POINT('',(-3.175,-2.85,1.7));
#11250=CARTESIAN_POINT('',(-3.825,-2.85,1.7));
#11251=CARTESIAN_POINT('',(-3.175,-2.85,2.));
#11252=CARTESIAN_POINT('',(-3.175,-2.85,2.));
#11253=CARTESIAN_POINT('',(0.587499999999999,-2.85,2.));
#11254=CARTESIAN_POINT('Origin',(-3.825,-2.85,2.));
#11255=CARTESIAN_POINT('',(-3.76,-2.85,2.));
#11256=CARTESIAN_POINT('',(-3.76,-2.85,1.7));
#11257=CARTESIAN_POINT('',(-3.76,-2.85,1.99999997764826));
#11258=CARTESIAN_POINT('',(-3.825,-2.85,2.));
#11259=CARTESIAN_POINT('',(0.587499999999999,-2.85,2.));
#11260=CARTESIAN_POINT('',(-3.825,-2.85,1.7));
#11261=CARTESIAN_POINT('',(-3.825,-2.85,2.));
#11262=CARTESIAN_POINT('',(-3.825,-2.85,1.7));
#11263=CARTESIAN_POINT('Origin',(-3.825,-4.05,2.));
#11264=CARTESIAN_POINT('',(-3.825,-3.85,1.7));
#11265=CARTESIAN_POINT('',(-3.825,-3.55,2.));
#11266=CARTESIAN_POINT('',(-3.825,-3.8,1.75));
#11267=CARTESIAN_POINT('',(-3.825,-4.05,1.7));
#11268=CARTESIAN_POINT('',(-3.825,-2.025,2.));
#11269=CARTESIAN_POINT('Origin',(-3.175,-2.85,2.));
#11270=CARTESIAN_POINT('',(-3.175,-3.55,2.));
#11271=CARTESIAN_POINT('',(-3.175,-3.85,1.7));
#11272=CARTESIAN_POINT('',(-3.175,-3.5,2.05));
#11273=CARTESIAN_POINT('',(-3.175,-1.425,2.));
#11274=CARTESIAN_POINT('',(-3.175,-2.85,1.7));
#11275=CARTESIAN_POINT('Origin',(-0.175000000000001,-2.85,2.));
#11276=CARTESIAN_POINT('',(-0.175000000000001,-3.55,2.));
#11277=CARTESIAN_POINT('',(-0.175000000000001,-3.85,1.7));
#11278=CARTESIAN_POINT('',(-0.175000000000001,-3.5,2.05));
#11279=CARTESIAN_POINT('',(-0.175000000000001,-2.85,2.));
#11280=CARTESIAN_POINT('',(-0.175000000000001,-1.425,2.));
#11281=CARTESIAN_POINT('',(-0.175000000000001,-2.85,1.7));
#11282=CARTESIAN_POINT('',(-0.175000000000001,-2.85,2.));
#11283=CARTESIAN_POINT('',(-0.175000000000001,-2.85,1.7));
#11284=CARTESIAN_POINT('Origin',(-0.825000000000001,-2.85,2.));
#11285=CARTESIAN_POINT('',(-0.76,-2.85,2.));
#11286=CARTESIAN_POINT('',(-0.759999999999998,-2.85,1.7));
#11287=CARTESIAN_POINT('',(-0.76,-2.85,1.99999997764826));
#11288=CARTESIAN_POINT('',(-0.825000000000001,-2.85,2.));
#11289=CARTESIAN_POINT('',(2.0875,-2.85,2.));
#11290=CARTESIAN_POINT('',(-0.825000000000001,-2.85,1.7));
#11291=CARTESIAN_POINT('',(-0.825000000000001,-2.85,2.));
#11292=CARTESIAN_POINT('',(-0.825000000000001,-2.85,1.7));
#11293=CARTESIAN_POINT('Origin',(-0.825000000000001,-2.85,2.));
#11294=CARTESIAN_POINT('',(-0.239999999999999,-2.85,1.7));
#11295=CARTESIAN_POINT('',(-0.240000000000001,-2.85,2.));
#11296=CARTESIAN_POINT('',(-0.239999999999998,-2.85,1.54999997764826));
#11297=CARTESIAN_POINT('',(-0.825000000000001,-2.85,1.7));
#11298=CARTESIAN_POINT('',(2.0875,-2.85,2.));
#11299=CARTESIAN_POINT('Origin',(-0.825000000000001,-4.05,2.));
#11300=CARTESIAN_POINT('',(-0.825000000000001,-3.85,1.7));
#11301=CARTESIAN_POINT('',(-0.825000000000001,-3.55,2.));
#11302=CARTESIAN_POINT('',(-0.825000000000001,-3.8,1.75));
#11303=CARTESIAN_POINT('',(-0.825000000000001,-4.05,1.7));
#11304=CARTESIAN_POINT('',(-0.825,-2.025,2.));
#11305=CARTESIAN_POINT('Origin',(3.175,-2.85,2.));
#11306=CARTESIAN_POINT('',(3.76,-2.85,1.7));
#11307=CARTESIAN_POINT('',(3.76,-2.85,2.));
#11308=CARTESIAN_POINT('',(3.76,-2.85,1.54999997764826));
#11309=CARTESIAN_POINT('',(3.825,-2.85,1.7));
#11310=CARTESIAN_POINT('',(3.175,-2.85,1.7));
#11311=CARTESIAN_POINT('',(3.825,-2.85,2.));
#11312=CARTESIAN_POINT('',(3.825,-2.85,2.));
#11313=CARTESIAN_POINT('',(4.0875,-2.85,2.));
#11314=CARTESIAN_POINT('Origin',(3.175,-2.85,2.));
#11315=CARTESIAN_POINT('',(3.24,-2.85,2.));
#11316=CARTESIAN_POINT('',(3.24,-2.85,1.7));
#11317=CARTESIAN_POINT('',(3.24,-2.85,1.99999997764826));
#11318=CARTESIAN_POINT('',(3.175,-2.85,2.));
#11319=CARTESIAN_POINT('',(4.0875,-2.85,2.));
#11320=CARTESIAN_POINT('',(3.175,-2.85,1.7));
#11321=CARTESIAN_POINT('',(3.175,-2.85,2.));
#11322=CARTESIAN_POINT('',(3.175,-2.85,1.7));
#11323=CARTESIAN_POINT('Origin',(3.175,-4.05,2.));
#11324=CARTESIAN_POINT('',(3.175,-3.85,1.7));
#11325=CARTESIAN_POINT('',(3.175,-3.55,2.));
#11326=CARTESIAN_POINT('',(3.175,-3.8,1.75));
#11327=CARTESIAN_POINT('',(3.175,-4.05,1.7));
#11328=CARTESIAN_POINT('',(3.175,-2.025,2.));
#11329=CARTESIAN_POINT('Origin',(3.825,-2.85,2.));
#11330=CARTESIAN_POINT('',(3.825,-3.55,2.));
#11331=CARTESIAN_POINT('',(3.825,-3.85,1.7));
#11332=CARTESIAN_POINT('',(3.825,-3.5,2.05));
#11333=CARTESIAN_POINT('',(3.825,-1.425,2.));
#11334=CARTESIAN_POINT('',(3.825,-2.85,1.7));
#11335=CARTESIAN_POINT('Origin',(1.24,0.9,1.99999995529652));
#11336=CARTESIAN_POINT('',(1.24,-3.15,1.7));
#11337=CARTESIAN_POINT('',(1.24,-1.275,1.7));
#11338=CARTESIAN_POINT('',(1.24000000000001,-3.15,1.09999995529652));
#11339=CARTESIAN_POINT('',(1.24,-3.15,1.99999995529652));
#11340=CARTESIAN_POINT('',(1.24000000000001,0.9,1.09999995529652));
#11341=CARTESIAN_POINT('',(1.24000000000001,0.9,1.09999995529652));
#11342=CARTESIAN_POINT('',(1.24,0.9,1.99999995529652));
#11343=CARTESIAN_POINT('',(1.24000000000001,0.9,0.999999977648273));
#11344=CARTESIAN_POINT('',(1.24,0.,2.));
#11345=CARTESIAN_POINT('',(1.24,0.9,1.99999995529652));
#11346=CARTESIAN_POINT('',(1.24,0.45,2.));
#11347=CARTESIAN_POINT('Origin',(1.76000000000001,0.9,1.09999995529652));
#11348=CARTESIAN_POINT('',(1.76,-3.15,1.7));
#11349=CARTESIAN_POINT('',(1.76,-1.275,1.7));
#11350=CARTESIAN_POINT('',(1.76,0.,1.99999995529652));
#11351=CARTESIAN_POINT('',(1.76,0.45,2.));
#11352=CARTESIAN_POINT('',(1.76,0.9,1.99999995529652));
#11353=CARTESIAN_POINT('',(1.76,0.9,1.99999995529652));
#11354=CARTESIAN_POINT('',(1.76000000000001,0.9,1.09999995529652));
#11355=CARTESIAN_POINT('',(1.76000000000001,0.9,0.549999977648275));
#11356=CARTESIAN_POINT('',(1.76000000000001,-3.15,1.09999995529652));
#11357=CARTESIAN_POINT('',(1.76000000000001,0.9,1.09999995529652));
#11358=CARTESIAN_POINT('',(1.76000000000001,-3.15,1.09999995529652));
#11359=CARTESIAN_POINT('Origin',(-2.76,0.9,1.99999995529652));
#11360=CARTESIAN_POINT('',(-2.76,-3.15,1.7));
#11361=CARTESIAN_POINT('',(-2.76,-1.275,1.7));
#11362=CARTESIAN_POINT('',(-2.76,-3.15,1.09999995529652));
#11363=CARTESIAN_POINT('',(-2.76,-3.15,1.99999995529652));
#11364=CARTESIAN_POINT('',(-2.76,0.9,1.09999995529652));
#11365=CARTESIAN_POINT('',(-2.76,0.9,1.09999995529652));
#11366=CARTESIAN_POINT('',(-2.76,0.9,1.99999995529652));
#11367=CARTESIAN_POINT('',(-2.76,0.9,0.999999977648262));
#11368=CARTESIAN_POINT('',(-2.76,0.,2.));
#11369=CARTESIAN_POINT('',(-2.76,0.9,1.99999995529652));
#11370=CARTESIAN_POINT('',(-2.76,0.45,2.));
#11371=CARTESIAN_POINT('Origin',(-2.24,0.9,1.09999995529652));
#11372=CARTESIAN_POINT('',(-2.24,-3.15,1.7));
#11373=CARTESIAN_POINT('',(-2.24,-1.275,1.7));
#11374=CARTESIAN_POINT('',(-2.24,0.,1.99999995529652));
#11375=CARTESIAN_POINT('',(-2.24,0.45,2.));
#11376=CARTESIAN_POINT('',(-2.24,0.9,1.99999995529652));
#11377=CARTESIAN_POINT('',(-2.24,0.9,1.99999995529652));
#11378=CARTESIAN_POINT('',(-2.24,0.9,1.09999995529652));
#11379=CARTESIAN_POINT('',(-2.23999999999999,0.9,0.549999977648263));
#11380=CARTESIAN_POINT('',(-2.24,-3.15,1.09999995529652));
#11381=CARTESIAN_POINT('',(-2.24,0.9,1.09999995529652));
#11382=CARTESIAN_POINT('',(-2.24,-3.15,1.09999995529652));
#11383=CARTESIAN_POINT('Origin',(-1.76,0.9,1.99999995529652));
#11384=CARTESIAN_POINT('',(-1.76,-3.15,1.7));
#11385=CARTESIAN_POINT('',(-1.76,-1.275,1.7));
#11386=CARTESIAN_POINT('',(-1.76,-3.15,1.09999995529652));
#11387=CARTESIAN_POINT('',(-1.76,-3.15,1.99999995529652));
#11388=CARTESIAN_POINT('',(-1.76,0.9,1.09999995529652));
#11389=CARTESIAN_POINT('',(-1.76,0.9,1.09999995529652));
#11390=CARTESIAN_POINT('',(-1.76,0.9,1.99999995529652));
#11391=CARTESIAN_POINT('',(-1.75999999999999,0.9,0.999999977648265));
#11392=CARTESIAN_POINT('',(-1.76,0.,2.));
#11393=CARTESIAN_POINT('',(-1.76,0.9,1.99999995529652));
#11394=CARTESIAN_POINT('',(-1.76,0.45,2.));
#11395=CARTESIAN_POINT('Origin',(5.,0.,2.));
#11396=CARTESIAN_POINT('',(3.75,-3.55,2.));
#11397=CARTESIAN_POINT('',(2.5,0.,2.));
#11398=CARTESIAN_POINT('Origin',(-1.24,0.9,1.09999995529652));
#11399=CARTESIAN_POINT('',(-1.24,-3.15,1.7));
#11400=CARTESIAN_POINT('',(-1.24,-1.275,1.7));
#11401=CARTESIAN_POINT('',(-1.24,0.,1.99999995529652));
#11402=CARTESIAN_POINT('',(-1.24,0.45,2.));
#11403=CARTESIAN_POINT('',(-1.24,0.9,1.99999995529652));
#11404=CARTESIAN_POINT('',(-1.24,0.9,1.99999995529652));
#11405=CARTESIAN_POINT('',(-1.24,0.9,1.09999995529652));
#11406=CARTESIAN_POINT('',(-1.23999999999999,0.9,0.549999977648266));
#11407=CARTESIAN_POINT('',(-1.24,-3.15,1.09999995529652));
#11408=CARTESIAN_POINT('',(-1.24,0.9,1.09999995529652));
#11409=CARTESIAN_POINT('',(-1.24,-3.15,1.09999995529652));
#11410=CARTESIAN_POINT('Origin',(5.,0.,2.));
#11411=CARTESIAN_POINT('',(3.75,-3.55,2.));
#11412=CARTESIAN_POINT('',(2.24,0.,2.));
#11413=CARTESIAN_POINT('',(2.24,0.45,2.));
#11414=CARTESIAN_POINT('',(2.5,0.,2.));
#11415=CARTESIAN_POINT('Origin',(2.24,0.9,1.99999995529652));
#11416=CARTESIAN_POINT('',(2.24,-3.15,1.7));
#11417=CARTESIAN_POINT('',(2.24,-1.275,1.7));
#11418=CARTESIAN_POINT('',(2.24000000000001,-3.15,1.09999995529652));
#11419=CARTESIAN_POINT('',(2.24,-3.15,1.99999995529652));
#11420=CARTESIAN_POINT('',(2.24000000000001,0.9,1.09999995529652));
#11421=CARTESIAN_POINT('',(2.24000000000001,0.9,1.09999995529652));
#11422=CARTESIAN_POINT('',(2.24,0.9,1.99999995529652));
#11423=CARTESIAN_POINT('',(2.24000000000001,0.9,0.999999977648276));
#11424=CARTESIAN_POINT('',(2.24,0.9,1.99999995529652));
#11425=CARTESIAN_POINT('Origin',(2.76000000000001,0.9,1.09999995529652));
#11426=CARTESIAN_POINT('',(2.76,-3.15,1.7));
#11427=CARTESIAN_POINT('',(2.76,-1.275,1.7));
#11428=CARTESIAN_POINT('',(2.76,0.,1.99999995529652));
#11429=CARTESIAN_POINT('',(2.76,0.45,2.));
#11430=CARTESIAN_POINT('',(2.76,0.9,1.99999995529652));
#11431=CARTESIAN_POINT('',(2.76,0.9,1.99999995529652));
#11432=CARTESIAN_POINT('',(2.76000000000001,0.9,1.09999995529652));
#11433=CARTESIAN_POINT('',(2.76000000000001,0.9,0.549999977648277));
#11434=CARTESIAN_POINT('',(2.76000000000001,-3.15,1.09999995529652));
#11435=CARTESIAN_POINT('',(2.76000000000001,0.9,1.09999995529652));
#11436=CARTESIAN_POINT('',(2.76000000000001,-3.15,1.09999995529652));
#11437=CARTESIAN_POINT('Origin',(0.24,0.9,1.99999995529652));
#11438=CARTESIAN_POINT('',(0.24,-3.15,1.7));
#11439=CARTESIAN_POINT('',(0.240000000000002,-1.275,1.7));
#11440=CARTESIAN_POINT('',(0.240000000000005,-3.15,1.09999995529652));
#11441=CARTESIAN_POINT('',(0.24,-3.15,1.99999995529652));
#11442=CARTESIAN_POINT('',(0.240000000000005,0.9,1.09999995529652));
#11443=CARTESIAN_POINT('',(0.240000000000005,0.9,1.09999995529652));
#11444=CARTESIAN_POINT('',(0.24,0.9,1.99999995529652));
#11445=CARTESIAN_POINT('',(0.240000000000006,0.9,0.99999997764827));
#11446=CARTESIAN_POINT('',(0.24,0.,2.));
#11447=CARTESIAN_POINT('',(0.24,0.9,1.99999995529652));
#11448=CARTESIAN_POINT('',(0.24,0.45,2.));
#11449=CARTESIAN_POINT('Origin',(0.760000000000005,0.9,1.09999995529652));
#11450=CARTESIAN_POINT('',(0.76,-3.15,1.7));
#11451=CARTESIAN_POINT('',(0.760000000000002,-1.275,1.7));
#11452=CARTESIAN_POINT('',(0.76,0.,1.99999995529652));
#11453=CARTESIAN_POINT('',(0.76,0.45,2.));
#11454=CARTESIAN_POINT('',(0.76,0.9,1.99999995529652));
#11455=CARTESIAN_POINT('',(0.76,0.9,1.99999995529652));
#11456=CARTESIAN_POINT('',(0.760000000000005,0.9,1.09999995529652));
#11457=CARTESIAN_POINT('',(0.760000000000008,0.9,0.549999977648272));
#11458=CARTESIAN_POINT('',(0.760000000000005,-3.15,1.09999995529652));
#11459=CARTESIAN_POINT('',(0.760000000000005,0.9,1.09999995529652));
#11460=CARTESIAN_POINT('',(0.760000000000005,-3.15,1.09999995529652));
#11461=CARTESIAN_POINT('Origin',(-3.76,0.9,1.99999995529652));
#11462=CARTESIAN_POINT('',(-3.76,-3.15,1.7));
#11463=CARTESIAN_POINT('',(-3.76,-1.275,1.7));
#11464=CARTESIAN_POINT('',(-3.76,-3.15,1.09999995529652));
#11465=CARTESIAN_POINT('',(-3.76,-3.15,1.99999995529652));
#11466=CARTESIAN_POINT('',(-3.76,0.9,1.09999995529652));
#11467=CARTESIAN_POINT('',(-3.76,0.9,1.09999995529652));
#11468=CARTESIAN_POINT('',(-3.76,0.9,1.99999995529652));
#11469=CARTESIAN_POINT('',(-3.76,0.9,0.999999977648259));
#11470=CARTESIAN_POINT('',(-3.76,0.,2.));
#11471=CARTESIAN_POINT('',(-3.76,0.9,1.99999995529652));
#11472=CARTESIAN_POINT('',(-3.76,0.45,2.));
#11473=CARTESIAN_POINT('Origin',(-3.24,0.9,1.09999995529652));
#11474=CARTESIAN_POINT('',(-3.24,-3.15,1.7));
#11475=CARTESIAN_POINT('',(-3.24,-1.275,1.7));
#11476=CARTESIAN_POINT('',(-3.24,0.,1.99999995529652));
#11477=CARTESIAN_POINT('',(-3.24,0.45,2.));
#11478=CARTESIAN_POINT('',(-3.24,0.9,1.99999995529652));
#11479=CARTESIAN_POINT('',(-3.24,0.9,1.99999995529652));
#11480=CARTESIAN_POINT('',(-3.24,0.9,1.09999995529652));
#11481=CARTESIAN_POINT('',(-3.23999999999999,0.9,0.549999977648261));
#11482=CARTESIAN_POINT('',(-3.24,-3.15,1.09999995529652));
#11483=CARTESIAN_POINT('',(-3.24,0.9,1.09999995529652));
#11484=CARTESIAN_POINT('',(-3.24,-3.15,1.09999995529652));
#11485=CARTESIAN_POINT('Origin',(-0.76,0.9,1.99999995529652));
#11486=CARTESIAN_POINT('',(-0.76,-3.15,1.7));
#11487=CARTESIAN_POINT('',(-0.759999999999998,-1.275,1.7));
#11488=CARTESIAN_POINT('',(-0.759999999999995,-3.15,1.09999995529652));
#11489=CARTESIAN_POINT('',(-0.76,-3.15,1.99999995529652));
#11490=CARTESIAN_POINT('',(-0.759999999999995,0.9,1.09999995529652));
#11491=CARTESIAN_POINT('',(-0.759999999999995,0.9,1.09999995529652));
#11492=CARTESIAN_POINT('',(-0.76,0.9,1.99999995529652));
#11493=CARTESIAN_POINT('',(-0.759999999999995,0.9,0.999999977648267));
#11494=CARTESIAN_POINT('',(-0.76,0.,2.));
#11495=CARTESIAN_POINT('',(-0.76,0.9,1.99999995529652));
#11496=CARTESIAN_POINT('',(-0.76,0.45,2.));
#11497=CARTESIAN_POINT('Origin',(5.,0.,2.));
#11498=CARTESIAN_POINT('',(3.75,-3.55,2.));
#11499=CARTESIAN_POINT('',(2.5,0.,2.));
#11500=CARTESIAN_POINT('Origin',(3.24,0.9,1.99999995529652));
#11501=CARTESIAN_POINT('',(3.24,-3.15,1.7));
#11502=CARTESIAN_POINT('',(3.24,-1.275,1.7));
#11503=CARTESIAN_POINT('',(3.24000000000001,-3.15,1.09999995529652));
#11504=CARTESIAN_POINT('',(3.24,-3.15,1.99999995529652));
#11505=CARTESIAN_POINT('',(3.24000000000001,0.9,1.09999995529652));
#11506=CARTESIAN_POINT('',(3.24000000000001,0.9,1.09999995529652));
#11507=CARTESIAN_POINT('',(3.24,0.9,1.99999995529652));
#11508=CARTESIAN_POINT('',(3.24000000000001,0.9,0.999999977648276));
#11509=CARTESIAN_POINT('',(3.24,0.,2.));
#11510=CARTESIAN_POINT('',(3.24,0.9,1.99999995529652));
#11511=CARTESIAN_POINT('',(3.24,0.45,2.));
#11512=CARTESIAN_POINT('Origin',(5.,0.,2.));
#11513=CARTESIAN_POINT('',(3.75,-3.55,2.));
#11514=CARTESIAN_POINT('',(2.5,0.,2.));
#11515=CARTESIAN_POINT('Origin',(3.76000000000001,0.9,1.09999995529652));
#11516=CARTESIAN_POINT('',(3.76,-3.15,1.7));
#11517=CARTESIAN_POINT('',(3.76,-1.275,1.7));
#11518=CARTESIAN_POINT('',(3.76,0.,1.99999995529652));
#11519=CARTESIAN_POINT('',(3.76,0.45,2.));
#11520=CARTESIAN_POINT('',(3.76,0.9,1.99999995529652));
#11521=CARTESIAN_POINT('',(3.76,0.9,1.99999995529652));
#11522=CARTESIAN_POINT('',(3.76000000000001,0.9,1.09999995529652));
#11523=CARTESIAN_POINT('',(3.76000000000001,0.9,0.54999997764828));
#11524=CARTESIAN_POINT('',(3.76000000000001,-3.15,1.09999995529652));
#11525=CARTESIAN_POINT('',(3.76000000000001,0.9,1.09999995529652));
#11526=CARTESIAN_POINT('',(3.76000000000001,-3.15,1.09999995529652));
#11527=CARTESIAN_POINT('Origin',(5.,0.,2.));
#11528=CARTESIAN_POINT('',(4.4,-3.55,2.));
#11529=CARTESIAN_POINT('',(3.75,-3.55,2.));
#11530=CARTESIAN_POINT('',(4.4,-0.5,2.));
#11531=CARTESIAN_POINT('',(4.4,-0.5,2.));
#11532=CARTESIAN_POINT('',(4.75,-0.5,2.));
#11533=CARTESIAN_POINT('',(-5.,-0.5,2.));
#11534=CARTESIAN_POINT('',(4.75,0.,2.));
#11535=CARTESIAN_POINT('',(4.75,0.,2.));
#11536=CARTESIAN_POINT('',(2.5,0.,2.));
#11537=CARTESIAN_POINT('Origin',(-4.9,0.1,1.));
#11538=CARTESIAN_POINT('',(-5.,0.1,4.));
#11539=CARTESIAN_POINT('',(-5.,0.1,1.75));
#11540=CARTESIAN_POINT('',(-5.,0.1,1.));
#11541=CARTESIAN_POINT('',(-4.9,0.,1.95));
#11542=CARTESIAN_POINT('Ctrl Pts',(-4.9,-8.67361737988403E-18,1.95));
#11543=CARTESIAN_POINT('Ctrl Pts',(-4.91451111031993,-8.67361737988403E-18,
1.93911666726005));
#11544=CARTESIAN_POINT('Ctrl Pts',(-4.92862685140139,0.00329795495105989,
1.92590367704539));
#11545=CARTESIAN_POINT('Ctrl Pts',(-4.95287428938604,0.0140610916419546,
1.89729423517981));
#11546=CARTESIAN_POINT('Ctrl Pts',(-4.96299955475174,0.021578198514432,
1.88191189296734));
#11547=CARTESIAN_POINT('Ctrl Pts',(-4.98962615103787,0.0482047948005615,
1.83186152035857));
#11548=CARTESIAN_POINT('Ctrl Pts',(-5.,0.076216476937664,1.78760505183006));
#11549=CARTESIAN_POINT('Ctrl Pts',(-5.,0.1,1.75));
#11550=CARTESIAN_POINT('',(-4.9,0.,3.9));
#11551=CARTESIAN_POINT('',(-4.9,0.,1.));
#11552=CARTESIAN_POINT('Origin',(-4.9,0.1,3.9));
#11553=CARTESIAN_POINT('Origin',(-2.5,0.1,3.9));
#11554=CARTESIAN_POINT('',(5.,0.1,4.));
#11555=CARTESIAN_POINT('',(-2.5,0.1,4.));
#11556=CARTESIAN_POINT('',(4.9,0.,3.9));
#11557=CARTESIAN_POINT('',(-2.5,0.,3.9));
#11558=CARTESIAN_POINT('Origin',(4.9,0.1,3.9));
#11559=CARTESIAN_POINT('Origin',(4.9,0.1,3.));
#11560=CARTESIAN_POINT('',(4.9,0.,1.95));
#11561=CARTESIAN_POINT('',(4.9,0.,3.));
#11562=CARTESIAN_POINT('',(5.,0.1,1.75));
#11563=CARTESIAN_POINT('Ctrl Pts',(5.,0.1,1.75));
#11564=CARTESIAN_POINT('Ctrl Pts',(5.,0.076216476937664,1.78760505183006));
#11565=CARTESIAN_POINT('Ctrl Pts',(4.98962615103787,0.0482047948005615,
1.83186152035857));
#11566=CARTESIAN_POINT('Ctrl Pts',(4.96299955475174,0.021578198514432,1.88191189296734));
#11567=CARTESIAN_POINT('Ctrl Pts',(4.95287428938603,0.0140610916419547,
1.89729423517981));
#11568=CARTESIAN_POINT('Ctrl Pts',(4.92862685140139,0.00329795495106002,
1.92590367704539));
#11569=CARTESIAN_POINT('Ctrl Pts',(4.91451111031993,-8.67361737988403E-18,
1.93911666726005));
#11570=CARTESIAN_POINT('Ctrl Pts',(4.9,-8.67361737988403E-18,1.95));
#11571=CARTESIAN_POINT('',(5.,0.1,3.));
#11572=CARTESIAN_POINT('Origin',(-5.,0.,0.));
#11573=CARTESIAN_POINT('',(-5.,-0.25,1.75));
#11574=CARTESIAN_POINT('',(-5.,0.,1.75));
#11575=CARTESIAN_POINT('',(-5.,1.95,4.));
#11576=CARTESIAN_POINT('',(-5.,0.,4.));
#11577=CARTESIAN_POINT('',(-5.,1.95,0.));
#11578=CARTESIAN_POINT('',(-5.,1.95,0.));
#11579=CARTESIAN_POINT('',(-5.,-0.25,0.));
#11580=CARTESIAN_POINT('',(-5.,0.,0.));
#11581=CARTESIAN_POINT('',(-5.,-0.25,0.5));
#11582=CARTESIAN_POINT('Origin',(-5.,0.,4.));
#11583=CARTESIAN_POINT('',(5.,1.95,4.));
#11584=CARTESIAN_POINT('',(5.,0.,4.));
#11585=CARTESIAN_POINT('',(2.55,1.95,4.));
#11586=CARTESIAN_POINT('',(-5.,1.95,4.));
#11587=CARTESIAN_POINT('',(2.55,0.95,4.));
#11588=CARTESIAN_POINT('',(2.55,0.975,4.));
#11589=CARTESIAN_POINT('',(-2.55,0.95,4.));
#11590=CARTESIAN_POINT('',(-2.5,0.95,4.));
#11591=CARTESIAN_POINT('',(-2.55,1.95,4.));
#11592=CARTESIAN_POINT('',(-2.55,0.975,4.));
#11593=CARTESIAN_POINT('',(-5.,1.95,4.));
#11594=CARTESIAN_POINT('Origin',(5.,0.,4.));
#11595=CARTESIAN_POINT('',(5.,-0.25,1.75));
#11596=CARTESIAN_POINT('',(5.,0.,1.75));
#11597=CARTESIAN_POINT('',(5.,-0.25,0.));
#11598=CARTESIAN_POINT('',(5.,-0.25,2.5));
#11599=CARTESIAN_POINT('',(5.,1.95,0.));
#11600=CARTESIAN_POINT('',(5.,0.,0.));
#11601=CARTESIAN_POINT('',(5.,1.95,4.));
#11602=CARTESIAN_POINT('Origin',(4.75,0.,1.75));
#11603=CARTESIAN_POINT('Origin',(4.75,0.,1.75));
#11604=CARTESIAN_POINT('Origin',(4.75,-0.25,1.75));
#11605=CARTESIAN_POINT('Origin',(-4.75,0.,1.75));
#11606=CARTESIAN_POINT('',(-4.75,-0.5,2.));
#11607=CARTESIAN_POINT('',(-4.75,0.,2.));
#11608=CARTESIAN_POINT('',(-4.75,0.,2.));
#11609=CARTESIAN_POINT('Origin',(-4.75,0.,1.75));
#11610=CARTESIAN_POINT('Origin',(-4.75,-0.25,1.75));
#11611=CARTESIAN_POINT('Origin',(4.75,-0.25,2.5));
#11612=CARTESIAN_POINT('',(4.75,-0.5,0.25));
#11613=CARTESIAN_POINT('',(4.75,-0.5,2.5));
#11614=CARTESIAN_POINT('Origin',(4.75,-0.25,0.25));
#11615=CARTESIAN_POINT('Origin',(2.5,-0.25,0.25));
#11616=CARTESIAN_POINT('',(-4.75,-0.5,0.25));
#11617=CARTESIAN_POINT('',(2.5,-0.5,0.25));
#11618=CARTESIAN_POINT('Origin',(-4.75,-0.25,0.25));
#11619=CARTESIAN_POINT('',(2.5,-0.25,0.));
#11620=CARTESIAN_POINT('Origin',(-4.75,-0.25,0.5));
#11621=CARTESIAN_POINT('',(-4.75,-0.5,0.5));
#11622=CARTESIAN_POINT('Origin',(5.,0.,0.));
#11623=CARTESIAN_POINT('',(-3.775,1.95,0.));
#11624=CARTESIAN_POINT('',(5.,1.95,0.));
#11625=CARTESIAN_POINT('',(-3.775,0.9,0.));
#11626=CARTESIAN_POINT('',(-3.775,0.975,0.));
#11627=CARTESIAN_POINT('',(-4.125,0.9,0.));
#11628=CARTESIAN_POINT('',(0.4375,0.9,0.));
#11629=CARTESIAN_POINT('',(-4.125,0.3,0.));
#11630=CARTESIAN_POINT('',(-4.125,0.15,0.));
#11631=CARTESIAN_POINT('',(4.125,0.3,0.));
#11632=CARTESIAN_POINT('',(4.5625,0.3,0.));
#11633=CARTESIAN_POINT('',(4.125,0.9,0.));
#11634=CARTESIAN_POINT('',(4.125,0.45,0.));
#11635=CARTESIAN_POINT('',(3.775,0.9,0.));
#11636=CARTESIAN_POINT('',(0.4375,0.9,0.));
#11637=CARTESIAN_POINT('',(3.775,1.95,0.));
#11638=CARTESIAN_POINT('',(3.775,0.975,0.));
#11639=CARTESIAN_POINT('',(5.,1.95,0.));
#11640=CARTESIAN_POINT('Origin',(4.15,-3.8,0.875));
#11641=CARTESIAN_POINT('',(4.4,-3.8,0.5));
#11642=CARTESIAN_POINT('',(4.4,-3.8,1.75));
#11643=CARTESIAN_POINT('',(4.4,-3.8,0.875));
#11644=CARTESIAN_POINT('',(4.15,-4.05,1.5));
#11645=CARTESIAN_POINT('Origin',(4.15,-3.8,1.75));
#11646=CARTESIAN_POINT('',(4.15,-4.05,0.75));
#11647=CARTESIAN_POINT('',(4.15,-4.05,0.875));
#11648=CARTESIAN_POINT('Origin',(4.15,-3.8,0.75));
#11649=CARTESIAN_POINT('Origin',(-2.2,-3.8,0.75));
#11650=CARTESIAN_POINT('',(-4.4,-3.8,0.5));
#11651=CARTESIAN_POINT('',(-2.2,-3.8,0.5));
#11652=CARTESIAN_POINT('',(-4.15,-4.05,0.75));
#11653=CARTESIAN_POINT('',(-2.2,-4.05,0.75));
#11654=CARTESIAN_POINT('Origin',(-4.15,-3.8,0.75));
#11655=CARTESIAN_POINT('Origin',(-4.15,-3.8,1.625));
#11656=CARTESIAN_POINT('',(-4.15,-4.05,1.5));
#11657=CARTESIAN_POINT('',(-4.15,-4.05,1.625));
#11658=CARTESIAN_POINT('',(-4.4,-3.8,1.75));
#11659=CARTESIAN_POINT('Origin',(-4.15,-3.8,1.75));
#11660=CARTESIAN_POINT('',(-4.4,-3.8,1.625));
#11661=CARTESIAN_POINT('Origin',(4.4,-0.5,0.5));
#11662=CARTESIAN_POINT('',(4.4,-0.5,0.5));
#11663=CARTESIAN_POINT('',(4.4,-0.5,0.5));
#11664=CARTESIAN_POINT('',(4.4,-0.5,0.75));
#11665=CARTESIAN_POINT('',(4.4,-3.2875,2.2625));
#11666=CARTESIAN_POINT('Origin',(-4.4,-0.5,0.5));
#11667=CARTESIAN_POINT('',(-4.4,-0.5,0.5));
#11668=CARTESIAN_POINT('',(-4.4,-0.5,0.5));
#11669=CARTESIAN_POINT('',(-2.2,-0.5,0.5));
#11670=CARTESIAN_POINT('Origin',(-4.4,-0.5,2.));
#11671=CARTESIAN_POINT('',(-4.4,-3.55,2.));
#11672=CARTESIAN_POINT('',(-4.4,-2.9125,2.6375));
#11673=CARTESIAN_POINT('',(-4.4,-0.5,2.));
#11674=CARTESIAN_POINT('',(-4.4,-0.5,2.));
#11675=CARTESIAN_POINT('',(-4.4,-0.5,1.5));
#11676=CARTESIAN_POINT('Origin',(2.5,-3.8,1.75));
#11677=CARTESIAN_POINT('',(3.75,-3.55,2.));
#11678=CARTESIAN_POINT('',(1.5,-3.85,1.7));
#11679=CARTESIAN_POINT('',(3.75,-3.55,2.));
#11680=CARTESIAN_POINT('',(1.,-3.85,1.7));
#11681=CARTESIAN_POINT('',(0.5,-3.85,1.7));
#11682=CARTESIAN_POINT('',(-5.55111512312578E-16,-3.85,1.7));
#11683=CARTESIAN_POINT('',(3.75,-3.55,2.));
#11684=CARTESIAN_POINT('',(-0.5,-3.85,1.7));
#11685=CARTESIAN_POINT('',(2.5,-3.55,2.));
#11686=CARTESIAN_POINT('',(2.5,-4.05,1.5));
#11687=CARTESIAN_POINT('',(3.,-3.85,1.7));
#11688=CARTESIAN_POINT('',(2.5,-3.85,1.7));
#11689=CARTESIAN_POINT('',(2.,-3.85,1.7));
#11690=CARTESIAN_POINT('Origin',(3.5,-3.6,1.7));
#11691=CARTESIAN_POINT('',(3.5,-3.15,1.7));
#11692=CARTESIAN_POINT('Origin',(0.,-4.05,1.25));
#11693=CARTESIAN_POINT('Origin',(5.,0.,2.));
#11694=CARTESIAN_POINT('',(2.5,0.,2.));
#11695=CARTESIAN_POINT('',(-5.,-0.5,2.));
#11696=CARTESIAN_POINT('Origin',(-3.5,-3.6,1.7));
#11697=CARTESIAN_POINT('',(-3.5,-3.15,1.7));
#11698=CARTESIAN_POINT('Origin',(5.,0.,2.));
#11699=CARTESIAN_POINT('',(2.5,0.,2.));
#11700=CARTESIAN_POINT('Origin',(-2.5,-3.6,1.7));
#11701=CARTESIAN_POINT('',(-2.5,-3.15,1.7));
#11702=CARTESIAN_POINT('Origin',(1.5,-3.6,1.7));
#11703=CARTESIAN_POINT('',(1.5,-3.15,1.7));
#11704=CARTESIAN_POINT('Origin',(-1.5,-3.6,1.7));
#11705=CARTESIAN_POINT('',(-1.5,-3.15,1.7));
#11706=CARTESIAN_POINT('Origin',(2.5,-3.6,1.7));
#11707=CARTESIAN_POINT('',(2.5,-3.15,1.7));
#11708=CARTESIAN_POINT('Origin',(0.5,-3.6,1.7));
#11709=CARTESIAN_POINT('',(0.500000000000001,-3.15,1.7));
#11710=CARTESIAN_POINT('Origin',(-0.5,-3.6,1.7));
#11711=CARTESIAN_POINT('',(-0.24,-3.15,1.7));
#11712=CARTESIAN_POINT('',(-0.239999999999999,-1.275,1.7));
#11713=CARTESIAN_POINT('',(-0.499999999999999,-3.15,1.7));
#11714=CARTESIAN_POINT('Origin',(5.,0.,2.));
#11715=CARTESIAN_POINT('',(-0.24,0.,1.99999995529652));
#11716=CARTESIAN_POINT('',(2.5,0.,2.));
#11717=CARTESIAN_POINT('',(-0.240000000000001,0.45,2.));
#11718=CARTESIAN_POINT('Origin',(5.,0.,2.));
#11719=CARTESIAN_POINT('',(2.5,0.,2.));
#11720=CARTESIAN_POINT('Origin',(-1.76,0.9,1.09999995529652));
#11721=CARTESIAN_POINT('',(-2.9425,0.9,1.09999995529652));
#11722=CARTESIAN_POINT('',(-1.76,-3.15,1.09999995529652));
#11723=CARTESIAN_POINT('Origin',(-1.5,-3.15,1.54999995529652));
#11724=CARTESIAN_POINT('Origin',(2.24000000000001,0.9,1.09999995529652));
#11725=CARTESIAN_POINT('',(-0.942499999999997,0.9,1.09999995529652));
#11726=CARTESIAN_POINT('',(2.24000000000001,-3.15,1.09999995529652));
#11727=CARTESIAN_POINT('Origin',(2.5,-3.15,1.54999995529652));
#11728=CARTESIAN_POINT('Origin',(1.24000000000001,0.9,1.09999995529652));
#11729=CARTESIAN_POINT('',(-1.4425,0.9,1.09999995529652));
#11730=CARTESIAN_POINT('',(1.24000000000001,-3.15,1.09999995529652));
#11731=CARTESIAN_POINT('Origin',(1.5,-3.15,1.54999995529652));
#11732=CARTESIAN_POINT('Origin',(-2.76,0.9,1.09999995529652));
#11733=CARTESIAN_POINT('',(-3.4425,0.9,1.09999995529652));
#11734=CARTESIAN_POINT('',(-2.76,-3.15,1.09999995529652));
#11735=CARTESIAN_POINT('Origin',(-2.5,-3.15,1.54999995529652));
#11736=CARTESIAN_POINT('Origin',(-0.759999999999995,0.9,1.09999995529652));
#11737=CARTESIAN_POINT('',(-0.239999999999995,0.9,1.09999995529652));
#11738=CARTESIAN_POINT('',(-2.4425,0.9,1.09999995529652));
#11739=CARTESIAN_POINT('',(-0.239999999999995,-3.15,1.09999995529652));
#11740=CARTESIAN_POINT('',(-0.759999999999995,-3.15,1.09999995529652));
#11741=CARTESIAN_POINT('',(-0.239999999999995,0.9,1.09999995529652));
#11742=CARTESIAN_POINT('Origin',(-0.239999999999995,0.9,1.09999995529652));
#11743=CARTESIAN_POINT('',(-0.24,0.9,1.99999995529652));
#11744=CARTESIAN_POINT('',(-0.24,0.9,1.99999995529652));
#11745=CARTESIAN_POINT('',(-0.239999999999992,0.9,0.549999977648269));
#11746=CARTESIAN_POINT('',(-0.239999999999995,-3.15,1.09999995529652));
#11747=CARTESIAN_POINT('Origin',(-0.499999999999998,-3.15,1.54999995529652));
#11748=CARTESIAN_POINT('Origin',(3.24000000000001,0.9,1.09999995529652));
#11749=CARTESIAN_POINT('',(-0.442499999999998,0.9,1.09999995529652));
#11750=CARTESIAN_POINT('',(3.24000000000001,-3.15,1.09999995529652));
#11751=CARTESIAN_POINT('Origin',(3.5,-3.15,1.54999995529652));
#11752=CARTESIAN_POINT('Origin',(0.240000000000005,0.9,1.09999995529652));
#11753=CARTESIAN_POINT('',(-1.9425,0.9,1.09999995529652));
#11754=CARTESIAN_POINT('',(0.240000000000005,-3.15,1.09999995529652));
#11755=CARTESIAN_POINT('Origin',(0.500000000000003,-3.15,1.54999995529652));
#11756=CARTESIAN_POINT('Origin',(-3.76,0.9,1.09999995529652));
#11757=CARTESIAN_POINT('',(-3.9425,0.9,1.09999995529652));
#11758=CARTESIAN_POINT('',(-3.76,-3.15,1.09999995529652));
#11759=CARTESIAN_POINT('Origin',(-3.5,-3.15,1.54999995529652));
#11760=CARTESIAN_POINT('Origin',(-4.125,0.9,0.));
#11761=CARTESIAN_POINT('',(4.1,0.9,1.99999995529652));
#11762=CARTESIAN_POINT('',(4.1,0.9,1.99999995529652));
#11763=CARTESIAN_POINT('',(4.1,0.9,1.99999995529652));
#11764=CARTESIAN_POINT('',(4.1,0.9,1.99999995529652));
#11765=CARTESIAN_POINT('',(4.1,0.9,1.99999995529652));
#11766=CARTESIAN_POINT('',(4.1,0.9,1.99999995529652));
#11767=CARTESIAN_POINT('',(4.1,0.9,1.99999995529652));
#11768=CARTESIAN_POINT('',(4.1,0.9,0.899999955296516));
#11769=CARTESIAN_POINT('',(4.1,0.9,0.899999955296516));
#11770=CARTESIAN_POINT('',(3.77499999999902,0.9,0.899999955296516));
#11771=CARTESIAN_POINT('',(-4.1,0.9,0.899999955296516));
#11772=CARTESIAN_POINT('',(3.775,0.9,0.));
#11773=CARTESIAN_POINT('',(4.125,0.9,-0.5));
#11774=CARTESIAN_POINT('',(4.125,0.9,0.));
#11775=CARTESIAN_POINT('',(-4.125,0.9,-0.5));
#11776=CARTESIAN_POINT('',(4.125,0.9,-0.5));
#11777=CARTESIAN_POINT('',(-4.125,0.9,0.));
#11778=CARTESIAN_POINT('',(-3.775000000001,0.9,0.899999955296516));
#11779=CARTESIAN_POINT('',(-3.77500000000312,0.9,2.8));
#11780=CARTESIAN_POINT('',(-4.1,0.9,0.899999955296516));
#11781=CARTESIAN_POINT('',(-4.1,0.9,0.899999955296516));
#11782=CARTESIAN_POINT('',(-4.1,0.9,1.99999995529652));
#11783=CARTESIAN_POINT('',(-4.1,0.9,1.99999995529652));
#11784=CARTESIAN_POINT('',(4.1,0.9,1.99999995529652));
#11785=CARTESIAN_POINT('',(4.1,0.9,1.99999995529652));
#11786=CARTESIAN_POINT('',(4.1,0.9,1.99999995529652));
#11787=CARTESIAN_POINT('',(-1.775000000001,0.9,0.899999955296516));
#11788=CARTESIAN_POINT('',(-1.775,0.9,0.));
#11789=CARTESIAN_POINT('',(-1.77500000000312,0.9,2.8));
#11790=CARTESIAN_POINT('',(-2.22500000000098,0.9,0.899999955296516));
#11791=CARTESIAN_POINT('',(-4.1,0.9,0.899999955296516));
#11792=CARTESIAN_POINT('',(-2.225,0.9,0.));
#11793=CARTESIAN_POINT('',(-2.225,0.9,0.));
#11794=CARTESIAN_POINT('',(0.4375,0.9,0.));
#11795=CARTESIAN_POINT('',(0.224999999998998,0.9,0.899999955296516));
#11796=CARTESIAN_POINT('',(0.225,0.9,0.));
#11797=CARTESIAN_POINT('',(0.224999999996883,0.9,2.8));
#11798=CARTESIAN_POINT('',(-0.225000000000984,0.9,0.899999955296516));
#11799=CARTESIAN_POINT('',(-4.1,0.9,0.899999955296516));
#11800=CARTESIAN_POINT('',(-0.225,0.9,0.));
#11801=CARTESIAN_POINT('',(-0.225,0.9,0.));
#11802=CARTESIAN_POINT('',(0.4375,0.9,0.));
#11803=CARTESIAN_POINT('',(1.224999999999,0.9,0.899999955296516));
#11804=CARTESIAN_POINT('',(1.225,0.9,0.));
#11805=CARTESIAN_POINT('',(1.22499999999688,0.9,2.8));
#11806=CARTESIAN_POINT('',(0.774999999999016,0.9,0.899999955296516));
#11807=CARTESIAN_POINT('',(-4.1,0.9,0.899999955296516));
#11808=CARTESIAN_POINT('',(0.775,0.9,0.));
#11809=CARTESIAN_POINT('',(0.775,0.9,0.));
#11810=CARTESIAN_POINT('',(0.4375,0.9,0.));
#11811=CARTESIAN_POINT('',(2.224999999999,0.9,0.899999955296516));
#11812=CARTESIAN_POINT('',(2.225,0.9,0.));
#11813=CARTESIAN_POINT('',(2.22499999999688,0.9,2.8));
#11814=CARTESIAN_POINT('',(1.77499999999902,0.9,0.899999955296516));
#11815=CARTESIAN_POINT('',(-4.1,0.9,0.899999955296516));
#11816=CARTESIAN_POINT('',(1.775,0.9,0.));
#11817=CARTESIAN_POINT('',(1.775,0.9,0.));
#11818=CARTESIAN_POINT('',(0.4375,0.9,0.));
#11819=CARTESIAN_POINT('',(-2.775,0.9,0.));
#11820=CARTESIAN_POINT('',(-3.225,0.9,0.));
#11821=CARTESIAN_POINT('',(0.4375,0.9,0.));
#11822=CARTESIAN_POINT('',(-2.775000000001,0.9,0.899999955296516));
#11823=CARTESIAN_POINT('',(-2.77500000000312,0.9,2.8));
#11824=CARTESIAN_POINT('',(-3.22500000000098,0.9,0.899999955296516));
#11825=CARTESIAN_POINT('',(-4.1,0.9,0.899999955296516));
#11826=CARTESIAN_POINT('',(-3.225,0.9,0.));
#11827=CARTESIAN_POINT('',(-0.775,0.9,0.));
#11828=CARTESIAN_POINT('',(-1.225,0.9,0.));
#11829=CARTESIAN_POINT('',(0.4375,0.9,0.));
#11830=CARTESIAN_POINT('',(-0.775000000001002,0.9,0.899999955296516));
#11831=CARTESIAN_POINT('',(-0.775000000003117,0.9,2.8));
#11832=CARTESIAN_POINT('',(-1.22500000000098,0.9,0.899999955296516));
#11833=CARTESIAN_POINT('',(-4.1,0.9,0.899999955296516));
#11834=CARTESIAN_POINT('',(-1.225,0.9,0.));
#11835=CARTESIAN_POINT('',(3.224999999999,0.9,0.899999955296516));
#11836=CARTESIAN_POINT('',(3.225,0.9,0.));
#11837=CARTESIAN_POINT('',(3.22499999999688,0.9,2.8));
#11838=CARTESIAN_POINT('',(2.77499999999902,0.9,0.899999955296516));
#11839=CARTESIAN_POINT('',(-4.1,0.9,0.899999955296516));
#11840=CARTESIAN_POINT('',(2.775,0.9,0.));
#11841=CARTESIAN_POINT('',(2.775,0.9,0.));
#11842=CARTESIAN_POINT('',(0.4375,0.9,0.));
#11843=CARTESIAN_POINT('Origin',(-1.77500000000312,1.95,2.8));
#11844=CARTESIAN_POINT('',(-1.77500000000312,1.95,2.8));
#11845=CARTESIAN_POINT('',(-1.77500000000223,1.95,1.99999995529652));
#11846=CARTESIAN_POINT('',(-1.77500000000267,1.95,2.39999999999901));
#11847=CARTESIAN_POINT('',(-1.77500000000312,1.25,2.8));
#11848=CARTESIAN_POINT('',(-1.77500000000312,1.95,2.8));
#11849=CARTESIAN_POINT('',(-1.77500000000223,1.25,1.99999995529652));
#11850=CARTESIAN_POINT('',(-1.77500000000312,1.25,2.8));
#11851=CARTESIAN_POINT('',(-1.77500000000223,1.95,1.99999995529652));
#11852=CARTESIAN_POINT('Origin',(-1.22500000000306,1.95,2.8));
#11853=CARTESIAN_POINT('',(-1.22500000000306,1.95,2.8));
#11854=CARTESIAN_POINT('',(-0.612500000001531,1.95,2.8));
#11855=CARTESIAN_POINT('',(-1.22500000000306,1.25,2.8));
#11856=CARTESIAN_POINT('',(-1.22500000000306,1.95,2.8));
#11857=CARTESIAN_POINT('',(-1.22500000000306,1.25,2.8));
#11858=CARTESIAN_POINT('Origin',(-1.22500000000219,1.95,1.99999995529652));
#11859=CARTESIAN_POINT('',(-1.22500000000219,1.95,1.99999995529652));
#11860=CARTESIAN_POINT('',(-1.22500000000219,1.95,1.99999997764759));
#11861=CARTESIAN_POINT('',(-1.22500000000219,1.25,1.99999995529652));
#11862=CARTESIAN_POINT('',(-1.22500000000219,1.95,1.99999995529652));
#11863=CARTESIAN_POINT('',(-1.225,1.25,0.));
#11864=CARTESIAN_POINT('Origin',(-1.50000000000265,1.25,2.39999997764826));
#11865=CARTESIAN_POINT('',(1.29999999999867,1.25,1.99999995529652));
#11866=CARTESIAN_POINT('Origin',(2.22499999999688,1.95,2.8));
#11867=CARTESIAN_POINT('',(2.22499999999688,1.95,2.8));
#11868=CARTESIAN_POINT('',(2.22499999999777,1.95,1.99999995529652));
#11869=CARTESIAN_POINT('',(2.22499999999733,1.95,2.40000000000124));
#11870=CARTESIAN_POINT('',(2.22499999999688,1.25,2.8));
#11871=CARTESIAN_POINT('',(2.22499999999688,1.95,2.8));
#11872=CARTESIAN_POINT('',(2.22499999999777,1.25,1.99999995529652));
#11873=CARTESIAN_POINT('',(2.22499999999688,1.25,2.8));
#11874=CARTESIAN_POINT('',(2.22499999999777,1.95,1.99999995529652));
#11875=CARTESIAN_POINT('Origin',(2.77499999999694,1.95,2.8));
#11876=CARTESIAN_POINT('',(2.77499999999694,1.95,2.8));
#11877=CARTESIAN_POINT('',(1.38749999999847,1.95,2.8));
#11878=CARTESIAN_POINT('',(2.77499999999694,1.25,2.8));
#11879=CARTESIAN_POINT('',(2.77499999999694,1.95,2.8));
#11880=CARTESIAN_POINT('',(2.77499999999694,1.25,2.8));
#11881=CARTESIAN_POINT('Origin',(2.77499999999781,1.95,1.99999995529652));
#11882=CARTESIAN_POINT('',(2.77499999999781,1.95,1.99999995529652));
#11883=CARTESIAN_POINT('',(2.77499999999781,1.95,1.99999997764978));
#11884=CARTESIAN_POINT('',(2.77499999999781,1.25,1.99999995529652));
#11885=CARTESIAN_POINT('',(2.77499999999781,1.95,1.99999995529652));
#11886=CARTESIAN_POINT('',(2.775,1.25,0.));
#11887=CARTESIAN_POINT('Origin',(2.49999999999735,1.25,2.39999997764826));
#11888=CARTESIAN_POINT('',(3.29999999999867,1.25,1.99999995529652));
#11889=CARTESIAN_POINT('Origin',(1.22499999999688,1.95,2.8));
#11890=CARTESIAN_POINT('',(1.22499999999688,1.95,2.8));
#11891=CARTESIAN_POINT('',(1.22499999999777,1.95,1.99999995529652));
#11892=CARTESIAN_POINT('',(1.22499999999733,1.95,2.40000000000068));
#11893=CARTESIAN_POINT('',(1.22499999999688,1.25,2.8));
#11894=CARTESIAN_POINT('',(1.22499999999688,1.95,2.8));
#11895=CARTESIAN_POINT('',(1.22499999999777,1.25,1.99999995529652));
#11896=CARTESIAN_POINT('',(1.22499999999688,1.25,2.8));
#11897=CARTESIAN_POINT('',(1.22499999999777,1.95,1.99999995529652));
#11898=CARTESIAN_POINT('Origin',(1.77499999999694,1.95,2.8));
#11899=CARTESIAN_POINT('',(1.77499999999694,1.95,2.8));
#11900=CARTESIAN_POINT('',(0.887499999998469,1.95,2.8));
#11901=CARTESIAN_POINT('',(1.77499999999694,1.25,2.8));
#11902=CARTESIAN_POINT('',(1.77499999999694,1.95,2.8));
#11903=CARTESIAN_POINT('',(1.77499999999694,1.25,2.8));
#11904=CARTESIAN_POINT('Origin',(1.77499999999781,1.95,1.99999995529652));
#11905=CARTESIAN_POINT('',(1.77499999999781,1.95,1.99999995529652));
#11906=CARTESIAN_POINT('',(1.77499999999781,1.95,1.99999997764923));
#11907=CARTESIAN_POINT('',(1.77499999999781,1.25,1.99999995529652));
#11908=CARTESIAN_POINT('',(1.77499999999781,1.95,1.99999995529652));
#11909=CARTESIAN_POINT('',(1.775,1.25,0.));
#11910=CARTESIAN_POINT('Origin',(1.49999999999735,1.25,2.39999997764826));
#11911=CARTESIAN_POINT('',(2.79999999999867,1.25,1.99999995529652));
#11912=CARTESIAN_POINT('Origin',(-2.77500000000312,1.95,2.8));
#11913=CARTESIAN_POINT('',(-2.77500000000312,1.95,2.8));
#11914=CARTESIAN_POINT('',(-2.77500000000223,1.95,1.99999995529652));
#11915=CARTESIAN_POINT('',(-2.77500000000267,1.95,2.39999999999846));
#11916=CARTESIAN_POINT('',(-2.77500000000312,1.25,2.8));
#11917=CARTESIAN_POINT('',(-2.77500000000312,1.95,2.8));
#11918=CARTESIAN_POINT('',(-2.77500000000223,1.25,1.99999995529652));
#11919=CARTESIAN_POINT('',(-2.77500000000312,1.25,2.8));
#11920=CARTESIAN_POINT('',(-2.77500000000223,1.95,1.99999995529652));
#11921=CARTESIAN_POINT('Origin',(-2.22500000000306,1.95,2.8));
#11922=CARTESIAN_POINT('',(-2.22500000000306,1.95,2.8));
#11923=CARTESIAN_POINT('',(-1.11250000000153,1.95,2.8));
#11924=CARTESIAN_POINT('',(-2.22500000000306,1.25,2.8));
#11925=CARTESIAN_POINT('',(-2.22500000000306,1.95,2.8));
#11926=CARTESIAN_POINT('',(-2.22500000000306,1.25,2.8));
#11927=CARTESIAN_POINT('Origin',(-2.22500000000219,1.95,1.99999995529652));
#11928=CARTESIAN_POINT('',(-2.22500000000219,1.95,1.99999995529652));
#11929=CARTESIAN_POINT('',(-2.22500000000219,1.95,1.99999997764704));
#11930=CARTESIAN_POINT('',(-2.22500000000219,1.25,1.99999995529652));
#11931=CARTESIAN_POINT('',(-2.22500000000219,1.95,1.99999995529652));
#11932=CARTESIAN_POINT('',(-2.225,1.25,0.));
#11933=CARTESIAN_POINT('Origin',(-2.50000000000265,1.25,2.39999997764826));
#11934=CARTESIAN_POINT('',(0.799999999998673,1.25,1.99999995529652));
#11935=CARTESIAN_POINT('Origin',(-0.775000000003117,1.95,2.8));
#11936=CARTESIAN_POINT('',(-0.775000000003117,1.95,2.8));
#11937=CARTESIAN_POINT('',(-0.775000000002226,1.95,1.99999995529652));
#11938=CARTESIAN_POINT('',(-0.775000000002672,1.95,2.39999999999957));
#11939=CARTESIAN_POINT('',(-0.775000000003117,1.25,2.8));
#11940=CARTESIAN_POINT('',(-0.775000000003117,1.95,2.8));
#11941=CARTESIAN_POINT('',(-0.775000000002226,1.25,1.99999995529652));
#11942=CARTESIAN_POINT('',(-0.775000000003117,1.25,2.8));
#11943=CARTESIAN_POINT('',(-0.775000000002227,1.95,1.99999995529652));
#11944=CARTESIAN_POINT('Origin',(-0.225000000003062,1.95,2.8));
#11945=CARTESIAN_POINT('',(-0.225000000003062,1.95,2.8));
#11946=CARTESIAN_POINT('',(-0.112500000001531,1.95,2.8));
#11947=CARTESIAN_POINT('',(-0.225000000003062,1.25,2.8));
#11948=CARTESIAN_POINT('',(-0.225000000003062,1.95,2.8));
#11949=CARTESIAN_POINT('',(-0.225000000003062,1.25,2.8));
#11950=CARTESIAN_POINT('Origin',(-0.225000000002187,1.95,1.99999995529652));
#11951=CARTESIAN_POINT('',(-0.225000000002187,1.95,1.99999995529652));
#11952=CARTESIAN_POINT('',(-0.225000000002187,1.95,1.99999997764814));
#11953=CARTESIAN_POINT('',(-0.225000000002187,1.25,1.99999995529652));
#11954=CARTESIAN_POINT('',(-0.225000000002187,1.95,1.99999995529652));
#11955=CARTESIAN_POINT('',(-0.225,1.25,0.));
#11956=CARTESIAN_POINT('Origin',(-0.500000000002652,1.25,2.39999997764826));
#11957=CARTESIAN_POINT('',(1.79999999999867,1.25,1.99999995529652));
#11958=CARTESIAN_POINT('Origin',(3.22499999999688,1.95,2.8));
#11959=CARTESIAN_POINT('',(3.22499999999688,1.95,2.8));
#11960=CARTESIAN_POINT('',(3.22499999999777,1.95,1.99999995529652));
#11961=CARTESIAN_POINT('',(3.22499999999733,1.95,2.4000000000018));
#11962=CARTESIAN_POINT('',(3.22499999999688,1.25,2.8));
#11963=CARTESIAN_POINT('',(3.22499999999688,1.95,2.8));
#11964=CARTESIAN_POINT('',(3.22499999999777,1.25,1.99999995529652));
#11965=CARTESIAN_POINT('',(3.22499999999688,1.25,2.8));
#11966=CARTESIAN_POINT('',(3.22499999999777,1.95,1.99999995529652));
#11967=CARTESIAN_POINT('Origin',(3.77499999999694,1.95,2.8));
#11968=CARTESIAN_POINT('',(3.77499999999694,1.95,2.8));
#11969=CARTESIAN_POINT('',(1.88749999999847,1.95,2.8));
#11970=CARTESIAN_POINT('',(3.77499999999694,1.25,2.8));
#11971=CARTESIAN_POINT('',(3.77499999999694,1.95,2.8));
#11972=CARTESIAN_POINT('',(3.77499999999694,1.25,2.8));
#11973=CARTESIAN_POINT('Origin',(3.77499999999781,1.95,1.99999995529652));
#11974=CARTESIAN_POINT('',(3.77499999999781,1.95,1.99999995529652));
#11975=CARTESIAN_POINT('',(3.77499999999781,1.95,1.99999997765032));
#11976=CARTESIAN_POINT('',(3.77499999999781,1.25,1.99999995529652));
#11977=CARTESIAN_POINT('',(3.77499999999781,1.95,1.99999995529652));
#11978=CARTESIAN_POINT('',(3.775,1.25,0.));
#11979=CARTESIAN_POINT('Origin',(3.49999999999735,1.25,2.39999997764826));
#11980=CARTESIAN_POINT('',(3.79999999999867,1.25,1.99999995529652));
#11981=CARTESIAN_POINT('Origin',(0.224999999996883,1.95,2.8));
#11982=CARTESIAN_POINT('',(0.224999999996883,1.95,2.8));
#11983=CARTESIAN_POINT('',(0.224999999997774,1.95,1.99999995529652));
#11984=CARTESIAN_POINT('',(0.224999999997328,1.95,2.40000000000013));
#11985=CARTESIAN_POINT('',(0.224999999996883,1.25,2.8));
#11986=CARTESIAN_POINT('',(0.224999999996883,1.95,2.8));
#11987=CARTESIAN_POINT('',(0.224999999997774,1.25,1.99999995529652));
#11988=CARTESIAN_POINT('',(0.224999999996883,1.25,2.8));
#11989=CARTESIAN_POINT('',(0.224999999997774,1.95,1.99999995529652));
#11990=CARTESIAN_POINT('Origin',(0.774999999996938,1.95,2.8));
#11991=CARTESIAN_POINT('',(0.774999999996938,1.95,2.8));
#11992=CARTESIAN_POINT('',(0.387499999998469,1.95,2.8));
#11993=CARTESIAN_POINT('',(0.774999999996938,1.25,2.8));
#11994=CARTESIAN_POINT('',(0.774999999996938,1.95,2.8));
#11995=CARTESIAN_POINT('',(0.774999999996938,1.25,2.8));
#11996=CARTESIAN_POINT('Origin',(0.774999999997813,1.95,1.99999995529652));
#11997=CARTESIAN_POINT('',(0.774999999997813,1.95,1.99999995529652));
#11998=CARTESIAN_POINT('',(0.774999999997813,1.95,1.99999997764868));
#11999=CARTESIAN_POINT('',(0.774999999997813,1.25,1.99999995529652));
#12000=CARTESIAN_POINT('',(0.774999999997812,1.95,1.99999995529652));
#12001=CARTESIAN_POINT('',(0.775,1.25,0.));
#12002=CARTESIAN_POINT('Origin',(0.499999999997348,1.25,2.39999997764826));
#12003=CARTESIAN_POINT('',(2.29999999999867,1.25,1.99999995529652));
#12004=CARTESIAN_POINT('Origin',(-3.77500000000312,1.95,2.8));
#12005=CARTESIAN_POINT('',(-3.77500000000312,1.95,2.8));
#12006=CARTESIAN_POINT('',(-3.77500000000223,1.95,1.99999995529652));
#12007=CARTESIAN_POINT('',(-3.77500000000267,1.95,2.3999999999979));
#12008=CARTESIAN_POINT('',(-3.77500000000312,1.25,2.8));
#12009=CARTESIAN_POINT('',(-3.77500000000312,1.95,2.8));
#12010=CARTESIAN_POINT('',(-3.77500000000223,1.25,1.99999995529652));
#12011=CARTESIAN_POINT('',(-3.77500000000312,1.25,2.8));
#12012=CARTESIAN_POINT('',(-3.77500000000223,1.95,1.99999995529652));
#12013=CARTESIAN_POINT('Origin',(-3.22500000000306,1.95,2.8));
#12014=CARTESIAN_POINT('',(-3.22500000000306,1.95,2.8));
#12015=CARTESIAN_POINT('',(-1.61250000000153,1.95,2.8));
#12016=CARTESIAN_POINT('',(-3.22500000000306,1.25,2.8));
#12017=CARTESIAN_POINT('',(-3.22500000000306,1.95,2.8));
#12018=CARTESIAN_POINT('',(-3.22500000000306,1.25,2.8));
#12019=CARTESIAN_POINT('Origin',(-3.22500000000219,1.95,1.99999995529652));
#12020=CARTESIAN_POINT('',(-3.22500000000219,1.95,1.99999995529652));
#12021=CARTESIAN_POINT('',(-3.22500000000219,1.95,1.99999997764649));
#12022=CARTESIAN_POINT('',(-3.22500000000219,1.25,1.99999995529652));
#12023=CARTESIAN_POINT('',(-3.22500000000219,1.95,1.99999995529652));
#12024=CARTESIAN_POINT('',(-3.225,1.25,0.));
#12025=CARTESIAN_POINT('Origin',(-3.50000000000265,1.25,2.39999997764826));
#12026=CARTESIAN_POINT('',(0.299999999998674,1.25,1.99999995529652));
#12027=CARTESIAN_POINT('Origin',(0.,1.95,2.));
#12028=CARTESIAN_POINT('',(2.05,1.95,1.99999995529652));
#12029=CARTESIAN_POINT('',(2.05,1.95,1.99999995529652));
#12030=CARTESIAN_POINT('',(-4.1,1.95,1.99999995529652));
#12031=CARTESIAN_POINT('',(2.05,1.95,1.99999995529652));
#12032=CARTESIAN_POINT('',(-4.1,1.95,0.899999955296516));
#12033=CARTESIAN_POINT('',(-4.1,1.95,1.99999997764826));
#12034=CARTESIAN_POINT('',(-3.775000000001,1.95,0.899999955296516));
#12035=CARTESIAN_POINT('',(-2.05,1.95,0.899999955296516));
#12036=CARTESIAN_POINT('',(-3.77500000000162,1.95,1.44999997764616));
#12037=CARTESIAN_POINT('',(-2.55,1.95,3.12));
#12038=CARTESIAN_POINT('',(-2.55,1.95,3.));
#12039=CARTESIAN_POINT('',(2.55,1.95,3.12));
#12040=CARTESIAN_POINT('',(-1.275,1.95,3.12));
#12041=CARTESIAN_POINT('',(2.55,1.95,2.56));
#12042=CARTESIAN_POINT('',(3.77499999999902,1.95,0.899999955296516));
#12043=CARTESIAN_POINT('',(3.77499999999891,1.95,1.00000000000206));
#12044=CARTESIAN_POINT('',(4.1,1.95,0.899999955296516));
#12045=CARTESIAN_POINT('',(-2.05,1.95,0.899999955296516));
#12046=CARTESIAN_POINT('',(4.1,1.95,1.99999995529652));
#12047=CARTESIAN_POINT('',(4.1,1.95,1.44999997764826));
#12048=CARTESIAN_POINT('',(2.05,1.95,1.99999995529652));
#12049=CARTESIAN_POINT('',(2.05,1.95,1.99999995529652));
#12050=CARTESIAN_POINT('',(2.05,1.95,1.99999995529652));
#12051=CARTESIAN_POINT('',(2.05,1.95,1.99999995529652));
#12052=CARTESIAN_POINT('',(2.05,1.95,1.99999995529652));
#12053=CARTESIAN_POINT('',(2.05,1.95,1.99999995529652));
#12054=CARTESIAN_POINT('Origin',(3.775,1.95,0.));
#12055=CARTESIAN_POINT('',(3.77499999999902,1.95,0.899999955296516));
#12056=CARTESIAN_POINT('Origin',(3.224999999999,1.95,0.899999955296516));
#12057=CARTESIAN_POINT('',(3.224999999999,1.95,0.899999955296516));
#12058=CARTESIAN_POINT('',(3.225,1.95,0.));
#12059=CARTESIAN_POINT('',(3.22499999999839,1.95,1.44999997765005));
#12060=CARTESIAN_POINT('',(3.224999999999,1.95,0.899999955296516));
#12061=CARTESIAN_POINT('',(3.225,0.975,0.));
#12062=CARTESIAN_POINT('Origin',(2.775,1.95,0.));
#12063=CARTESIAN_POINT('',(2.775,1.95,0.));
#12064=CARTESIAN_POINT('',(2.77499999999902,1.95,0.899999955296516));
#12065=CARTESIAN_POINT('',(2.77499999999891,1.95,1.00000000000152));
#12066=CARTESIAN_POINT('',(2.775,0.975,0.));
#12067=CARTESIAN_POINT('',(2.77499999999902,1.95,0.899999955296516));
#12068=CARTESIAN_POINT('Origin',(2.224999999999,1.95,0.899999955296516));
#12069=CARTESIAN_POINT('',(2.224999999999,1.95,0.899999955296516));
#12070=CARTESIAN_POINT('',(2.225,1.95,0.));
#12071=CARTESIAN_POINT('',(2.22499999999839,1.95,1.4499999776495));
#12072=CARTESIAN_POINT('',(2.224999999999,1.95,0.899999955296516));
#12073=CARTESIAN_POINT('',(2.225,0.975,0.));
#12074=CARTESIAN_POINT('Origin',(-1.225,1.95,0.));
#12075=CARTESIAN_POINT('',(-1.225,1.95,0.));
#12076=CARTESIAN_POINT('',(-1.22500000000098,1.95,0.899999955296516));
#12077=CARTESIAN_POINT('',(-1.22500000000109,1.95,0.99999999999933));
#12078=CARTESIAN_POINT('',(-1.225,0.975,0.));
#12079=CARTESIAN_POINT('',(-1.22500000000098,1.95,0.899999955296516));
#12080=CARTESIAN_POINT('Origin',(-1.775000000001,1.95,0.899999955296516));
#12081=CARTESIAN_POINT('',(-1.775000000001,1.95,0.899999955296516));
#12082=CARTESIAN_POINT('',(-1.775,1.95,0.));
#12083=CARTESIAN_POINT('',(-1.77500000000161,1.95,1.44999997764727));
#12084=CARTESIAN_POINT('',(-1.775000000001,1.95,0.899999955296516));
#12085=CARTESIAN_POINT('',(-1.775,0.975,0.));
#12086=CARTESIAN_POINT('Origin',(-3.225,1.95,0.));
#12087=CARTESIAN_POINT('',(-3.225,1.95,0.));
#12088=CARTESIAN_POINT('',(-3.22500000000098,1.95,0.899999955296516));
#12089=CARTESIAN_POINT('',(-3.22500000000109,1.95,0.999999999998237));
#12090=CARTESIAN_POINT('',(-3.225,0.975,0.));
#12091=CARTESIAN_POINT('',(-3.22500000000098,1.95,0.899999955296516));
#12092=CARTESIAN_POINT('Origin',(-3.775000000001,1.95,0.899999955296516));
#12093=CARTESIAN_POINT('',(-3.775000000001,1.95,0.899999955296516));
#12094=CARTESIAN_POINT('Origin',(1.775,1.95,0.));
#12095=CARTESIAN_POINT('',(1.775,1.95,0.));
#12096=CARTESIAN_POINT('',(1.77499999999902,1.95,0.899999955296516));
#12097=CARTESIAN_POINT('',(1.77499999999891,1.95,1.00000000000097));
#12098=CARTESIAN_POINT('',(1.775,0.975,0.));
#12099=CARTESIAN_POINT('',(1.77499999999902,1.95,0.899999955296516));
#12100=CARTESIAN_POINT('Origin',(1.224999999999,1.95,0.899999955296516));
#12101=CARTESIAN_POINT('',(1.224999999999,1.95,0.899999955296516));
#12102=CARTESIAN_POINT('',(1.225,1.95,0.));
#12103=CARTESIAN_POINT('',(1.22499999999839,1.95,1.44999997764894));
#12104=CARTESIAN_POINT('',(1.224999999999,1.95,0.899999955296516));
#12105=CARTESIAN_POINT('',(1.225,0.975,0.));
#12106=CARTESIAN_POINT('Origin',(0.775,1.95,0.));
#12107=CARTESIAN_POINT('',(0.775,1.95,0.));
#12108=CARTESIAN_POINT('',(0.774999999999016,1.95,0.899999955296516));
#12109=CARTESIAN_POINT('',(0.774999999998906,1.95,1.00000000000042));
#12110=CARTESIAN_POINT('',(0.775,0.975,0.));
#12111=CARTESIAN_POINT('',(0.774999999999016,1.95,0.899999955296516));
#12112=CARTESIAN_POINT('Origin',(0.224999999998998,1.95,0.899999955296516));
#12113=CARTESIAN_POINT('',(0.224999999998998,1.95,0.899999955296516));
#12114=CARTESIAN_POINT('',(0.225,1.95,0.));
#12115=CARTESIAN_POINT('',(0.224999999998386,1.95,1.44999997764838));
#12116=CARTESIAN_POINT('',(0.224999999998998,1.95,0.899999955296516));
#12117=CARTESIAN_POINT('',(0.225,0.975,0.));
#12118=CARTESIAN_POINT('Origin',(-0.225,1.95,0.));
#12119=CARTESIAN_POINT('',(-0.225,1.95,0.));
#12120=CARTESIAN_POINT('',(-0.225000000000984,1.95,0.899999955296516));
#12121=CARTESIAN_POINT('',(-0.225000000001094,1.95,0.999999999999877));
#12122=CARTESIAN_POINT('',(-0.225,0.975,0.));
#12123=CARTESIAN_POINT('',(-0.225000000000984,1.95,0.899999955296516));
#12124=CARTESIAN_POINT('Origin',(-0.775000000001002,1.95,0.899999955296516));
#12125=CARTESIAN_POINT('',(-0.775000000001002,1.95,0.899999955296516));
#12126=CARTESIAN_POINT('',(-0.775,1.95,0.));
#12127=CARTESIAN_POINT('',(-0.775000000001614,1.95,1.44999997764783));
#12128=CARTESIAN_POINT('',(-0.775000000001002,1.95,0.899999955296516));
#12129=CARTESIAN_POINT('',(-0.775,0.975,0.));
#12130=CARTESIAN_POINT('Origin',(-2.225,1.95,0.));
#12131=CARTESIAN_POINT('',(-2.225,1.95,0.));
#12132=CARTESIAN_POINT('',(-2.22500000000098,1.95,0.899999955296516));
#12133=CARTESIAN_POINT('',(-2.22500000000109,1.95,0.999999999998783));
#12134=CARTESIAN_POINT('',(-2.225,0.975,0.));
#12135=CARTESIAN_POINT('',(-2.22500000000098,1.95,0.899999955296516));
#12136=CARTESIAN_POINT('Origin',(-2.775000000001,1.95,0.899999955296516));
#12137=CARTESIAN_POINT('',(-2.775000000001,1.95,0.899999955296516));
#12138=CARTESIAN_POINT('',(-2.775,1.95,0.));
#12139=CARTESIAN_POINT('',(-2.77500000000162,1.95,1.44999997764671));
#12140=CARTESIAN_POINT('',(-2.775000000001,1.95,0.899999955296516));
#12141=CARTESIAN_POINT('',(-2.775,0.975,0.));
#12142=CARTESIAN_POINT('Origin',(5.,0.,0.));
#12143=CARTESIAN_POINT('',(5.,1.95,0.));
#12144=CARTESIAN_POINT('Origin',(5.,0.,0.));
#12145=CARTESIAN_POINT('',(5.,1.95,0.));
#12146=CARTESIAN_POINT('Origin',(5.,0.,0.));
#12147=CARTESIAN_POINT('',(5.,1.95,0.));
#12148=CARTESIAN_POINT('Origin',(5.,0.,0.));
#12149=CARTESIAN_POINT('',(5.,1.95,0.));
#12150=CARTESIAN_POINT('Origin',(5.,0.,0.));
#12151=CARTESIAN_POINT('',(5.,1.95,0.));
#12152=CARTESIAN_POINT('Origin',(5.,0.,0.));
#12153=CARTESIAN_POINT('',(5.,1.95,0.));
#12154=CARTESIAN_POINT('Origin',(5.,0.,0.));
#12155=CARTESIAN_POINT('',(5.,1.95,0.));
#12156=CARTESIAN_POINT('Origin',(0.,1.95,2.));
#12157=CARTESIAN_POINT('',(-2.05,1.95,0.899999955296516));
#12158=CARTESIAN_POINT('Origin',(0.,1.95,2.));
#12159=CARTESIAN_POINT('',(-2.05,1.95,0.899999955296516));
#12160=CARTESIAN_POINT('Origin',(0.,1.95,2.));
#12161=CARTESIAN_POINT('',(-2.05,1.95,0.899999955296516));
#12162=CARTESIAN_POINT('Origin',(0.,1.95,2.));
#12163=CARTESIAN_POINT('',(-2.05,1.95,0.899999955296516));
#12164=CARTESIAN_POINT('Origin',(0.,1.95,2.));
#12165=CARTESIAN_POINT('',(-2.05,1.95,0.899999955296516));
#12166=CARTESIAN_POINT('Origin',(0.,1.95,2.));
#12167=CARTESIAN_POINT('',(-2.05,1.95,0.899999955296516));
#12168=CARTESIAN_POINT('Origin',(0.,1.95,2.));
#12169=CARTESIAN_POINT('',(-2.05,1.95,0.899999955296516));
#12170=CARTESIAN_POINT('Origin',(-4.1,1.95,0.899999955296516));
#12171=CARTESIAN_POINT('',(4.1,1.95,0.899999955296516));
#12172=CARTESIAN_POINT('Origin',(-4.1,1.95,0.899999955296516));
#12173=CARTESIAN_POINT('Origin',(-4.1,1.95,0.899999955296516));
#12174=CARTESIAN_POINT('Origin',(-4.1,1.95,0.899999955296516));
#12175=CARTESIAN_POINT('Origin',(-4.1,1.95,0.899999955296516));
#12176=CARTESIAN_POINT('Origin',(-4.1,1.95,0.899999955296516));
#12177=CARTESIAN_POINT('',(-4.1,1.95,0.899999955296516));
#12178=CARTESIAN_POINT('Origin',(-4.1,1.95,0.899999955296516));
#12179=CARTESIAN_POINT('Origin',(-4.1,1.95,0.899999955296516));
#12180=CARTESIAN_POINT('Origin',(-4.1,1.95,0.899999955296516));
#12181=CARTESIAN_POINT('Origin',(-4.1,1.95,1.99999995529652));
#12182=CARTESIAN_POINT('',(-4.1,1.95,1.99999995529652));
#12183=CARTESIAN_POINT('Origin',(4.1,1.95,1.99999995529652));
#12184=CARTESIAN_POINT('',(4.1,1.95,1.99999995529652));
#12185=CARTESIAN_POINT('',(2.5,0.,2.));
#12186=CARTESIAN_POINT('',(2.5,0.,2.));
#12187=CARTESIAN_POINT('',(2.5,0.,2.));
#12188=CARTESIAN_POINT('',(2.5,0.,2.));
#12189=CARTESIAN_POINT('',(2.5,0.,2.));
#12190=CARTESIAN_POINT('',(2.5,0.,2.));
#12191=CARTESIAN_POINT('',(2.5,0.,2.));
#12192=CARTESIAN_POINT('',(2.5,0.,2.));
#12193=CARTESIAN_POINT('Origin',(4.1,1.95,0.899999955296516));
#12194=CARTESIAN_POINT('Origin',(-2.55,1.95,4.));
#12195=CARTESIAN_POINT('',(-2.55,0.95,3.12));
#12196=CARTESIAN_POINT('',(-2.55,0.95,4.));
#12197=CARTESIAN_POINT('',(-2.55,1.95,3.12));
#12198=CARTESIAN_POINT('Origin',(2.55,1.95,3.12));
#12199=CARTESIAN_POINT('',(2.55,0.95,3.12));
#12200=CARTESIAN_POINT('',(2.55,1.95,3.12));
#12201=CARTESIAN_POINT('',(2.55,0.95,3.12));
#12202=CARTESIAN_POINT('Origin',(-2.55,1.95,3.12));
#12203=CARTESIAN_POINT('',(-2.55,0.95,3.12));
#12204=CARTESIAN_POINT('Origin',(0.,0.95,3.56));
#12205=CARTESIAN_POINT('Origin',(-4.125,0.3,0.));
#12206=CARTESIAN_POINT('',(-4.125,0.3,-0.5));
#12207=CARTESIAN_POINT('',(-4.125,0.9,-0.5));
#12208=CARTESIAN_POINT('',(-4.125,0.3,0.));
#12209=CARTESIAN_POINT('Origin',(4.125,0.3,0.));
#12210=CARTESIAN_POINT('',(4.125,0.3,-0.5));
#12211=CARTESIAN_POINT('',(-4.125,0.3,-0.5));
#12212=CARTESIAN_POINT('',(4.125,0.3,0.));
#12213=CARTESIAN_POINT('Origin',(4.125,0.9,0.));
#12214=CARTESIAN_POINT('',(4.125,0.3,-0.5));
#12215=CARTESIAN_POINT('Origin',(0.,0.6,-0.5));
#12216=CARTESIAN_POINT('Origin',(0.,-0.5,1.));
#12217=CARTESIAN_POINT('Origin',(0.,0.,2.));
#12218=CARTESIAN_POINT('',(0.,0.,0.));
#12219=CARTESIAN_POINT('',(0.,-7.,4.55));
#12220=CARTESIAN_POINT('',(0.,-1.95,0.5));
#12221=CARTESIAN_POINT('Origin',(0.,0.,0.));
#12222=UNCERTAINTY_MEASURE_WITH_UNIT(LENGTH_MEASURE(0.01),#12234,
'DISTANCE_ACCURACY_VALUE',
'Maximum model space distance between geometric entities at asserted c
onnectivities');
#12223=UNCERTAINTY_MEASURE_WITH_UNIT(LENGTH_MEASURE(0.01),#12234,
'DISTANCE_ACCURACY_VALUE',
'Maximum model space distance between geometric entities at asserted c
onnectivities');
#12224=UNCERTAINTY_MEASURE_WITH_UNIT(LENGTH_MEASURE(0.01),#12234,
'DISTANCE_ACCURACY_VALUE',
'Maximum model space distance between geometric entities at asserted c
onnectivities');
#12225=UNCERTAINTY_MEASURE_WITH_UNIT(LENGTH_MEASURE(0.01),#12234,
'DISTANCE_ACCURACY_VALUE',
'Maximum model space distance between geometric entities at asserted c
onnectivities');
#12226=UNCERTAINTY_MEASURE_WITH_UNIT(LENGTH_MEASURE(0.01),#12234,
'DISTANCE_ACCURACY_VALUE',
'Maximum model space distance between geometric entities at asserted c
onnectivities');
#12227=UNCERTAINTY_MEASURE_WITH_UNIT(LENGTH_MEASURE(0.01),#12234,
'DISTANCE_ACCURACY_VALUE',
'Maximum model space distance between geometric entities at asserted c
onnectivities');
#12228=(
GEOMETRIC_REPRESENTATION_CONTEXT(3)
GLOBAL_UNCERTAINTY_ASSIGNED_CONTEXT((#12222))
GLOBAL_UNIT_ASSIGNED_CONTEXT((#12234,#12236,#12237))
REPRESENTATION_CONTEXT('','3D')
);
#12229=(
GEOMETRIC_REPRESENTATION_CONTEXT(3)
GLOBAL_UNCERTAINTY_ASSIGNED_CONTEXT((#12223))
GLOBAL_UNIT_ASSIGNED_CONTEXT((#12234,#12236,#12237))
REPRESENTATION_CONTEXT('','3D')
);
#12230=(
GEOMETRIC_REPRESENTATION_CONTEXT(3)
GLOBAL_UNCERTAINTY_ASSIGNED_CONTEXT((#12224))
GLOBAL_UNIT_ASSIGNED_CONTEXT((#12234,#12236,#12237))
REPRESENTATION_CONTEXT('','3D')
);
#12231=(
GEOMETRIC_REPRESENTATION_CONTEXT(3)
GLOBAL_UNCERTAINTY_ASSIGNED_CONTEXT((#12225))
GLOBAL_UNIT_ASSIGNED_CONTEXT((#12234,#12236,#12237))
REPRESENTATION_CONTEXT('','3D')
);
#12232=(
GEOMETRIC_REPRESENTATION_CONTEXT(3)
GLOBAL_UNCERTAINTY_ASSIGNED_CONTEXT((#12226))
GLOBAL_UNIT_ASSIGNED_CONTEXT((#12234,#12236,#12237))
REPRESENTATION_CONTEXT('','3D')
);
#12233=(
GEOMETRIC_REPRESENTATION_CONTEXT(3)
GLOBAL_UNCERTAINTY_ASSIGNED_CONTEXT((#12227))
GLOBAL_UNIT_ASSIGNED_CONTEXT((#12234,#12236,#12237))
REPRESENTATION_CONTEXT('','3D')
);
#12234=(
LENGTH_UNIT()
NAMED_UNIT(*)
SI_UNIT(.MILLI.,.METRE.)
);
#12235=(
LENGTH_UNIT()
NAMED_UNIT(*)
SI_UNIT($,.METRE.)
);
#12236=(
NAMED_UNIT(*)
PLANE_ANGLE_UNIT()
SI_UNIT($,.RADIAN.)
);
#12237=(
NAMED_UNIT(*)
SI_UNIT($,.STERADIAN.)
SOLID_ANGLE_UNIT()
);
#12238=SHAPE_DEFINITION_REPRESENTATION(#12243,#12259);
#12239=SHAPE_DEFINITION_REPRESENTATION(#12244,#12260);
#12240=SHAPE_DEFINITION_REPRESENTATION(#12245,#12261);
#12241=SHAPE_DEFINITION_REPRESENTATION(#12254,#12262);
#12242=SHAPE_DEFINITION_REPRESENTATION(#12255,#12263);
#12243=PRODUCT_DEFINITION_SHAPE('',$,#12265);
#12244=PRODUCT_DEFINITION_SHAPE('',$,#12266);
#12245=PRODUCT_DEFINITION_SHAPE('',$,#12267);
#12246=PRODUCT_DEFINITION_SHAPE($,$,#101);
#12247=PRODUCT_DEFINITION_SHAPE($,$,#102);
#12248=PRODUCT_DEFINITION_SHAPE($,$,#103);
#12249=PRODUCT_DEFINITION_SHAPE($,$,#104);
#12250=PRODUCT_DEFINITION_SHAPE($,$,#105);
#12251=PRODUCT_DEFINITION_SHAPE($,$,#106);
#12252=PRODUCT_DEFINITION_SHAPE($,$,#107);
#12253=PRODUCT_DEFINITION_SHAPE($,$,#108);
#12254=PRODUCT_DEFINITION_SHAPE('',$,#12268);
#12255=PRODUCT_DEFINITION_SHAPE('',$,#12269);
#12256=PRODUCT_DEFINITION_SHAPE($,$,#109);
#12257=PRODUCT_DEFINITION_SHAPE($,$,#110);
#12258=PRODUCT_DEFINITION_SHAPE($,$,#111);
#12259=SHAPE_REPRESENTATION('',(#7312,#7867,#7868,#7869),#12228);
#12260=SHAPE_REPRESENTATION('',(#7313,#7334,#7335,#7336,#7337,#7338,#7339,
#7340,#7341),#12229);
#12261=SHAPE_REPRESENTATION('',(#7314),#12230);
#12262=SHAPE_REPRESENTATION('',(#7342),#12231);
#12263=SHAPE_REPRESENTATION('',(#7667),#12232);
#12264=PRODUCT_DEFINITION_CONTEXT('part definition',#12281,'design');
#12265=PRODUCT_DEFINITION('2026-08-21-23-40-45-900','TCX5108-0111177',#12270,
#12264);
#12266=PRODUCT_DEFINITION('2026-08-21-23-48-29-561','contact',#12271,#12264);
#12267=PRODUCT_DEFINITION('2026-08-21-23-29-25-017','contact',#12272,#12264);
#12268=PRODUCT_DEFINITION('2026-08-21-21-50-54-923','frame',#12273,#12264);
#12269=PRODUCT_DEFINITION('2026-08-21-23-05-08-010','plastic',#12274,#12264);
#12270=PRODUCT_DEFINITION_FORMATION('',$,#12283);
#12271=PRODUCT_DEFINITION_FORMATION('',$,#12284);
#12272=PRODUCT_DEFINITION_FORMATION('',$,#12285);
#12273=PRODUCT_DEFINITION_FORMATION('',$,#12286);
#12274=PRODUCT_DEFINITION_FORMATION('',$,#12287);
#12275=PRODUCT_RELATED_PRODUCT_CATEGORY('TCX5108-0111177',
'TCX5108-0111177',(#12283));
#12276=PRODUCT_RELATED_PRODUCT_CATEGORY('contact','contact',(#12284));
#12277=PRODUCT_RELATED_PRODUCT_CATEGORY('contact','contact',(#12285));
#12278=PRODUCT_RELATED_PRODUCT_CATEGORY('frame','frame',(#12286));
#12279=PRODUCT_RELATED_PRODUCT_CATEGORY('plastic','plastic',(#12287));
#12280=APPLICATION_PROTOCOL_DEFINITION('international standard',
'automotive_design',2009,#12281);
#12281=APPLICATION_CONTEXT(
'Core Data for Automotive Mechanical Design Process');
#12282=PRODUCT_CONTEXT('part definition',#12281,'mechanical');
#12283=PRODUCT('2026-08-21-23-40-45-900','TCX5108-0111177',$,(#12282));
#12284=PRODUCT('2026-08-21-23-48-29-561','contact',$,(#12282));
#12285=PRODUCT('2026-08-21-23-29-25-017','contact',$,(#12282));
#12286=PRODUCT('2026-08-21-21-50-54-923','frame',$,(#12282));
#12287=PRODUCT('2026-08-21-23-05-08-010','plastic',$,(#12282));
#12288=PRESENTATION_STYLE_ASSIGNMENT((#12293));
#12289=PRESENTATION_STYLE_ASSIGNMENT((#12294));
#12290=PRESENTATION_STYLE_ASSIGNMENT((#12295));
#12291=PRESENTATION_STYLE_ASSIGNMENT((#12296));
#12292=PRESENTATION_STYLE_ASSIGNMENT((NULL_STYLE(.NULL.)));
#12293=SURFACE_STYLE_USAGE(.BOTH.,#12297);
#12294=SURFACE_STYLE_USAGE(.BOTH.,#12298);
#12295=SURFACE_STYLE_USAGE(.BOTH.,#12299);
#12296=SURFACE_STYLE_USAGE(.BOTH.,#12300);
#12297=SURFACE_SIDE_STYLE('',(#12301));
#12298=SURFACE_SIDE_STYLE('',(#12302));
#12299=SURFACE_SIDE_STYLE('',(#12303));
#12300=SURFACE_SIDE_STYLE('',(#12304));
#12301=SURFACE_STYLE_FILL_AREA(#12305);
#12302=SURFACE_STYLE_FILL_AREA(#12306);
#12303=SURFACE_STYLE_FILL_AREA(#12307);
#12304=SURFACE_STYLE_FILL_AREA(#12308);
#12305=FILL_AREA_STYLE('\X2\92FC\X0\ - \X2\30B530C630F3\X0\',(#12309));
#12306=FILL_AREA_STYLE('\X2\91D1\X0\ - \X2\3064308451FA3057\X0\',(#12310));
#12307=FILL_AREA_STYLE('\X2\30CB30C330B130EB\X0\ - \X2\30B530C630F3\X0\',
(#12311));
#12308=FILL_AREA_STYLE('\X2\30D730E930B930C130C330AF\X0\ - \X2\51496CA2\X0\(
\X2\9ED2\X0\)',(#12312));
#12309=FILL_AREA_STYLE_COLOUR('\X2\92FC\X0\ - \X2\30B530C630F3\X0\',#12313);
#12310=FILL_AREA_STYLE_COLOUR('\X2\91D1\X0\ - \X2\3064308451FA3057\X0\',
#12314);
#12311=FILL_AREA_STYLE_COLOUR('\X2\30CB30C330B130EB\X0\ - \X2\30B530C630F3\X0\',
#12315);
#12312=FILL_AREA_STYLE_COLOUR('\X2\30D730E930B930C130C330AF\X0\ - \X2\51496CA2\X0\(
\X2\9ED2\X0\)',#12316);
#12313=COLOUR_RGB('\X2\92FC\X0\ - \X2\30B530C630F3\X0\',0.627450980392157,
0.627450980392157,0.627450980392157);
#12314=COLOUR_RGB('\X2\91D1\X0\ - \X2\3064308451FA3057\X0\',0.956862745098039,
0.898039215686275,0.654901960784314);
#12315=COLOUR_RGB('\X2\30CB30C330B130EB\X0\ - \X2\30B530C630F3\X0\',0.819607843137255,
0.8,0.752941176470588);
#12316=COLOUR_RGB('\X2\30D730E930B930C130C330AF\X0\ - \X2\51496CA2\X0\(
\X2\9ED2\X0\)',0.0980392156862745,0.0980392156862745,0.0980392156862745);
ENDSEC;
END-ISO-10303-21;
